[13:11:18.143] ------------------------------
[13:11:18.168] MelonLoader v0.6.1 Open-Beta
[13:11:18.170] OS: Windows 11
[13:11:18.170] Hash Code: 696B58144EEC73C72FA36A811CA73312EEE4EC28AD5E3527BDA1E14F388A
[13:11:18.170] ------------------------------
[13:11:18.171] Game Type: Il2cpp
[13:11:18.171] Game Arch: x64
[13:11:18.171] ------------------------------
[13:11:18.171] Core::BasePath = C:\Program Files (x86)\Steam\steamapps\common\smt3hd
[13:11:18.172] Game::BasePath = C:\Program Files (x86)\Steam\steamapps\common\smt3hd
[13:11:18.172] Game::DataPath = C:\Program Files (x86)\Steam\steamapps\common\smt3hd\smt3hd_Data
[13:11:18.172] Game::ApplicationPath = C:\Program Files (x86)\Steam\steamapps\common\smt3hd\smt3hd.exe
[13:11:18.172] Runtime Type: net6
[13:11:18.422] ------------------------------
[13:11:18.423] Game Name: smt3hd
[13:11:18.424] Game Developer: アトラス
[13:11:18.426] Unity Version: 2019.4.10f1
[13:11:18.426] Game Version: 1.0.4
[13:11:18.426] ------------------------------

[13:11:18.947] Preferences Loaded!

[13:11:18.960] Loading Plugins from 'C:\Program Files (x86)\Steam\steamapps\common\smt3hd\Plugins'...
[13:11:18.961] 0 Plugins loaded.
[13:11:20.098] [MelonStartScreen] Initializing...
[13:11:20.122] [MelonStartScreen] Using Start Screen Theme: "Default"
[13:11:20.479] [MelonStartScreen] Exception while init rendering: System.TypeInitializationException: The type initializer for 'MelonUnityEngine.Texture2D' threw an exception.
 ---> System.Exception: Unable to find method System.Void .ctor(System.Int32, System.Int32)
   at UnhollowerMini.UnityInternals.GetMethod(IntPtr clazz, String name, String returntype, String[] parameters) in D:\a\MelonLoader\MelonLoader\Dependencies\MelonStartScreen\UnhollowerMini\UnityInternals.cs:line 238
   at MelonUnityEngine.Texture2D..cctor() in D:\a\MelonLoader\MelonLoader\Dependencies\MelonStartScreen\UnityEngine\CoreModule\Texture2D.cs:line 26
   --- End of inner exception stack trace ---
   at MelonUnityEngine.Texture2D..ctor(Int32 width, Int32 height) in D:\a\MelonLoader\MelonLoader\Dependencies\MelonStartScreen\UnityEngine\CoreModule\Texture2D.cs:line 56
   at MelonLoader.MelonStartScreen.UI.UI_Utils.CreateColorTexture(Color color) in D:\a\MelonLoader\MelonLoader\Dependencies\MelonStartScreen\UI\UI_Utils.cs:line 11
   at MelonLoader.MelonStartScreen.UI.Objects.UI_Background..ctor(cBackground backgroundSettings) in D:\a\MelonLoader\MelonLoader\Dependencies\MelonStartScreen\UI\Objects\UI_Background.cs:line 16
   at MelonLoader.MelonStartScreen.UI.UI_Style.Init() in D:\a\MelonLoader\MelonLoader\Dependencies\MelonStartScreen\UI\UI_Style.cs:line 16
   at MelonLoader.MelonStartScreen.ScreenRenderer.Init() in D:\a\MelonLoader\MelonLoader\Dependencies\MelonStartScreen\ScreenRenderer.cs:line 38
[13:11:20.489] Loading Il2CppAssemblyGenerator...
[13:11:20.505] [Il2CppAssemblyGenerator] Contacting RemoteAPI...
[13:11:20.669] [Il2CppAssemblyGenerator] Game Not Found on RemoteAPI Host (https://api.melonloader.com/api/v1/game/smt3hd)
[13:11:20.669] [Il2CppAssemblyGenerator] RemoteAPI.DumperVersion = null
[13:11:20.670] [Il2CppAssemblyGenerator] RemoteAPI.ObfuscationRegex = null
[13:11:20.670] [Il2CppAssemblyGenerator] RemoteAPI.MappingURL = null
[13:11:20.670] [Il2CppAssemblyGenerator] RemoteAPI.MappingFileSHA512 = null
[13:11:20.675] [Il2CppAssemblyGenerator] Using Dumper Version: 2022.1.0-pre-release.10
[13:11:20.676] [Il2CppAssemblyGenerator] Using Il2CppInterop Version = 1.4.5
[13:11:20.676] [Il2CppAssemblyGenerator] Using Unity Dependencies Version = 2019.4.10
[13:11:20.676] [Il2CppAssemblyGenerator] Using Deobfuscation Regex = null
[13:11:20.676] [Il2CppAssemblyGenerator] Cpp2IL is up to date.
[13:11:20.676] [Il2CppAssemblyGenerator] UnityDependencies is up to date.
[13:11:20.677] [Il2CppAssemblyGenerator] Checking GameAssembly...
[13:11:21.177] [Il2CppAssemblyGenerator] Assembly is up to date. No Generation Needed.

[13:11:21.207] Loading Mods from 'C:\Program Files (x86)\Steam\steamapps\common\smt3hd\Mods'...
[13:11:21.208] ------------------------------
[13:11:21.211] Melon Assembly loaded: '.\Mods\DemonsCanUseItems.dll'
[13:11:21.211] SHA256 Hash: '93839a47a971a3b711253efc866c7e08c28a1e34b9d6a58c1ec26778180e5002'
[13:11:21.213] Melon Assembly loaded: '.\Mods\early_compendium.dll'
[13:11:21.213] SHA256 Hash: '50bb0223993898b272384385e2819d8f9cebc6adc2b766edd5be3dcacffaa513'
[13:11:21.214] Melon Assembly loaded: '.\Mods\everyone_gets_exp_100percent_06.dll'
[13:11:21.214] SHA256 Hash: '2a42841081864149a300fc54795f25f6961ef29dc2998b94066667d919f13cd7'
[13:11:21.215] Melon Assembly loaded: '.\Mods\FixedEncounterRadar.dll'
[13:11:21.216] SHA256 Hash: 'a3f0af64288716f513e2b730ec324fa027f1f18905a9ed71ab3b6abe310c9fd4'
[13:11:21.217] Melon Assembly loaded: '.\Mods\KeptSuspense.dll'
[13:11:21.217] SHA256 Hash: '25e601d463e508cf41fa3f5ecc4bcf043e3c1464ef159f52cc9526e45ef55b84'
[13:11:21.218] Melon Assembly loaded: '.\Mods\modern_press_turns_smtv_06.dll'
[13:11:21.218] SHA256 Hash: '2baee84c067b96637df00fcf9cc8eeb13068f92618532f0e9ed70568985a9f42'
[13:11:21.220] Melon Assembly loaded: '.\Mods\MoonKing.dll'
[13:11:21.220] SHA256 Hash: '1f69fbc2e36864b00aa56bf880c19750e9e4011f640cf966ec97596428d9383d'
[13:11:21.221] Melon Assembly loaded: '.\Mods\Nocturne Framerate Mod.dll'
[13:11:21.221] SHA256 Hash: 'ee80ccc6b4c11fe99ca128d0dec858bd5108632eaf814fe7d5b7e9a8de1b7440'
[13:11:21.223] Melon Assembly loaded: '.\Mods\Nocturne Minimap for Melon060.dll'
[13:11:21.223] SHA256 Hash: '89861733204e01aba77db222fa9c91ce01f7d40a79d9775969a6ca4169f6b242'
[13:11:21.224] Melon Assembly loaded: '.\Mods\NocturneDetailedSkillInfo.dll'
[13:11:21.224] SHA256 Hash: 'eb71e7519bcd61dd1ad7aeb2ac777fab3882f75ecfe0d89a670adc874dd5b849'
[13:11:21.226] Melon Assembly loaded: '.\Mods\NocturneKeyboardInput.dll'
[13:11:21.226] SHA256 Hash: '39dac1bb0b0ea192050728f2d65d424fd84d40671ee384bd25983e3242118e6d'
[13:11:21.227] Melon Assembly loaded: '.\Mods\NocturneModernController.dll'
[13:11:21.227] SHA256 Hash: 'a9ca22d0aa04625ee192dbea905d1bacae9df8484ceb31905573893a50893743'
[13:11:21.266] Melon Assembly loaded: '.\Mods\NocturneModernGameplay.dll'
[13:11:21.266] SHA256 Hash: 'ba38727c27b8c1b24e963ccea9e30513c5f8156253f3ad9866894a782e5a7057'
[13:11:21.268] Melon Assembly loaded: '.\Mods\no_interruptions.dll'
[13:11:21.268] SHA256 Hash: 'c905073b08a39542e1f16514eabe4cd2dd419a34bdea8f332ac66528c73f59b9'
[13:11:21.269] Melon Assembly loaded: '.\Mods\PreyEyes2.dll'
[13:11:21.269] SHA256 Hash: '616c30db303b296d7dfd89989595d68a641b01f26c0fac4287faff91f5ef77fe'
[13:11:21.271] Melon Assembly loaded: '.\Mods\PuzzleBoyManiax.dll'
[13:11:21.271] SHA256 Hash: '6d4ff225b470d252ad203d01ada6562d14353f836b1a025d0685271753b38fc8'
[13:11:21.272] Melon Assembly loaded: '.\Mods\QuickPass.dll'
[13:11:21.272] SHA256 Hash: '0bbef064f948270a4bbf994bd29dc8fc80bfac8d895aaa4bceb7a194d0548618'
[13:11:21.273] Melon Assembly loaded: '.\Mods\ReworkedMitamaFusion.dll'
[13:11:21.273] SHA256 Hash: '4c0d0a4450906d1ca28c4062344d00820123c416caf0962bbd63c7a2975fe14e'
[13:11:21.274] Melon Assembly loaded: '.\Mods\SafePassage.dll'
[13:11:21.275] SHA256 Hash: '7067d480aac7e99820e52d0bd74385578267e3b779b4a23a43c6a5434305e380'
[13:11:21.276] Melon Assembly loaded: '.\Mods\SkipIntro.dll'
[13:11:21.276] SHA256 Hash: '7263b3e34ffdf515cbefc421263c29aad739195f5e7a541a4fa670ce43835abb'
[13:11:21.277] Melon Assembly loaded: '.\Mods\SuspendSafe.dll'
[13:11:21.278] SHA256 Hash: 'eeacbd0365926b1f81b6357137c32ab648a650207b58b7a4b8ee9af160e46a10'

[13:11:21.386] ------------------------------
[13:11:21.386] Demons Can Use Items v1.0.2
[13:11:21.386] by Zephhyr
[13:11:21.386] Assembly: DemonsCanUseItems.dll
[13:11:21.386] ------------------------------
[13:11:21.389] ------------------------------
[13:11:21.389] Early Compendium v1.0.0
[13:11:21.389] by Matthiew Purple
[13:11:21.390] Assembly: early_compendium.dll
[13:11:21.390] ------------------------------
[13:11:21.392] ------------------------------
[13:11:21.392] Everyone Gets Experience 100% (0.6 ver.) v1.0.0
[13:11:21.392] by Matthiew Purple
[13:11:21.392] Assembly: everyone_gets_exp_100percent_06.dll
[13:11:21.392] ------------------------------
[13:11:21.394] ------------------------------
[13:11:21.394] Fixed Encounter Radar v1.0
[13:11:21.394] by bud
[13:11:21.394] Assembly: FixedEncounterRadar.dll
[13:11:21.395] ------------------------------
[13:11:21.397] ------------------------------
[13:11:21.397] KeptSuspense v1.0.0
[13:11:21.397] by local
[13:11:21.397] Assembly: KeptSuspense.dll
[13:11:21.397] ------------------------------
[13:11:21.399] ------------------------------
[13:11:21.399] Modern Press Turns [SMT V] (0.6 ver.) v1.0.0
[13:11:21.399] by Matthiew Purple
[13:11:21.399] Assembly: modern_press_turns_smtv_06.dll
[13:11:21.399] ------------------------------
[13:11:21.400] ------------------------------
[13:11:21.401] MoonKing v1.0.0
[13:11:21.401] by local
[13:11:21.401] Assembly: MoonKing.dll
[13:11:21.401] ------------------------------
[13:11:21.402] ------------------------------
[13:11:21.403] Nocturne Graphics Configurator v1.74
[13:11:21.403] by vvdashdash
[13:11:21.403] Assembly: Nocturne Framerate Mod.dll
[13:11:21.403] ------------------------------
[13:11:21.405] ------------------------------
[13:11:21.405] Minimap mod v1.43
[13:11:21.405] by vv--
[13:11:21.406] Assembly: Nocturne Minimap for Melon060.dll
[13:11:21.406] ------------------------------
[13:11:21.407] ------------------------------
[13:11:21.407] Nocturne Detailed Skill Info v1.1.0-dev-magatama
[13:11:21.407] by Gray Ghost
[13:11:21.408] Assembly: NocturneDetailedSkillInfo.dll
[13:11:21.408] ------------------------------
[13:11:21.410] ------------------------------
[13:11:21.410] Nocturne Keyboard Input v0.18.2-auto-yes-quiet
[13:11:21.410] by Gray Ghost
[13:11:21.411] Assembly: NocturneKeyboardInput.dll
[13:11:21.411] ------------------------------
[13:11:21.413] ------------------------------
[13:11:21.413] Nocturne Modern Controller v1.0.0
[13:11:21.413] by Gray Ghost
[13:11:21.414] Assembly: NocturneModernController.dll
[13:11:21.414] ------------------------------
[13:11:21.415] ------------------------------
[13:11:21.415] Nocturne Modern Gameplay v0.1.0
[13:11:21.416] by Gray Ghost
[13:11:21.416] Assembly: NocturneModernGameplay.dll
[13:11:21.416] ------------------------------
[13:11:21.418] ------------------------------
[13:11:21.418] No interruptions v1.0.0
[13:11:21.418] by Matthiew Purple
[13:11:21.419] Assembly: no_interruptions.dll
[13:11:21.419] ------------------------------
[13:11:21.420] ------------------------------
[13:11:21.421] PreyEyes2 v2.5.5
[13:11:21.421] by local
[13:11:21.421] Assembly: PreyEyes2.dll
[13:11:21.421] ------------------------------
[13:11:21.423] ------------------------------
[13:11:21.423] Puzzle Boy Maniax Edition v1.0.0
[13:11:21.423] by pomariin
[13:11:21.423] Assembly: PuzzleBoyManiax.dll
[13:11:21.424] ------------------------------
[13:11:21.425] ------------------------------
[13:11:21.425] QuickPass v1.0.0
[13:11:21.425] by local
[13:11:21.427] Assembly: QuickPass.dll
[13:11:21.427] ------------------------------
[13:11:21.429] ------------------------------
[13:11:21.429] Reworked Mitama Fusion v1.0.2
[13:11:21.429] by Zephhyr
[13:11:21.429] Assembly: ReworkedMitamaFusion.dll
[13:11:21.430] ------------------------------
[13:11:21.431] ------------------------------
[13:11:21.431] SafePassage v1.0.0
[13:11:21.431] by local
[13:11:21.432] Assembly: SafePassage.dll
[13:11:21.432] ------------------------------
[13:11:21.433] ------------------------------
[13:11:21.433] SkipIntro v1.0.0
[13:11:21.433] by local
[13:11:21.434] Assembly: SkipIntro.dll
[13:11:21.434] ------------------------------
[13:11:21.435] ------------------------------
[13:11:21.436] SuspendSafe v1.0.0
[13:11:21.436] by local
[13:11:21.436] Assembly: SuspendSafe.dll
[13:11:21.436] ------------------------------
[13:11:21.436] ------------------------------
[13:11:21.436] 21 Mods loaded.

[13:11:23.192] Registered mono type Il2CppInterop.Runtime.DelegateSupport+Il2CppToMonoDelegateReference in il2cpp domain
[13:11:23.212] Registered mono type MelonLoader.Support.MonoEnumeratorWrapper in il2cpp domain
[13:11:23.214] Registered mono type MelonLoader.Support.SM_Component in il2cpp domain
[13:11:23.288] Support Module Loaded: C:\Program Files (x86)\Steam\steamapps\common\smt3hd\MelonLoader\Dependencies\SupportModules\Il2Cpp.dll
[13:11:24.480] [KeptSuspense] KeptSuspense: slContinueYesNoProc hooked.
[13:11:24.481] [KeptSuspense] KeptSuspense: slLoadData resolved.
[13:11:24.481] [KeptSuspense] KeptSuspense: dialog skip + suspend preserve active.
[13:11:24.481] [MoonKing] MoonKing: D-pad Down toggles Full/New Moon.
[13:11:24.489] FileSystemWatcher Exception: System.ArgumentException: The directory name  is invalid. (Parameter 'path')
   at System.IO.FileSystemWatcher.CheckPathValidity(String path)
   at System.IO.FileSystemWatcher..ctor(String path, String filter)
   at MelonLoader.Preferences.IO.Watcher..ctor(File preffile) in D:\a\MelonLoader\MelonLoader\MelonLoader\Preferences\IO\Watcher.cs:line 31
[13:11:24.491] [Nocturne_Graphics_Configurator] Mod config loaded.
[13:11:24.493] [Nocturne_Graphics_Configurator] Framerate mod enabled (60 FPS target).
[13:11:24.495] [Nocturne_Detailed_Skill_Info] Nocturne Detailed Skill Info 1.1.0-dev Magatama Skill Levels initialized.
[13:11:24.496] [Nocturne_Detailed_Skill_Info] Verified Detailed Skill Info enabled (Japanese / English).
[13:11:24.519] [Nocturne_Detailed_Skill_Info] Harmony patch registration complete.
[13:11:24.520] [Nocturne_Keyboard_Input] [NocturneKeyboardInput] Loaded config: C:\Program Files (x86)\Steam\steamapps\common\smt3hd\UserData\NocturneKeyboardInput.cfg
[13:11:24.529] [Nocturne_Keyboard_Input] [NocturneKeyboardInput] Loaded quiet automatic-YES v0.18.2
[13:11:24.530] [Nocturne_Keyboard_Input] [NocturneKeyboardInput] Target names: Surname="嘉嶋", GivenName="尚紀", Nickname="人修羅"
[13:11:24.530] [Nocturne_Keyboard_Input] [NocturneKeyboardInput] At the first surname palette, keep the cursor on a normal character and press F8 to open the Japanese IME input window.
[13:11:24.553] [Nocturne_Modern_Controller] [NocturneModernController] SMART-AUTO knowledge loaded: demons=10.
[13:11:24.609] [Nocturne_Modern_Controller] [NocturneModernController] External SDL input helper requested through Explorer.
[13:11:24.625] [Nocturne_Modern_Controller] [NocturneModernController] Dash loaded: hold LT/RT/P; press LT+RT to toggle dash keep.
[13:11:24.626] [Nocturne_Modern_Controller] [NocturneModernController] Native right-stick dungeon camera loaded; legacy LB/RB field turn suppressed, BATTLE untouched.
[13:11:24.627] [Nocturne_Modern_Gameplay] [NocturneModernGameplay] SharedSkillChangeOuterGateControl resolved; site vanilla-or-known.
[13:11:24.629] [Nocturne_Modern_Gameplay] [NocturneModernGameplay] SkillMutationChanceControl resolved; all sites vanilla-or-known.
[13:11:24.630] [Nocturne_Modern_Gameplay] [NocturneModernGameplay] SkillMutationChanceControl mode set; mode=Native.
[13:11:24.631] [Nocturne_Modern_Gameplay] [NocturneModernGameplay] SkillPowerUpChanceControl resolved; all sites vanilla-or-known.
[13:11:24.632] [Nocturne_Modern_Gameplay] [NocturneModernGameplay] SkillPowerUpChanceControl mode set; mode=Native.
[13:11:24.634] [Nocturne_Modern_Gameplay] [NocturneModernGameplay] SkillMutationChanceControl mode set; mode=Native.
[13:11:24.634] [Nocturne_Modern_Gameplay] [NocturneModernGameplay] SkillPowerUpChanceControl mode set; mode=Always.
[13:11:24.634] [Nocturne_Modern_Gameplay] [NocturneModernGameplay] SharedOuterGate; mutationMode=Native powerUpMode=Always forcePass=True bytes=A8 00.
[13:11:24.635] [Nocturne_Modern_Gameplay] [NocturneModernGameplay] Gameplay settings loaded; SkillMutation.Chance=Native SkillPowerUp.Chance=Always SkillPowerUp.Repeat=Unlimited.
[13:11:24.638] [Nocturne_Modern_Gameplay] [NocturneModernGameplay] GETDEFAULTSKILL-PATCH-STATUS; methodInfo=FOUND; declaringType=Il2Cpp.rstcalc; prefixes=1; postfixes=1; functionPointer=0x7FF806A2C568.
[13:11:24.638] [Nocturne_Modern_Gameplay] [NocturneModernGameplay] SKILLDRAWLIST-PATCH-STATUS; methodInfo=FOUND; declaringType=Il2Cpp.cmpDrawSkill; prefixes=1; postfixes=0; functionPointer=0x7FF806A32258.
[13:11:24.639] [Nocturne_Modern_Gameplay] [NocturneModernGameplay] SKILLNAMECOSTDRAW-PATCH-STATUS; methodInfo=FOUND; declaringType=Il2Cpp.cmpDrawSkill; prefixes=1; postfixes=0; functionPointer=0x7FF806A32238.
[13:11:24.639] [Nocturne_Modern_Gameplay] [NocturneModernGameplay] SKILLCUROBJ-SETACTIVE-PATCH-STATUS; methodInfo=FOUND; prefixes=1; functionPointer=0x7FF8069C1F00.
[13:11:24.639] [Nocturne_Modern_Gameplay] [NocturneModernGameplay] MAKESTRCOL-PATCH-STATUS; methodInfo=FOUND; declaringType=Il2Cpp.cmpMisc; prefixes=1; postfixes=0; functionPointer=0x7FF806A1E7E0.
[13:11:24.640] [Nocturne_Modern_Gameplay] [NocturneModernGameplay] CMPMENUCURSOR-PATCH-STATUS; methodInfo=FOUND; prefixes=1; functionPointer=0x7FF806A2E438.
[13:11:24.640] [Nocturne_Modern_Gameplay] [NocturneModernGameplay] Loaded standalone; GUI metadata bridge is optional.
[13:11:24.779] [PreyEyes2] ReflectionCache: Texture2D 4-param ctor found, TextureFormat type=TextureFormat
[13:11:24.962] [PreyEyes2] ReflectionCache: set_color resolved from Graphic.NativeMethodInfoPtr_set_color_Public_Virtual_New_set_Void_Color_0
[13:11:24.962] [PreyEyes2] ReflectionCache: Init complete. GO=OK Canvas=OK Image=OK RawImage=OK Color=OK RT=OK Text=OK(TMP) Animator=OK Sprite=OK
[13:11:24.962] [PreyEyes2] ReflectionCache: Natives: GetUnitWork=OK GetUnitID=OK datGetAisyo=OK frGetNameString=OK set_color=OK
[13:11:24.964] [PreyEyes2] AffinityBoard: style=SMT3
[13:11:24.964] [PreyEyes2] KnowledgeStore: file=C:\Program Files (x86)\Steam\steamapps\common\smt3hd\Mods\PreyEyes2_knowledge.json
[13:11:25.230] [PreyEyes2] nbDrawTargetCursor hooked at 0x7FFF406ABF40
[13:11:25.241] [PreyEyes2] Found SetAnalyzePacket on nbActionProcess
[13:11:25.499] [PreyEyes2] SetAnalyzePacket hooked.
[13:11:25.503] [PreyEyes2] Found cmbGetStatTarget on fclCombineAct
[13:11:25.767] [PreyEyes2] cmbGetStatTarget hooked.
[13:11:25.771] [PreyEyes2] Found datAddDevil on datCalc
[13:11:26.027] [PreyEyes2] datAddDevil hooked.
[13:11:26.028] [PreyEyes2] PreyEyes2: AnyMenu not found — no menu integration.
[13:11:26.028] [PreyEyes2] PreyEyes2 v2.5.5 initialized.
[13:11:26.030] [Puzzle_Boy_Maniax_Edition] MelonPreferences Loaded from C:\Program Files (x86)\Steam\steamapps\common\smt3hd\UserData\ModsCfg\PuzzleBoyManiax.cfg
[13:11:26.030] [QuickPass] QuickPass: R1=Pass, L1=Escape.
[13:11:26.030] [SafePassage] SafePassage: D-pad Up to toggle random encounters.
[13:11:26.292] [SkipIntro] SkipIntro v17: dds3TitleInit hooked.
[13:11:26.292] [SuspendSafe] SuspendSafe: Press R3 to quicksave. Resume from title screen.
[13:11:26.456] [Puzzle_Boy_Maniax_Edition] Puzzle Boy has been patched successfully.
[13:11:26.502] During invoking native->managed trampoline
[13:11:26.502] During invoking native->managed trampoline
[13:11:26.503] During invoking native->managed trampoline
[13:11:26.503] During invoking native->managed trampoline
[13:11:26.503] During invoking native->managed trampoline
[13:11:26.505] [Nocturne_Modern_Controller] [NocturneModernController] External SDL gamepad input connected.
[13:11:26.509] [Nocturne_Modern_Gameplay] [NocturneModernGameplay] SkillMutationChanceControl mode set; mode=Native.
[13:11:26.510] [Nocturne_Modern_Gameplay] [NocturneModernGameplay] SETTINGS-RELOAD; sourceMutationChance=Native; sourcePowerUpChance=Always; sourceRepeat=Unlimited; appliedMutationChance=Native; appliedPowerUpChance=Always; appliedRepeat=Unlimited.
[13:11:26.692] During invoking native->managed trampoline
[13:11:26.693] During invoking native->managed trampoline
[13:11:26.693] During invoking native->managed trampoline
[13:11:26.693] During invoking native->managed trampoline
[13:11:26.693] During invoking native->managed trampoline
[13:11:26.694] During invoking native->managed trampoline
[13:11:26.695] During invoking native->managed trampoline
[13:11:26.695] During invoking native->managed trampoline
[13:11:26.695] During invoking native->managed trampoline
[13:11:26.695] During invoking native->managed trampoline
[13:11:26.696] During invoking native->managed trampoline
[13:11:26.696] During invoking native->managed trampoline
[13:11:26.696] During invoking native->managed trampoline
[13:11:26.697] During invoking native->managed trampoline
[13:11:26.697] During invoking native->managed trampoline
[13:11:26.698] During invoking native->managed trampoline
[13:11:26.698] During invoking native->managed trampoline
[13:11:26.698] During invoking native->managed trampoline
[13:11:26.698] During invoking native->managed trampoline
[13:11:26.699] During invoking native->managed trampoline
[13:11:26.700] During invoking native->managed trampoline
[13:11:26.700] During invoking native->managed trampoline
[13:11:26.700] During invoking native->managed trampoline
[13:11:26.700] During invoking native->managed trampoline
[13:11:26.701] During invoking native->managed trampoline
[13:11:26.701] During invoking native->managed trampoline
[13:11:26.701] During invoking native->managed trampoline
[13:11:26.701] During invoking native->managed trampoline
[13:11:26.702] During invoking native->managed trampoline
[13:11:26.702] During invoking native->managed trampoline
[13:11:26.702] During invoking native->managed trampoline
[13:11:26.703] During invoking native->managed trampoline
[13:11:26.703] During invoking native->managed trampoline
[13:11:26.703] During invoking native->managed trampoline
[13:11:26.703] During invoking native->managed trampoline
[13:11:26.704] During invoking native->managed trampoline
[13:11:26.704] During invoking native->managed trampoline
[13:11:26.704] During invoking native->managed trampoline
[13:11:26.704] During invoking native->managed trampoline
[13:11:26.705] During invoking native->managed trampoline
[13:11:26.705] During invoking native->managed trampoline
[13:11:26.705] During invoking native->managed trampoline
[13:11:26.707] During invoking native->managed trampoline
[13:11:26.707] During invoking native->managed trampoline
[13:11:26.707] During invoking native->managed trampoline
[13:11:26.707] During invoking native->managed trampoline
[13:11:26.707] During invoking native->managed trampoline
[13:11:26.708] During invoking native->managed trampoline
[13:11:26.708] During invoking native->managed trampoline
[13:11:26.708] During invoking native->managed trampoline
[13:11:26.709] During invoking native->managed trampoline
[13:11:26.709] During invoking native->managed trampoline
[13:11:26.709] During invoking native->managed trampoline
[13:11:26.709] During invoking native->managed trampoline
[13:11:26.709] During invoking native->managed trampoline
[13:11:26.710] During invoking native->managed trampoline
[13:11:26.710] During invoking native->managed trampoline
[13:11:26.710] During invoking native->managed trampoline
[13:11:26.711] During invoking native->managed trampoline
[13:11:26.711] During invoking native->managed trampoline
[13:11:26.722] During invoking native->managed trampoline
[13:11:26.723] During invoking native->managed trampoline
[13:11:26.723] During invoking native->managed trampoline
[13:11:26.723] During invoking native->managed trampoline
[13:11:26.724] During invoking native->managed trampoline
[13:11:26.743] During invoking native->managed trampoline
[13:11:26.744] During invoking native->managed trampoline
[13:11:26.744] During invoking native->managed trampoline
[13:11:26.744] During invoking native->managed trampoline
[13:11:26.745] During invoking native->managed trampoline
[13:11:26.750] During invoking native->managed trampoline
[13:11:26.750] During invoking native->managed trampoline
[13:11:26.750] During invoking native->managed trampoline
[13:11:26.751] During invoking native->managed trampoline
[13:11:26.751] During invoking native->managed trampoline
[13:11:26.763] During invoking native->managed trampoline
[13:11:26.764] During invoking native->managed trampoline
[13:11:26.764] During invoking native->managed trampoline
[13:11:26.764] During invoking native->managed trampoline
[13:11:26.764] During invoking native->managed trampoline
[13:11:26.770] During invoking native->managed trampoline
[13:11:26.770] During invoking native->managed trampoline
[13:11:26.771] During invoking native->managed trampoline
[13:11:26.771] During invoking native->managed trampoline
[13:11:26.771] During invoking native->managed trampoline
[13:11:26.777] During invoking native->managed trampoline
[13:11:26.777] During invoking native->managed trampoline
[13:11:26.778] During invoking native->managed trampoline
[13:11:26.778] During invoking native->managed trampoline
[13:11:26.778] During invoking native->managed trampoline
[13:11:26.784] During invoking native->managed trampoline
[13:11:26.784] During invoking native->managed trampoline
[13:11:26.785] During invoking native->managed trampoline
[13:11:26.785] During invoking native->managed trampoline
[13:11:26.785] During invoking native->managed trampoline
[13:11:26.791] During invoking native->managed trampoline
[13:11:26.791] During invoking native->managed trampoline
[13:11:26.791] During invoking native->managed trampoline
[13:11:26.792] During invoking native->managed trampoline
[13:11:26.792] During invoking native->managed trampoline
[13:11:26.798] During invoking native->managed trampoline
[13:11:26.798] During invoking native->managed trampoline
[13:11:26.798] During invoking native->managed trampoline
[13:11:26.799] During invoking native->managed trampoline
[13:11:26.799] During invoking native->managed trampoline
[13:11:26.805] During invoking native->managed trampoline
[13:11:26.805] During invoking native->managed trampoline
[13:11:26.805] During invoking native->managed trampoline
[13:11:26.806] During invoking native->managed trampoline
[13:11:26.806] During invoking native->managed trampoline
[13:11:26.812] During invoking native->managed trampoline
[13:11:26.812] During invoking native->managed trampoline
[13:11:26.812] During invoking native->managed trampoline
[13:11:26.812] During invoking native->managed trampoline
[13:11:26.813] During invoking native->managed trampoline
[13:11:26.819] During invoking native->managed trampoline
[13:11:26.819] During invoking native->managed trampoline
[13:11:26.819] During invoking native->managed trampoline
[13:11:26.819] During invoking native->managed trampoline
[13:11:26.819] During invoking native->managed trampoline
[13:11:26.827] During invoking native->managed trampoline
[13:11:26.827] During invoking native->managed trampoline
[13:11:26.827] During invoking native->managed trampoline
[13:11:26.827] During invoking native->managed trampoline
[13:11:26.828] During invoking native->managed trampoline
[13:11:26.833] During invoking native->managed trampoline
[13:11:26.833] During invoking native->managed trampoline
[13:11:26.833] During invoking native->managed trampoline
[13:11:26.833] During invoking native->managed trampoline
[13:11:26.833] During invoking native->managed trampoline
[13:11:26.840] During invoking native->managed trampoline
[13:11:26.840] During invoking native->managed trampoline
[13:11:26.840] During invoking native->managed trampoline
[13:11:26.840] During invoking native->managed trampoline
[13:11:26.840] During invoking native->managed trampoline
[13:11:26.847] During invoking native->managed trampoline
[13:11:26.847] During invoking native->managed trampoline
[13:11:26.848] During invoking native->managed trampoline
[13:11:26.848] During invoking native->managed trampoline
[13:11:26.848] During invoking native->managed trampoline
[13:11:26.854] During invoking native->managed trampoline
[13:11:26.854] During invoking native->managed trampoline
[13:11:26.854] During invoking native->managed trampoline
[13:11:26.854] During invoking native->managed trampoline
[13:11:26.854] During invoking native->managed trampoline
[13:11:26.860] During invoking native->managed trampoline
[13:11:26.861] During invoking native->managed trampoline
[13:11:26.861] During invoking native->managed trampoline
[13:11:26.861] During invoking native->managed trampoline
[13:11:26.861] During invoking native->managed trampoline
[13:11:26.867] During invoking native->managed trampoline
[13:11:26.868] During invoking native->managed trampoline
[13:11:26.868] During invoking native->managed trampoline
[13:11:26.868] During invoking native->managed trampoline
[13:11:26.868] During invoking native->managed trampoline
[13:11:26.874] During invoking native->managed trampoline
[13:11:26.875] During invoking native->managed trampoline
[13:11:26.875] During invoking native->managed trampoline
[13:11:26.875] During invoking native->managed trampoline
[13:11:26.876] During invoking native->managed trampoline
[13:11:26.881] During invoking native->managed trampoline
[13:11:26.881] During invoking native->managed trampoline
[13:11:26.897] During invoking native->managed trampoline
[13:11:26.898] During invoking native->managed trampoline
[13:11:26.898] During invoking native->managed trampoline
[13:11:26.898] During invoking native->managed trampoline
[13:11:26.899] During invoking native->managed trampoline
[13:11:26.899] During invoking native->managed trampoline
[13:11:26.899] During invoking native->managed trampoline
[13:11:26.900] During invoking native->managed trampoline
[13:11:26.900] During invoking native->managed trampoline
[13:11:26.900] During invoking native->managed trampoline
[13:11:26.901] During invoking native->managed trampoline
[13:11:26.901] During invoking native->managed trampoline
[13:11:26.901] During invoking native->managed trampoline
[13:11:26.902] During invoking native->managed trampoline
[13:11:26.902] During invoking native->managed trampoline
[13:11:26.903] During invoking native->managed trampoline
[13:11:26.903] During invoking native->managed trampoline
[13:11:26.903] During invoking native->managed trampoline
[13:11:26.926] During invoking native->managed trampoline
[13:11:26.927] During invoking native->managed trampoline
[13:11:26.927] During invoking native->managed trampoline
[13:11:26.927] During invoking native->managed trampoline
[13:11:26.928] During invoking native->managed trampoline
[13:11:26.932] During invoking native->managed trampoline
[13:11:26.932] During invoking native->managed trampoline
[13:11:26.933] During invoking native->managed trampoline
[13:11:26.933] During invoking native->managed trampoline
[13:11:26.933] During invoking native->managed trampoline
[13:11:26.939] During invoking native->managed trampoline
[13:11:26.939] During invoking native->managed trampoline
[13:11:26.939] During invoking native->managed trampoline
[13:11:26.940] During invoking native->managed trampoline
[13:11:26.940] During invoking native->managed trampoline
[13:11:26.944] During invoking native->managed trampoline
[13:11:26.944] During invoking native->managed trampoline
[13:11:26.944] During invoking native->managed trampoline
[13:11:26.945] During invoking native->managed trampoline
[13:11:26.945] During invoking native->managed trampoline
[13:11:26.951] During invoking native->managed trampoline
[13:11:26.951] During invoking native->managed trampoline
[13:11:26.951] During invoking native->managed trampoline
[13:11:26.951] During invoking native->managed trampoline
[13:11:26.952] During invoking native->managed trampoline
[13:11:26.958] During invoking native->managed trampoline
[13:11:26.958] During invoking native->managed trampoline
[13:11:26.958] During invoking native->managed trampoline
[13:11:26.958] During invoking native->managed trampoline
[13:11:26.958] During invoking native->managed trampoline
[13:11:26.966] During invoking native->managed trampoline
[13:11:26.966] During invoking native->managed trampoline
[13:11:26.966] During invoking native->managed trampoline
[13:11:26.966] During invoking native->managed trampoline
[13:11:26.967] During invoking native->managed trampoline
[13:11:26.972] During invoking native->managed trampoline
[13:11:26.972] During invoking native->managed trampoline
[13:11:26.972] During invoking native->managed trampoline
[13:11:26.972] During invoking native->managed trampoline
[13:11:26.973] During invoking native->managed trampoline
[13:11:26.980] During invoking native->managed trampoline
[13:11:26.980] During invoking native->managed trampoline
[13:11:26.981] During invoking native->managed trampoline
[13:11:26.981] During invoking native->managed trampoline
[13:11:26.981] During invoking native->managed trampoline
[13:11:26.986] During invoking native->managed trampoline
[13:11:26.986] During invoking native->managed trampoline
[13:11:26.987] During invoking native->managed trampoline
[13:11:26.987] During invoking native->managed trampoline
[13:11:26.987] During invoking native->managed trampoline
[13:11:26.992] During invoking native->managed trampoline
[13:11:26.993] During invoking native->managed trampoline
[13:11:26.993] During invoking native->managed trampoline
[13:11:26.993] During invoking native->managed trampoline
[13:11:26.993] During invoking native->managed trampoline
[13:11:27.000] During invoking native->managed trampoline
[13:11:27.000] During invoking native->managed trampoline
[13:11:27.000] During invoking native->managed trampoline
[13:11:27.000] During invoking native->managed trampoline
[13:11:27.000] During invoking native->managed trampoline
[13:11:27.040] During invoking native->managed trampoline
[13:11:27.040] During invoking native->managed trampoline
[13:11:27.040] During invoking native->managed trampoline
[13:11:27.040] During invoking native->managed trampoline
[13:11:27.040] During invoking native->managed trampoline
[13:11:27.041] During invoking native->managed trampoline
[13:11:27.041] During invoking native->managed trampoline
[13:11:27.042] During invoking native->managed trampoline
[13:11:27.042] During invoking native->managed trampoline
[13:11:27.042] During invoking native->managed trampoline
[13:11:28.996] During invoking native->managed trampoline
[13:11:28.996] During invoking native->managed trampoline
[13:11:28.996] During invoking native->managed trampoline
[13:11:28.997] During invoking native->managed trampoline
[13:11:28.997] During invoking native->managed trampoline
[13:11:29.149] During invoking native->managed trampoline
[13:11:29.149] During invoking native->managed trampoline
[13:11:29.150] During invoking native->managed trampoline
[13:11:29.150] During invoking native->managed trampoline
[13:11:29.150] During invoking native->managed trampoline
[13:11:29.260] During invoking native->managed trampoline
[13:11:29.260] During invoking native->managed trampoline
[13:11:29.260] During invoking native->managed trampoline
[13:11:29.261] During invoking native->managed trampoline
[13:11:29.261] During invoking native->managed trampoline
[13:11:29.289] During invoking native->managed trampoline
[13:11:29.289] During invoking native->managed trampoline
[13:11:29.289] During invoking native->managed trampoline
[13:11:29.290] During invoking native->managed trampoline
[13:11:29.290] During invoking native->managed trampoline
[13:11:29.298] During invoking native->managed trampoline
[13:11:29.298] During invoking native->managed trampoline
[13:11:29.298] During invoking native->managed trampoline
[13:11:29.298] During invoking native->managed trampoline
[13:11:29.298] During invoking native->managed trampoline
[13:11:29.301] During invoking native->managed trampoline
[13:11:29.301] During invoking native->managed trampoline
[13:11:29.301] During invoking native->managed trampoline
[13:11:29.301] During invoking native->managed trampoline
[13:11:29.302] During invoking native->managed trampoline
[13:11:29.323] During invoking native->managed trampoline
[13:11:29.323] During invoking native->managed trampoline
[13:11:29.323] During invoking native->managed trampoline
[13:11:29.324] During invoking native->managed trampoline
[13:11:29.324] During invoking native->managed trampoline
[13:11:29.332] During invoking native->managed trampoline
[13:11:29.332] During invoking native->managed trampoline
[13:11:29.332] During invoking native->managed trampoline
[13:11:29.332] During invoking native->managed trampoline
[13:11:29.333] During invoking native->managed trampoline
[13:11:29.335] During invoking native->managed trampoline
[13:11:29.335] During invoking native->managed trampoline
[13:11:29.335] During invoking native->managed trampoline
[13:11:29.335] During invoking native->managed trampoline
[13:11:29.335] During invoking native->managed trampoline
[13:11:29.340] During invoking native->managed trampoline
[13:11:29.340] During invoking native->managed trampoline
[13:11:29.341] During invoking native->managed trampoline
[13:11:29.341] During invoking native->managed trampoline
[13:11:29.341] During invoking native->managed trampoline
[13:11:29.342] During invoking native->managed trampoline
[13:11:29.342] During invoking native->managed trampoline
[13:11:29.344] During invoking native->managed trampoline
[13:11:29.345] During invoking native->managed trampoline
[13:11:29.345] During invoking native->managed trampoline
[13:11:29.347] During invoking native->managed trampoline
[13:11:29.347] During invoking native->managed trampoline
[13:11:29.347] During invoking native->managed trampoline
[13:11:29.347] During invoking native->managed trampoline
[13:11:29.347] During invoking native->managed trampoline
[13:11:29.350] During invoking native->managed trampoline
[13:11:29.350] During invoking native->managed trampoline
[13:11:29.351] During invoking native->managed trampoline
[13:11:29.351] During invoking native->managed trampoline
[13:11:29.351] During invoking native->managed trampoline
[13:11:29.352] During invoking native->managed trampoline
[13:11:29.353] During invoking native->managed trampoline
[13:11:29.353] During invoking native->managed trampoline
[13:11:29.353] During invoking native->managed trampoline
[13:11:29.353] During invoking native->managed trampoline
[13:11:29.381] During invoking native->managed trampoline
[13:11:29.381] During invoking native->managed trampoline
[13:11:29.381] During invoking native->managed trampoline
[13:11:29.382] During invoking native->managed trampoline
[13:11:29.382] During invoking native->managed trampoline
[13:11:29.384] During invoking native->managed trampoline
[13:11:29.384] During invoking native->managed trampoline
[13:11:29.384] During invoking native->managed trampoline
[13:11:29.384] During invoking native->managed trampoline
[13:11:29.384] During invoking native->managed trampoline
[13:11:29.391] During invoking native->managed trampoline
[13:11:29.391] During invoking native->managed trampoline
[13:11:29.392] During invoking native->managed trampoline
[13:11:29.392] During invoking native->managed trampoline
[13:11:29.393] During invoking native->managed trampoline
[13:11:29.413] During invoking native->managed trampoline
[13:11:29.413] During invoking native->managed trampoline
[13:11:29.414] During invoking native->managed trampoline
[13:11:29.414] During invoking native->managed trampoline
[13:11:29.414] During invoking native->managed trampoline
[13:11:29.420] During invoking native->managed trampoline
[13:11:29.420] During invoking native->managed trampoline
[13:11:29.420] During invoking native->managed trampoline
[13:11:29.421] During invoking native->managed trampoline
[13:11:29.422] During invoking native->managed trampoline
[13:11:29.427] During invoking native->managed trampoline
[13:11:29.428] During invoking native->managed trampoline
[13:11:29.428] During invoking native->managed trampoline
[13:11:29.428] During invoking native->managed trampoline
[13:11:29.428] During invoking native->managed trampoline
[13:11:29.434] During invoking native->managed trampoline
[13:11:29.434] During invoking native->managed trampoline
[13:11:29.435] During invoking native->managed trampoline
[13:11:29.435] During invoking native->managed trampoline
[13:11:29.436] During invoking native->managed trampoline
[13:11:29.441] During invoking native->managed trampoline
[13:11:29.441] During invoking native->managed trampoline
[13:11:29.442] During invoking native->managed trampoline
[13:11:29.442] During invoking native->managed trampoline
[13:11:29.442] During invoking native->managed trampoline
[13:11:29.448] During invoking native->managed trampoline
[13:11:29.448] During invoking native->managed trampoline
[13:11:29.449] During invoking native->managed trampoline
[13:11:29.449] During invoking native->managed trampoline
[13:11:29.449] During invoking native->managed trampoline
[13:11:29.455] During invoking native->managed trampoline
[13:11:29.455] During invoking native->managed trampoline
[13:11:29.456] During invoking native->managed trampoline
[13:11:29.456] During invoking native->managed trampoline
[13:11:29.456] During invoking native->managed trampoline
[13:11:29.462] During invoking native->managed trampoline
[13:11:29.462] During invoking native->managed trampoline
[13:11:29.463] During invoking native->managed trampoline
[13:11:29.463] During invoking native->managed trampoline
[13:11:29.463] During invoking native->managed trampoline
[13:11:29.625] During invoking native->managed trampoline
[13:11:29.626] During invoking native->managed trampoline
[13:11:29.626] During invoking native->managed trampoline
[13:11:29.626] During invoking native->managed trampoline
[13:11:29.626] During invoking native->managed trampoline
[13:11:29.630] During invoking native->managed trampoline
[13:11:29.630] During invoking native->managed trampoline
[13:11:29.630] During invoking native->managed trampoline
[13:11:29.630] During invoking native->managed trampoline
[13:11:29.631] During invoking native->managed trampoline
[13:11:29.700] [Nocturne_Modern_Gameplay] [NocturneModernGameplay] SKILLCUROBJ-CACHE-REFRESH; frame=78; trackedCount=16; arrayLen=16.
[13:11:29.708] During invoking native->managed trampoline
[13:11:29.708] During invoking native->managed trampoline
[13:11:29.708] During invoking native->managed trampoline
[13:11:29.708] During invoking native->managed trampoline
[13:11:29.708] During invoking native->managed trampoline
[13:11:29.742] During invoking native->managed trampoline
[13:11:29.742] During invoking native->managed trampoline
[13:11:29.742] During invoking native->managed trampoline
[13:11:29.743] During invoking native->managed trampoline
[13:11:29.743] During invoking native->managed trampoline
[13:11:29.746] During invoking native->managed trampoline
[13:11:29.746] During invoking native->managed trampoline
[13:11:29.747] During invoking native->managed trampoline
[13:11:29.747] During invoking native->managed trampoline
[13:11:29.747] During invoking native->managed trampoline
[13:11:29.749] During invoking native->managed trampoline
[13:11:29.749] During invoking native->managed trampoline
[13:11:29.750] During invoking native->managed trampoline
[13:11:29.750] During invoking native->managed trampoline
[13:11:29.750] During invoking native->managed trampoline
[13:11:29.752] During invoking native->managed trampoline
[13:11:29.753] During invoking native->managed trampoline
[13:11:29.753] During invoking native->managed trampoline
[13:11:29.753] During invoking native->managed trampoline
[13:11:29.753] During invoking native->managed trampoline
[13:11:29.755] During invoking native->managed trampoline
[13:11:29.755] During invoking native->managed trampoline
[13:11:29.756] During invoking native->managed trampoline
[13:11:29.756] During invoking native->managed trampoline
[13:11:29.756] During invoking native->managed trampoline
[13:11:29.780] During invoking native->managed trampoline
[13:11:29.780] During invoking native->managed trampoline
[13:11:29.781] During invoking native->managed trampoline
[13:11:29.781] During invoking native->managed trampoline
[13:11:29.781] During invoking native->managed trampoline
[13:11:29.788] During invoking native->managed trampoline
[13:11:29.788] During invoking native->managed trampoline
[13:11:29.788] During invoking native->managed trampoline
[13:11:29.789] During invoking native->managed trampoline
[13:11:29.789] During invoking native->managed trampoline
[13:11:29.796] During invoking native->managed trampoline
[13:11:29.796] During invoking native->managed trampoline
[13:11:29.796] During invoking native->managed trampoline
[13:11:29.796] During invoking native->managed trampoline
[13:11:29.797] During invoking native->managed trampoline
[13:11:29.811] During invoking native->managed trampoline
[13:11:29.811] During invoking native->managed trampoline
[13:11:29.811] During invoking native->managed trampoline
[13:11:29.812] During invoking native->managed trampoline
[13:11:29.812] During invoking native->managed trampoline
[13:11:29.818] During invoking native->managed trampoline
[13:11:29.818] During invoking native->managed trampoline
[13:11:29.818] During invoking native->managed trampoline
[13:11:29.819] During invoking native->managed trampoline
[13:11:29.819] During invoking native->managed trampoline
[13:11:29.825] During invoking native->managed trampoline
[13:11:29.825] During invoking native->managed trampoline
[13:11:29.825] During invoking native->managed trampoline
[13:11:29.825] During invoking native->managed trampoline
[13:11:29.826] During invoking native->managed trampoline
[13:11:29.832] During invoking native->managed trampoline
[13:11:29.832] During invoking native->managed trampoline
[13:11:29.832] During invoking native->managed trampoline
[13:11:29.832] During invoking native->managed trampoline
[13:11:29.833] During invoking native->managed trampoline
[13:11:29.839] During invoking native->managed trampoline
[13:11:29.839] During invoking native->managed trampoline
[13:11:29.839] During invoking native->managed trampoline
[13:11:29.839] During invoking native->managed trampoline
[13:11:29.840] During invoking native->managed trampoline
[13:11:29.846] During invoking native->managed trampoline
[13:11:29.846] During invoking native->managed trampoline
[13:11:29.846] During invoking native->managed trampoline
[13:11:29.846] During invoking native->managed trampoline
[13:11:29.847] During invoking native->managed trampoline
[13:11:29.853] During invoking native->managed trampoline
[13:11:29.853] During invoking native->managed trampoline
[13:11:29.853] During invoking native->managed trampoline
[13:11:29.853] During invoking native->managed trampoline
[13:11:29.854] During invoking native->managed trampoline
[13:11:29.860] During invoking native->managed trampoline
[13:11:29.860] During invoking native->managed trampoline
[13:11:29.860] During invoking native->managed trampoline
[13:11:29.860] During invoking native->managed trampoline
[13:11:29.860] During invoking native->managed trampoline
[13:11:29.867] During invoking native->managed trampoline
[13:11:29.867] During invoking native->managed trampoline
[13:11:29.867] During invoking native->managed trampoline
[13:11:29.867] During invoking native->managed trampoline
[13:11:29.867] During invoking native->managed trampoline
[13:11:29.873] During invoking native->managed trampoline
[13:11:29.874] During invoking native->managed trampoline
[13:11:29.874] During invoking native->managed trampoline
[13:11:29.874] During invoking native->managed trampoline
[13:11:29.874] During invoking native->managed trampoline
[13:11:29.880] During invoking native->managed trampoline
[13:11:29.881] During invoking native->managed trampoline
[13:11:29.881] During invoking native->managed trampoline
[13:11:29.881] During invoking native->managed trampoline
[13:11:29.881] During invoking native->managed trampoline
[13:11:30.068] During invoking native->managed trampoline
[13:11:30.069] During invoking native->managed trampoline
[13:11:30.069] During invoking native->managed trampoline
[13:11:30.069] During invoking native->managed trampoline
[13:11:30.069] During invoking native->managed trampoline
[13:11:30.961] SkipIntro: dds3TitleInit called with mode=0, changing to mode=1
[13:11:35.807] [NocturneModernGameplay] CMPMENUCURSOR-DIAG-HEARTBEAT; frame=795; callCount=1; idx=1; cursorObjNull=False; cursorListNull=False; cursorListLen=884139; cacheNullCount=0; cacheMissCount=0; cursorObjNullCount=0.
[13:11:36.631] [NocturneModernGameplay] V3-SAVE-LOAD; type=LoadComplete; frame=911; gslMode=1.
[13:11:37.926] [Nocturne_Modern_Controller] [NocturneModernController] Q5 legacy shoulder turn route suppressed: FD_Turn_Left.
[13:11:37.926] [Nocturne_Modern_Controller] [NocturneModernController] Q5 legacy shoulder turn route suppressed: FD_Turn_Right.
[13:11:38.882] [NocturneModernController] Q8 FORCE-ENCOUNTER requested.
[13:11:38.915] [NocturneModernController] Q8 FORCE-ENCOUNTER accepted by native encounter logic: data=393273.
[13:11:39.165] [PreyEyes2] PE2 update: read tarStat threw Il2CppException: System.NullReferenceException: Object reference not set to an instance of an object.
--- BEGIN IL2CPP STACK TRACE ---
System.NullReferenceException: Object reference not set to an instance of an object.

--- END IL2CPP STACK TRACE ---

[13:11:39.174] [PreyEyes2] PE2 update: read tarStat threw Il2CppException: System.NullReferenceException: Object reference not set to an instance of an object.
--- BEGIN IL2CPP STACK TRACE ---
System.NullReferenceException: Object reference not set to an instance of an object.

--- END IL2CPP STACK TRACE ---

[13:11:39.178] [PreyEyes2] PE2 update: read tarStat threw Il2CppException: System.NullReferenceException: Object reference not set to an instance of an object.
--- BEGIN IL2CPP STACK TRACE ---
System.NullReferenceException: Object reference not set to an instance of an object.

--- END IL2CPP STACK TRACE ---

[13:11:39.183] [NocturneModernController] SMART-AUTO native process initialized; session=1.
[13:11:39.372] [NocturneModernController] Smart Auto ON: native Auto button.
[13:11:39.374] [Nocturne_Modern_Controller] [NocturneModernController] Smart Auto speed enabled: 2.0x.
[13:11:49.666] [NocturneModernController] Smart Auto OFF: native Auto button.
[13:11:49.666] [NocturneModernController] Smart Auto speed restored.
[13:11:49.675] [NocturneModernController] SMART-AUTO skill action entered; before=[select=96 autoskill=0 aiselect=32 target=0].
[13:11:49.676] [NocturneModernController] SMART-AUTO action command; comm=1 nskill=64 before=[select=96 autoskill=0 aiselect=32 target=0].
[13:11:49.677] [NocturneModernController] SMART-AUTO action command applied; comm=1 nskill=64 after=[select=96 autoskill=0 aiselect=32 target=0].
[13:11:49.677] [NocturneModernController] SMART-AUTO skill action prepared; after=[select=96 autoskill=0 aiselect=32 target=0].
[13:11:50.505] [NocturneModernController] Smart Auto ON: native Auto button.
[13:11:50.506] [Nocturne_Modern_Controller] [NocturneModernController] Smart Auto speed enabled: 2.0x.
[13:11:51.207] [NocturneModernController] SMART-AUTO skill action entered; before=[select=15 autoskill=0 aiselect=0 target=0].
[13:11:51.208] [NocturneModernController] SMART-AUTO action command; comm=1 nskill=60 before=[select=15 autoskill=0 aiselect=0 target=0].
[13:11:51.208] [NocturneModernController] SMART-AUTO action command applied; comm=1 nskill=60 after=[select=15 autoskill=0 aiselect=0 target=0].
[13:11:51.217] [NocturneModernController] SMART-AUTO skill action prepared; after=[select=15 autoskill=0 aiselect=0 target=0].
[13:11:52.355] [NocturneModernController] SMART-AUTO manual command observation started.
[13:11:52.363] [Nocturne_Modern_Controller] [NocturneModernController] SMART-AUTO candidate source; form=1 unit=59 hp=75/96 mp=15/57 skills=8.
[13:11:52.364] [Nocturne_Modern_Controller] [NocturneModernController] SMART-AUTO candidate evaluation failed: Il2CppException: System.NullReferenceException: Object reference not set to an instance of an object.
--- BEGIN IL2CPP STACK TRACE ---
System.NullReferenceException: Object reference not set to an instance of an object.

--- END IL2CPP STACK TRACE ---

[13:11:52.365] [NocturneModernController] SMART-AUTO next actor uses native command.
[13:11:52.380] [Nocturne_Modern_Controller] [NocturneModernController] SMART-AUTO selection changed; session=1 [nowtype=0 nowstat=2 select=0 autoskill=0 aiselect=0 target=0].
[13:11:52.415] [Nocturne_Modern_Controller] [NocturneModernController] SMART-AUTO selection changed; session=1 [nowtype=0 nowstat=3 select=0 autoskill=0 aiselect=0 target=0].
[13:11:52.448] [Nocturne_Modern_Controller] [NocturneModernController] SMART-AUTO selection changed; session=1 [nowtype=0 nowstat=4 select=32 autoskill=0 aiselect=0 target=0].
[13:11:52.565] [Nocturne_Modern_Controller] [NocturneModernController] SMART-AUTO selection changed; session=1 [getter unavailable: Il2CppException].
[13:11:52.606] [NocturneModernController] SMART-AUTO skill action entered; before=[select=32 autoskill=0 aiselect=0 target=0].
[13:11:52.606] [NocturneModernController] SMART-AUTO action command; comm=0 nskill=0 before=[select=32 autoskill=0 aiselect=0 target=0].
[13:11:52.606] [NocturneModernController] SMART-AUTO action command applied; comm=0 nskill=0 after=[select=32 autoskill=0 aiselect=0 target=0].
[13:11:52.609] [NocturneModernController] SMART-AUTO skill action prepared; after=[select=32 autoskill=0 aiselect=0 target=0].
[13:11:53.054] [NocturneModernController] SMART-AUTO manual command observation started.
[13:11:53.055] [Nocturne_Modern_Controller] [NocturneModernController] SMART-AUTO candidate source; form=2 unit=60 hp=78/102 mp=42/54 skills=8.
[13:11:53.055] [Nocturne_Modern_Controller] [NocturneModernController] SMART-AUTO candidate evaluation failed: Il2CppException: System.NullReferenceException: Object reference not set to an instance of an object.
--- BEGIN IL2CPP STACK TRACE ---
System.NullReferenceException: Object reference not set to an instance of an object.

--- END IL2CPP STACK TRACE ---

[13:11:53.055] [NocturneModernController] SMART-AUTO next actor uses native command.
[13:11:53.083] [Nocturne_Modern_Controller] [NocturneModernController] SMART-AUTO selection changed; session=1 [nowtype=0 nowstat=3 select=0 autoskill=0 aiselect=0 target=0].
[13:11:53.198] [Nocturne_Modern_Controller] [NocturneModernController] SMART-AUTO selection changed; session=1 [nowtype=0 nowstat=4 select=64 autoskill=0 aiselect=0 target=0].
[13:11:53.265] [Nocturne_Modern_Controller] [NocturneModernController] SMART-AUTO selection changed; session=1 [getter unavailable: Il2CppException].
[13:11:53.285] [NocturneModernController] SMART-AUTO skill action entered; before=[select=64 autoskill=0 aiselect=0 target=0].
[13:11:53.285] [NocturneModernController] SMART-AUTO action command; comm=0 nskill=0 before=[select=64 autoskill=0 aiselect=0 target=0].
[13:11:53.285] [NocturneModernController] SMART-AUTO action command applied; comm=0 nskill=0 after=[select=64 autoskill=0 aiselect=0 target=0].
[13:11:53.288] [NocturneModernController] SMART-AUTO skill action prepared; after=[select=64 autoskill=0 aiselect=0 target=0].
[13:11:54.207] [Nocturne_Modern_Controller] [NocturneModernController] Smart Auto OFF: battle cleared.
[13:11:54.207] [Nocturne_Modern_Controller] [NocturneModernController] Smart Auto speed restored.
[13:11:54.266] [NocturneModernGameplay] EXP-MULTIPLIER; stock=0 nativeExp=51 multipliedExp=510 multiplier=10.
[13:11:54.266] [NocturneModernGameplay] EXP-MULTIPLIER; stock=4 nativeExp=51 multipliedExp=510 multiplier=10.
[13:11:54.267] [NocturneModernGameplay] EXP-MULTIPLIER; stock=6 nativeExp=51 multipliedExp=510 multiplier=10.
[13:11:54.267] [NocturneModernGameplay] EXP-MULTIPLIER; stock=7 nativeExp=51 multipliedExp=510 multiplier=10.
[13:11:59.961] [NocturneModernGameplay] EXP-MULTIPLIER; stock=0 nativeExp=51 multipliedExp=510 multiplier=10.
[13:11:59.961] [NocturneModernGameplay] EXP-MULTIPLIER; stock=4 nativeExp=51 multipliedExp=510 multiplier=10.
[13:11:59.962] [NocturneModernGameplay] EXP-MULTIPLIER; stock=6 nativeExp=51 multipliedExp=510 multiplier=10.
[13:11:59.962] [NocturneModernGameplay] EXP-MULTIPLIER; stock=7 nativeExp=51 multipliedExp=510 multiplier=10.
[13:12:00.131] [NocturneModernGameplay] RSTCREATE-TARGETLIST-LIFECYCLE; frame=3313; unit=-1; stockPtr=0x0; seq=-1; handledCountBefore=0; handledCleared=0; consumedCleared=0.
[13:12:00.157] [Nocturne_Modern_Gameplay] [NocturneModernGameplay] SKILLCUROBJ-CACHE-REFRESH; frame=3313; trackedCount=16; arrayLen=16.
[13:12:00.167] [Nocturne_Modern_Gameplay] [NocturneModernGameplay] SELECTSKILLID-OFFSET-PROBE; sample=1; currentValue=0; thisSampleMatchCount=118; remainingCandidateCount=118; remainingCandidates=[0x6,0x8,0xA,0xC,0xE,0x16,0x1E,0x20,0x22,0x24,0x26,0x28,0x2A,0x2C,0x2E,0x30,0x32,0x34,0x36,0x38,0x3A,0x3C,0x3E,0x46,0x4C,0x4E,0x50,0x52,0x54,0x56,0x5E,0x60,0x62,0x64,0x66,0x6E,0x76,0x78,0x7A,0x7C,0x7E,0x86,0x8E,0x92,0x94,0x96,0x98,0x9A,0x9C,0x9E,0xA0,0xA2,0xA4,0xA6,0xAE,0xB6,0xBE,0xC6,0xC8,0xCA,0xCC,0xCE,0xD6,0xDA,0xDC,0xDE,0xE0,0xE2,0xE4,0xE6,0xE8,0xEA,0xEC,0xEE,0xF0,0xF2,0xF4,0xF6,0xF8,0xFA,0xFC,0xFE,0x106,0x108,0x10A,0x10C,0x10E,0x112,0x14E,0x150,0x152,0x154,0x156,0x158,0x15A,0x15C,0x15E,0x166,0x168,0x16A,0x16C,0x16E,0x172,0x1AE,0x1B0,0x1B2,0x1B4,0x1B6,0x1B8,0x1BA,0x1BC,0x1BE,0x1C6,0x1C8,0x1CA,0x1CC,0x1CE,0x1D2].
[13:12:00.200] [Nocturne_Modern_Gameplay] [NocturneModernGameplay] STATUSUI-OFFSET-PROBE-START; statusUIPtr=0x167E3DD96C0.
[13:12:00.203] [Nocturne_Modern_Gameplay] [NocturneModernGameplay] STATUSUI-OFFSET-PROBE; field=skillCurObj; arrayPtr=0x167F88D1580; matchingOffsetsInStatusUI=[0x128].
[13:12:00.203] [Nocturne_Modern_Gameplay] [NocturneModernGameplay] STATUSUI-OFFSET-PROBE; field=obtainedText; arrayPtr=0x167F8A14F50; matchingOffsetsInStatusUI=[0xB0].
[13:12:00.204] [Nocturne_Modern_Gameplay] [NocturneModernGameplay] STATUSUI-OFFSET-PROBE; field=obtainedObj; arrayPtr=0x167F8A14EE0; matchingOffsetsInStatusUI=[0xB8].
[13:12:00.204] [Nocturne_Modern_Gameplay] [NocturneModernGameplay] STATUSUI-OFFSET-PROBE; field=skill_base; arrayPtr=0x167F8A14C40; matchingOffsetsInStatusUI=[0x1A0].
[13:12:00.204] [Nocturne_Modern_Gameplay] [NocturneModernGameplay] STATUSUI-OFFSET-PROBE; field=update_skill; arrayPtr=0x167F8A14CB0; matchingOffsetsInStatusUI=[0x160].
[13:12:00.204] [Nocturne_Modern_Gameplay] [NocturneModernGameplay] STATUSUI-OFFSET-PROBE; field=awaitObj; arrayPtr=0x167F8A14E00; matchingOffsetsInStatusUI=[0xC8].
[13:12:00.205] [Nocturne_Modern_Gameplay] [NocturneModernGameplay] STATUSUI-OFFSET-PROBE; field=awaitText; arrayPtr=0x167F8A14E70; matchingOffsetsInStatusUI=[0xC0].
[13:12:00.205] [Nocturne_Modern_Gameplay] [NocturneModernGameplay] STATUSUI-OFFSET-PROBE; field=await2Obj; arrayPtr=0x167F8A14D90; matchingOffsetsInStatusUI=[0xD0].
[13:12:00.205] [Nocturne_Modern_Gameplay] [NocturneModernGameplay] STATUSUI-OFFSET-PROBE-ELEMENTS; skillCurObj[0]=0x167E696A360; skillCurObj[7]=0x167E696A000.
[13:12:00.207] [Nocturne_Modern_Gameplay] [NocturneModernGameplay] HIDDEN9THGATE-INSTALLED; cascadeStart=0x7FFF4023A3FC; gate4Pass=0x7FFF4023A434; gate5Pass=0x7FFF4023A463; gate6Pass=0x7FFF4023A46C; mechanism=hardware-execute-breakpoint x4(no GameAssembly.dll bytes written).
[13:12:00.215] [NocturneModernGameplay] HIDDEN9THGATE-HIT; frame=3314; seq=6; bridgeActive=False; unit=59; checkpoint=1:gate4Pass(chainC!=null).
[13:12:00.249] [NocturneModernGameplay] HIDDEN9THGATE-HIT; frame=3318; seq=6; bridgeActive=False; unit=59; checkpoint=1:gate4Pass(chainC!=null).
[13:12:00.283] [NocturneModernGameplay] HIDDEN9THGATE-HIT; frame=3323; seq=6; bridgeActive=False; unit=59; checkpoint=1:gate4Pass(chainC!=null).
[13:12:00.310] [NocturneModernGameplay] HIDDEN9THGATE-HIT; frame=3327; seq=6; bridgeActive=False; unit=59; checkpoint=1:gate4Pass(chainC!=null).
[13:12:00.345] [NocturneModernGameplay] HIDDEN9THGATE-HIT; frame=3332; seq=6; bridgeActive=False; unit=59; checkpoint=1:gate4Pass(chainC!=null).
[13:12:00.380] [NocturneModernGameplay] HIDDEN9THGATE-HIT; frame=3337; seq=6; bridgeActive=False; unit=59; checkpoint=1:gate4Pass(chainC!=null).
[13:12:00.414] [NocturneModernGameplay] HIDDEN9THGATE-HIT; frame=3342; seq=6; bridgeActive=False; unit=59; checkpoint=1:gate4Pass(chainC!=null).
[13:12:00.449] [NocturneModernGameplay] HIDDEN9THGATE-HIT; frame=3347; seq=6; bridgeActive=False; unit=59; checkpoint=1:gate4Pass(chainC!=null).
[13:12:00.477] [NocturneModernGameplay] HIDDEN9THGATE-HIT; frame=3351; seq=6; bridgeActive=False; unit=59; checkpoint=1:gate4Pass(chainC!=null).
[13:12:00.512] [NocturneModernGameplay] HIDDEN9THGATE-HIT; frame=3356; seq=6; bridgeActive=False; unit=59; checkpoint=1:gate4Pass(chainC!=null).
[13:12:00.546] [NocturneModernGameplay] HIDDEN9THGATE-HIT; frame=3361; seq=6; bridgeActive=False; unit=59; checkpoint=1:gate4Pass(chainC!=null).
[13:12:00.581] [NocturneModernGameplay] HIDDEN9THGATE-HIT; frame=3366; seq=6; bridgeActive=False; unit=59; checkpoint=1:gate4Pass(chainC!=null).
[13:12:00.616] [NocturneModernGameplay] HIDDEN9THGATE-HIT; frame=3371; seq=6; bridgeActive=False; unit=59; checkpoint=1:gate4Pass(chainC!=null).
[13:12:00.644] [NocturneModernGameplay] HIDDEN9THGATE-HIT; frame=3375; seq=6; bridgeActive=False; unit=59; checkpoint=1:gate4Pass(chainC!=null).
[13:12:00.678] [NocturneModernGameplay] HIDDEN9THGATE-HIT; frame=3380; seq=6; bridgeActive=False; unit=59; checkpoint=1:gate4Pass(chainC!=null).
[13:12:00.713] [NocturneModernGameplay] HIDDEN9THGATE-HIT; frame=3385; seq=6; bridgeActive=False; unit=59; checkpoint=1:gate4Pass(chainC!=null).
[13:12:00.748] [NocturneModernGameplay] HIDDEN9THGATE-HIT; frame=3390; seq=6; bridgeActive=False; unit=59; checkpoint=1:gate4Pass(chainC!=null).
[13:12:00.783] [NocturneModernGameplay] HIDDEN9THGATE-HIT; frame=3395; seq=6; bridgeActive=False; unit=59; checkpoint=1:gate4Pass(chainC!=null).
[13:12:00.810] [NocturneModernGameplay] HIDDEN9THGATE-HIT; frame=3399; seq=6; bridgeActive=False; unit=59; checkpoint=1:gate4Pass(chainC!=null).
[13:12:00.845] [NocturneModernGameplay] HIDDEN9THGATE-HIT; frame=3404; seq=6; bridgeActive=False; unit=59; checkpoint=1:gate4Pass(chainC!=null).
[13:12:00.880] [NocturneModernGameplay] HIDDEN9THGATE-HIT; frame=3409; seq=6; bridgeActive=False; unit=59; checkpoint=1:gate4Pass(chainC!=null).
[13:12:00.915] [NocturneModernGameplay] HIDDEN9THGATE-HIT; frame=3414; seq=6; bridgeActive=False; unit=59; checkpoint=1:gate4Pass(chainC!=null).
[13:12:00.949] [NocturneModernGameplay] HIDDEN9THGATE-HIT; frame=3419; seq=6; bridgeActive=False; unit=59; checkpoint=1:gate4Pass(chainC!=null).
[13:12:00.977] [NocturneModernGameplay] HIDDEN9THGATE-HIT; frame=3423; seq=6; bridgeActive=False; unit=59; checkpoint=1:gate4Pass(chainC!=null).
[13:12:01.012] [NocturneModernGameplay] HIDDEN9THGATE-HIT; frame=3428; seq=6; bridgeActive=False; unit=59; checkpoint=1:gate4Pass(chainC!=null).
[13:12:01.046] [NocturneModernGameplay] HIDDEN9THGATE-HIT; frame=3433; seq=6; bridgeActive=False; unit=59; checkpoint=1:gate4Pass(chainC!=null).
[13:12:01.081] [NocturneModernGameplay] HIDDEN9THGATE-HIT; frame=3438; seq=6; bridgeActive=False; unit=59; checkpoint=1:gate4Pass(chainC!=null).
[13:12:01.116] [NocturneModernGameplay] HIDDEN9THGATE-HIT; frame=3443; seq=6; bridgeActive=False; unit=59; checkpoint=1:gate4Pass(chainC!=null).
[13:12:01.144] [NocturneModernGameplay] HIDDEN9THGATE-HIT; frame=3447; seq=6; bridgeActive=False; unit=59; checkpoint=1:gate4Pass(chainC!=null).
[13:12:01.178] [NocturneModernGameplay] HIDDEN9THGATE-HIT; frame=3452; seq=6; bridgeActive=False; unit=59; checkpoint=1:gate4Pass(chainC!=null).
[13:12:01.213] [NocturneModernGameplay] HIDDEN9THGATE-HIT; frame=3457; seq=6; bridgeActive=False; unit=59; checkpoint=1:gate4Pass(chainC!=null).
[13:12:01.248] [NocturneModernGameplay] HIDDEN9THGATE-HIT; frame=3462; seq=6; bridgeActive=False; unit=59; checkpoint=1:gate4Pass(chainC!=null).
[13:12:01.283] [NocturneModernGameplay] HIDDEN9THGATE-HIT; frame=3467; seq=6; bridgeActive=False; unit=59; checkpoint=1:gate4Pass(chainC!=null).
[13:12:01.310] [NocturneModernGameplay] HIDDEN9THGATE-HIT; frame=3471; seq=6; bridgeActive=False; unit=59; checkpoint=1:gate4Pass(chainC!=null).
[13:12:01.345] [NocturneModernGameplay] HIDDEN9THGATE-HIT; frame=3476; seq=6; bridgeActive=False; unit=59; checkpoint=1:gate4Pass(chainC!=null).
[13:12:01.380] [NocturneModernGameplay] HIDDEN9THGATE-HIT; frame=3481; seq=6; bridgeActive=False; unit=59; checkpoint=1:gate4Pass(chainC!=null).
[13:12:01.415] [NocturneModernGameplay] HIDDEN9THGATE-HIT; frame=3486; seq=6; bridgeActive=False; unit=59; checkpoint=1:gate4Pass(chainC!=null).
[13:12:01.449] [NocturneModernGameplay] HIDDEN9THGATE-HIT; frame=3491; seq=6; bridgeActive=False; unit=59; checkpoint=1:gate4Pass(chainC!=null).
[13:12:01.477] [NocturneModernGameplay] HIDDEN9THGATE-HIT; frame=3495; seq=6; bridgeActive=False; unit=59; checkpoint=1:gate4Pass(chainC!=null).
[13:12:01.512] [NocturneModernGameplay] HIDDEN9THGATE-HIT; frame=3500; seq=6; bridgeActive=False; unit=59; checkpoint=1:gate4Pass(chainC!=null).
[13:12:01.546] [NocturneModernGameplay] HIDDEN9THGATE-HIT; frame=3505; seq=6; bridgeActive=False; unit=59; checkpoint=1:gate4Pass(chainC!=null).
[13:12:01.581] [NocturneModernGameplay] HIDDEN9THGATE-HIT; frame=3510; seq=6; bridgeActive=False; unit=59; checkpoint=1:gate4Pass(chainC!=null).
[13:12:01.616] [NocturneModernGameplay] HIDDEN9THGATE-HIT; frame=3515; seq=6; bridgeActive=False; unit=59; checkpoint=1:gate4Pass(chainC!=null).
[13:12:01.644] [NocturneModernGameplay] HIDDEN9THGATE-HIT; frame=3519; seq=6; bridgeActive=False; unit=59; checkpoint=1:gate4Pass(chainC!=null).
[13:12:01.678] [NocturneModernGameplay] HIDDEN9THGATE-HIT; frame=3524; seq=6; bridgeActive=False; unit=59; checkpoint=1:gate4Pass(chainC!=null).
[13:12:01.713] [NocturneModernGameplay] HIDDEN9THGATE-HIT; frame=3529; seq=6; bridgeActive=False; unit=59; checkpoint=1:gate4Pass(chainC!=null).
[13:12:01.748] [NocturneModernGameplay] HIDDEN9THGATE-HIT; frame=3534; seq=6; bridgeActive=False; unit=59; checkpoint=1:gate4Pass(chainC!=null).
[13:12:01.783] [NocturneModernGameplay] HIDDEN9THGATE-HIT; frame=3539; seq=6; bridgeActive=False; unit=59; checkpoint=1:gate4Pass(chainC!=null).
[13:12:01.810] [NocturneModernGameplay] HIDDEN9THGATE-HIT; frame=3543; seq=6; bridgeActive=False; unit=59; checkpoint=1:gate4Pass(chainC!=null).
[13:12:01.845] [NocturneModernGameplay] HIDDEN9THGATE-HIT; frame=3548; seq=6; bridgeActive=False; unit=59; checkpoint=1:gate4Pass(chainC!=null).
[13:12:01.880] [NocturneModernGameplay] HIDDEN9THGATE-HIT; frame=3553; seq=6; bridgeActive=False; unit=59; checkpoint=1:gate4Pass(chainC!=null).
[13:12:01.915] [NocturneModernGameplay] HIDDEN9THGATE-HIT; frame=3558; seq=6; bridgeActive=False; unit=59; checkpoint=1:gate4Pass(chainC!=null).
[13:12:01.949] [NocturneModernGameplay] HIDDEN9THGATE-HIT; frame=3563; seq=6; bridgeActive=False; unit=59; checkpoint=1:gate4Pass(chainC!=null).
[13:12:01.977] [NocturneModernGameplay] HIDDEN9THGATE-HIT; frame=3567; seq=6; bridgeActive=False; unit=59; checkpoint=1:gate4Pass(chainC!=null).
[13:12:02.012] [NocturneModernGameplay] HIDDEN9THGATE-HIT; frame=3572; seq=6; bridgeActive=False; unit=59; checkpoint=1:gate4Pass(chainC!=null).
[13:12:02.046] [NocturneModernGameplay] HIDDEN9THGATE-HIT; frame=3577; seq=6; bridgeActive=False; unit=59; checkpoint=1:gate4Pass(chainC!=null).
[13:12:02.081] [NocturneModernGameplay] HIDDEN9THGATE-HIT; frame=3582; seq=6; bridgeActive=False; unit=59; checkpoint=1:gate4Pass(chainC!=null).
[13:12:02.116] [NocturneModernGameplay] HIDDEN9THGATE-HIT; frame=3587; seq=6; bridgeActive=False; unit=59; checkpoint=1:gate4Pass(chainC!=null).
[13:12:02.144] [NocturneModernGameplay] HIDDEN9THGATE-HIT; frame=3591; seq=6; bridgeActive=False; unit=59; checkpoint=1:gate4Pass(chainC!=null).
[13:12:02.178] [NocturneModernGameplay] HIDDEN9THGATE-HIT; frame=3596; seq=6; bridgeActive=False; unit=59; checkpoint=1:gate4Pass(chainC!=null).
[13:12:02.213] [NocturneModernGameplay] HIDDEN9THGATE-HIT; frame=3601; seq=6; bridgeActive=False; unit=59; checkpoint=1:gate4Pass(chainC!=null).
[13:12:02.248] [NocturneModernGameplay] HIDDEN9THGATE-HIT; frame=3606; seq=6; bridgeActive=False; unit=59; checkpoint=1:gate4Pass(chainC!=null).
[13:12:02.283] [NocturneModernGameplay] HIDDEN9THGATE-HIT; frame=3611; seq=6; bridgeActive=False; unit=59; checkpoint=1:gate4Pass(chainC!=null).
[13:12:02.290] [Nocturne_Modern_Gameplay] [NocturneModernGameplay] SKILLCUROBJ-CACHE-REFRESH; frame=3613; trackedCount=16; arrayLen=16.
[13:12:02.310] [NocturneModernGameplay] HIDDEN9THGATE-HIT; frame=3615; seq=6; bridgeActive=False; unit=59; checkpoint=1:gate4Pass(chainC!=null).
[13:12:02.345] [NocturneModernGameplay] HIDDEN9THGATE-HIT; frame=3620; seq=6; bridgeActive=False; unit=59; checkpoint=1:gate4Pass(chainC!=null).
[13:12:02.380] [NocturneModernGameplay] HIDDEN9THGATE-HIT; frame=3625; seq=6; bridgeActive=False; unit=59; checkpoint=1:gate4Pass(chainC!=null).
[13:12:02.415] [NocturneModernGameplay] HIDDEN9THGATE-HIT; frame=3630; seq=6; bridgeActive=False; unit=59; checkpoint=1:gate4Pass(chainC!=null).
[13:12:02.449] [NocturneModernGameplay] HIDDEN9THGATE-HIT; frame=3635; seq=6; bridgeActive=False; unit=59; checkpoint=1:gate4Pass(chainC!=null).
[13:12:02.477] [NocturneModernGameplay] HIDDEN9THGATE-HIT; frame=3639; seq=6; bridgeActive=False; unit=59; checkpoint=1:gate4Pass(chainC!=null).
[13:12:02.512] [NocturneModernGameplay] HIDDEN9THGATE-HIT; frame=3644; seq=6; bridgeActive=False; unit=59; checkpoint=1:gate4Pass(chainC!=null).
[13:12:02.546] [NocturneModernGameplay] HIDDEN9THGATE-HIT; frame=3649; seq=6; bridgeActive=False; unit=59; checkpoint=1:gate4Pass(chainC!=null).
[13:12:02.581] [NocturneModernGameplay] HIDDEN9THGATE-HIT; frame=3654; seq=6; bridgeActive=False; unit=59; checkpoint=1:gate4Pass(chainC!=null).
[13:12:02.616] [NocturneModernGameplay] HIDDEN9THGATE-HIT; frame=3659; seq=6; bridgeActive=False; unit=59; checkpoint=1:gate4Pass(chainC!=null).
[13:12:02.644] [NocturneModernGameplay] HIDDEN9THGATE-HIT; frame=3663; seq=6; bridgeActive=False; unit=59; checkpoint=1:gate4Pass(chainC!=null).
[13:12:02.679] [NocturneModernGameplay] HIDDEN9THGATE-HIT; frame=3668; seq=6; bridgeActive=False; unit=59; checkpoint=1:gate4Pass(chainC!=null).
[13:12:02.713] [NocturneModernGameplay] HIDDEN9THGATE-HIT; frame=3673; seq=6; bridgeActive=False; unit=59; checkpoint=1:gate4Pass(chainC!=null).
[13:12:02.748] [NocturneModernGameplay] HIDDEN9THGATE-HIT; frame=3678; seq=6; bridgeActive=False; unit=59; checkpoint=1:gate4Pass(chainC!=null).
[13:12:02.783] [NocturneModernGameplay] HIDDEN9THGATE-HIT; frame=3683; seq=6; bridgeActive=False; unit=59; checkpoint=1:gate4Pass(chainC!=null).
[13:12:02.810] [NocturneModernGameplay] HIDDEN9THGATE-HIT; frame=3687; seq=6; bridgeActive=False; unit=59; checkpoint=1:gate4Pass(chainC!=null).
[13:12:02.845] [NocturneModernGameplay] HIDDEN9THGATE-HIT; frame=3692; seq=6; bridgeActive=False; unit=59; checkpoint=1:gate4Pass(chainC!=null).
[13:12:02.880] [NocturneModernGameplay] HIDDEN9THGATE-HIT; frame=3697; seq=6; bridgeActive=False; unit=59; checkpoint=1:gate4Pass(chainC!=null).
[13:12:02.914] [NocturneModernGameplay] HIDDEN9THGATE-HIT; frame=3702; seq=6; bridgeActive=False; unit=59; checkpoint=1:gate4Pass(chainC!=null).
[13:12:02.949] [NocturneModernGameplay] HIDDEN9THGATE-HIT; frame=3707; seq=6; bridgeActive=False; unit=59; checkpoint=1:gate4Pass(chainC!=null).
[13:12:02.977] [NocturneModernGameplay] HIDDEN9THGATE-HIT; frame=3711; seq=6; bridgeActive=False; unit=59; checkpoint=1:gate4Pass(chainC!=null).
[13:12:03.012] [NocturneModernGameplay] HIDDEN9THGATE-HIT; frame=3716; seq=6; bridgeActive=False; unit=59; checkpoint=1:gate4Pass(chainC!=null).
[13:12:03.046] [NocturneModernGameplay] HIDDEN9THGATE-HIT; frame=3721; seq=6; bridgeActive=False; unit=59; checkpoint=1:gate4Pass(chainC!=null).
[13:12:03.081] [NocturneModernGameplay] HIDDEN9THGATE-HIT; frame=3726; seq=6; bridgeActive=False; unit=59; checkpoint=1:gate4Pass(chainC!=null).
[13:12:03.116] [NocturneModernGameplay] HIDDEN9THGATE-HIT; frame=3731; seq=6; bridgeActive=False; unit=59; checkpoint=1:gate4Pass(chainC!=null).
[13:12:03.144] [NocturneModernGameplay] HIDDEN9THGATE-HIT; frame=3735; seq=6; bridgeActive=False; unit=59; checkpoint=1:gate4Pass(chainC!=null).
[13:12:03.178] [NocturneModernGameplay] HIDDEN9THGATE-HIT; frame=3740; seq=6; bridgeActive=False; unit=59; checkpoint=1:gate4Pass(chainC!=null).
[13:12:03.213] [NocturneModernGameplay] HIDDEN9THGATE-HIT; frame=3745; seq=6; bridgeActive=False; unit=59; checkpoint=1:gate4Pass(chainC!=null).
[13:12:03.248] [NocturneModernGameplay] HIDDEN9THGATE-HIT; frame=3750; seq=6; bridgeActive=False; unit=59; checkpoint=1:gate4Pass(chainC!=null).
[13:12:03.283] [NocturneModernGameplay] HIDDEN9THGATE-HIT; frame=3755; seq=6; bridgeActive=False; unit=59; checkpoint=1:gate4Pass(chainC!=null).
[13:12:03.310] [NocturneModernGameplay] HIDDEN9THGATE-HIT; frame=3759; seq=6; bridgeActive=False; unit=59; checkpoint=1:gate4Pass(chainC!=null).
[13:12:03.345] [NocturneModernGameplay] HIDDEN9THGATE-HIT; frame=3764; seq=6; bridgeActive=False; unit=59; checkpoint=1:gate4Pass(chainC!=null).
[13:12:03.380] [NocturneModernGameplay] HIDDEN9THGATE-HIT; frame=3769; seq=6; bridgeActive=False; unit=59; checkpoint=1:gate4Pass(chainC!=null).
[13:12:03.415] [NocturneModernGameplay] HIDDEN9THGATE-HIT; frame=3774; seq=6; bridgeActive=False; unit=59; checkpoint=1:gate4Pass(chainC!=null).
[13:12:03.449] [NocturneModernGameplay] HIDDEN9THGATE-HIT; frame=3779; seq=6; bridgeActive=False; unit=59; checkpoint=1:gate4Pass(chainC!=null).
[13:12:03.477] [NocturneModernGameplay] HIDDEN9THGATE-HIT; frame=3783; seq=6; bridgeActive=False; unit=59; checkpoint=1:gate4Pass(chainC!=null).
[13:12:03.512] [NocturneModernGameplay] HIDDEN9THGATE-HIT; frame=3788; seq=6; bridgeActive=False; unit=59; checkpoint=1:gate4Pass(chainC!=null).
[13:12:03.546] [NocturneModernGameplay] HIDDEN9THGATE-HIT; frame=3793; seq=6; bridgeActive=False; unit=59; checkpoint=1:gate4Pass(chainC!=null).
[13:12:03.581] [NocturneModernGameplay] HIDDEN9THGATE-HIT; frame=3798; seq=6; bridgeActive=False; unit=59; checkpoint=1:gate4Pass(chainC!=null).
[13:12:03.616] [NocturneModernGameplay] HIDDEN9THGATE-HIT; frame=3803; seq=6; bridgeActive=False; unit=59; checkpoint=1:gate4Pass(chainC!=null).
[13:12:03.644] [NocturneModernGameplay] HIDDEN9THGATE-HIT; frame=3807; seq=6; bridgeActive=False; unit=59; checkpoint=1:gate4Pass(chainC!=null).
[13:12:03.679] [NocturneModernGameplay] HIDDEN9THGATE-HIT; frame=3812; seq=6; bridgeActive=False; unit=59; checkpoint=1:gate4Pass(chainC!=null).
[13:12:03.718] [NocturneModernGameplay] HIDDEN9THGATE-HIT; frame=3814; seq=6; bridgeActive=False; unit=59; checkpoint=1:gate4Pass(chainC!=null).
[13:12:03.749] [NocturneModernGameplay] HIDDEN9THGATE-HIT; frame=3819; seq=6; bridgeActive=False; unit=59; checkpoint=1:gate4Pass(chainC!=null).
[13:12:03.776] [NocturneModernGameplay] HIDDEN9THGATE-HIT; frame=3823; seq=6; bridgeActive=False; unit=59; checkpoint=1:gate4Pass(chainC!=null).
[13:12:03.811] [NocturneModernGameplay] HIDDEN9THGATE-HIT; frame=3828; seq=6; bridgeActive=False; unit=59; checkpoint=1:gate4Pass(chainC!=null).
[13:12:03.846] [NocturneModernGameplay] HIDDEN9THGATE-HIT; frame=3833; seq=6; bridgeActive=False; unit=59; checkpoint=1:gate4Pass(chainC!=null).
[13:12:03.881] [NocturneModernGameplay] HIDDEN9THGATE-HIT; frame=3838; seq=6; bridgeActive=False; unit=59; checkpoint=1:gate4Pass(chainC!=null).
[13:12:03.915] [NocturneModernGameplay] HIDDEN9THGATE-HIT; frame=3843; seq=6; bridgeActive=False; unit=59; checkpoint=1:gate4Pass(chainC!=null).
[13:12:03.950] [NocturneModernGameplay] HIDDEN9THGATE-HIT; frame=3848; seq=6; bridgeActive=False; unit=59; checkpoint=1:gate4Pass(chainC!=null).
[13:12:03.978] [NocturneModernGameplay] HIDDEN9THGATE-HIT; frame=3852; seq=6; bridgeActive=False; unit=59; checkpoint=1:gate4Pass(chainC!=null).
[13:12:04.012] [NocturneModernGameplay] HIDDEN9THGATE-HIT; frame=3857; seq=6; bridgeActive=False; unit=59; checkpoint=1:gate4Pass(chainC!=null).
[13:12:04.047] [NocturneModernGameplay] HIDDEN9THGATE-HIT; frame=3862; seq=6; bridgeActive=False; unit=59; checkpoint=1:gate4Pass(chainC!=null).
[13:12:04.082] [NocturneModernGameplay] HIDDEN9THGATE-HIT; frame=3867; seq=6; bridgeActive=False; unit=59; checkpoint=1:gate4Pass(chainC!=null).
[13:12:04.110] [NocturneModernGameplay] HIDDEN9THGATE-HIT; frame=3871; seq=6; bridgeActive=False; unit=59; checkpoint=1:gate4Pass(chainC!=null).
[13:12:04.144] [NocturneModernGameplay] HIDDEN9THGATE-HIT; frame=3876; seq=6; bridgeActive=False; unit=59; checkpoint=1:gate4Pass(chainC!=null).
[13:12:04.179] [NocturneModernGameplay] HIDDEN9THGATE-HIT; frame=3881; seq=6; bridgeActive=False; unit=59; checkpoint=1:gate4Pass(chainC!=null).
[13:12:04.214] [NocturneModernGameplay] HIDDEN9THGATE-HIT; frame=3886; seq=6; bridgeActive=False; unit=59; checkpoint=1:gate4Pass(chainC!=null).
[13:12:04.249] [NocturneModernGameplay] HIDDEN9THGATE-HIT; frame=3891; seq=6; bridgeActive=False; unit=59; checkpoint=1:gate4Pass(chainC!=null).
[13:12:04.276] [NocturneModernGameplay] HIDDEN9THGATE-HIT; frame=3895; seq=6; bridgeActive=False; unit=59; checkpoint=1:gate4Pass(chainC!=null).
[13:12:04.311] [NocturneModernGameplay] HIDDEN9THGATE-HIT; frame=3900; seq=6; bridgeActive=False; unit=59; checkpoint=1:gate4Pass(chainC!=null).
[13:12:04.346] [NocturneModernGameplay] HIDDEN9THGATE-HIT; frame=3905; seq=6; bridgeActive=False; unit=59; checkpoint=1:gate4Pass(chainC!=null).
[13:12:04.380] [NocturneModernGameplay] HIDDEN9THGATE-HIT; frame=3910; seq=6; bridgeActive=False; unit=59; checkpoint=1:gate4Pass(chainC!=null).
[13:12:04.395] [Nocturne_Modern_Gameplay] [NocturneModernGameplay] SKILLCUROBJ-CACHE-REFRESH; frame=3913; trackedCount=16; arrayLen=16.
[13:12:04.415] [NocturneModernGameplay] HIDDEN9THGATE-HIT; frame=3915; seq=6; bridgeActive=False; unit=59; checkpoint=1:gate4Pass(chainC!=null).
[13:12:04.443] [NocturneModernGameplay] HIDDEN9THGATE-HIT; frame=3919; seq=6; bridgeActive=False; unit=59; checkpoint=1:gate4Pass(chainC!=null).
[13:12:04.478] [NocturneModernGameplay] HIDDEN9THGATE-HIT; frame=3924; seq=6; bridgeActive=False; unit=59; checkpoint=1:gate4Pass(chainC!=null).
[13:12:04.513] [NocturneModernGameplay] HIDDEN9THGATE-HIT; frame=3929; seq=6; bridgeActive=False; unit=59; checkpoint=1:gate4Pass(chainC!=null).
[13:12:04.547] [NocturneModernGameplay] HIDDEN9THGATE-HIT; frame=3934; seq=6; bridgeActive=False; unit=59; checkpoint=1:gate4Pass(chainC!=null).
[13:12:04.582] [NocturneModernGameplay] HIDDEN9THGATE-HIT; frame=3939; seq=6; bridgeActive=False; unit=59; checkpoint=1:gate4Pass(chainC!=null).
[13:12:04.610] [NocturneModernGameplay] HIDDEN9THGATE-HIT; frame=3943; seq=6; bridgeActive=False; unit=59; checkpoint=1:gate4Pass(chainC!=null).
[13:12:04.644] [NocturneModernGameplay] HIDDEN9THGATE-HIT; frame=3948; seq=6; bridgeActive=False; unit=59; checkpoint=1:gate4Pass(chainC!=null).
[13:12:04.679] [NocturneModernGameplay] HIDDEN9THGATE-HIT; frame=3953; seq=6; bridgeActive=False; unit=59; checkpoint=1:gate4Pass(chainC!=null).
[13:12:04.714] [NocturneModernGameplay] HIDDEN9THGATE-HIT; frame=3958; seq=6; bridgeActive=False; unit=59; checkpoint=1:gate4Pass(chainC!=null).
[13:12:04.749] [NocturneModernGameplay] HIDDEN9THGATE-HIT; frame=3963; seq=6; bridgeActive=False; unit=59; checkpoint=1:gate4Pass(chainC!=null).
[13:12:04.777] [NocturneModernGameplay] HIDDEN9THGATE-HIT; frame=3967; seq=6; bridgeActive=False; unit=59; checkpoint=1:gate4Pass(chainC!=null).
[13:12:04.811] [NocturneModernGameplay] HIDDEN9THGATE-HIT; frame=3972; seq=6; bridgeActive=False; unit=59; checkpoint=1:gate4Pass(chainC!=null).
[13:12:04.846] [NocturneModernGameplay] HIDDEN9THGATE-HIT; frame=3977; seq=6; bridgeActive=False; unit=59; checkpoint=1:gate4Pass(chainC!=null).
[13:12:04.881] [NocturneModernGameplay] HIDDEN9THGATE-HIT; frame=3982; seq=6; bridgeActive=False; unit=59; checkpoint=1:gate4Pass(chainC!=null).
[13:12:04.915] [NocturneModernGameplay] HIDDEN9THGATE-HIT; frame=3987; seq=6; bridgeActive=False; unit=59; checkpoint=1:gate4Pass(chainC!=null).
[13:12:04.943] [NocturneModernGameplay] HIDDEN9THGATE-HIT; frame=3991; seq=6; bridgeActive=False; unit=59; checkpoint=1:gate4Pass(chainC!=null).
[13:12:04.978] [NocturneModernGameplay] HIDDEN9THGATE-HIT; frame=3996; seq=6; bridgeActive=False; unit=59; checkpoint=1:gate4Pass(chainC!=null).
[13:12:05.012] [NocturneModernGameplay] HIDDEN9THGATE-HIT; frame=4001; seq=6; bridgeActive=False; unit=59; checkpoint=1:gate4Pass(chainC!=null).
[13:12:05.047] [NocturneModernGameplay] HIDDEN9THGATE-HIT; frame=4006; seq=6; bridgeActive=False; unit=59; checkpoint=1:gate4Pass(chainC!=null).
[13:12:05.082] [NocturneModernGameplay] HIDDEN9THGATE-HIT; frame=4011; seq=6; bridgeActive=False; unit=59; checkpoint=1:gate4Pass(chainC!=null).
[13:12:05.110] [NocturneModernGameplay] HIDDEN9THGATE-HIT; frame=4015; seq=6; bridgeActive=False; unit=59; checkpoint=1:gate4Pass(chainC!=null).
[13:12:05.145] [NocturneModernGameplay] HIDDEN9THGATE-HIT; frame=4020; seq=6; bridgeActive=False; unit=59; checkpoint=1:gate4Pass(chainC!=null).
[13:12:05.179] [NocturneModernGameplay] HIDDEN9THGATE-HIT; frame=4025; seq=6; bridgeActive=False; unit=59; checkpoint=1:gate4Pass(chainC!=null).
[13:12:05.214] [NocturneModernGameplay] HIDDEN9THGATE-HIT; frame=4030; seq=6; bridgeActive=False; unit=59; checkpoint=1:gate4Pass(chainC!=null).
[13:12:05.249] [NocturneModernGameplay] HIDDEN9THGATE-HIT; frame=4035; seq=6; bridgeActive=False; unit=59; checkpoint=1:gate4Pass(chainC!=null).
[13:12:05.276] [NocturneModernGameplay] HIDDEN9THGATE-HIT; frame=4039; seq=6; bridgeActive=False; unit=59; checkpoint=1:gate4Pass(chainC!=null).
[13:12:05.311] [NocturneModernGameplay] HIDDEN9THGATE-HIT; frame=4044; seq=6; bridgeActive=False; unit=59; checkpoint=1:gate4Pass(chainC!=null).
[13:12:05.346] [NocturneModernGameplay] HIDDEN9THGATE-HIT; frame=4049; seq=6; bridgeActive=False; unit=59; checkpoint=1:gate4Pass(chainC!=null).
[13:12:05.381] [NocturneModernGameplay] HIDDEN9THGATE-HIT; frame=4054; seq=6; bridgeActive=False; unit=59; checkpoint=1:gate4Pass(chainC!=null).
[13:12:05.415] [NocturneModernGameplay] HIDDEN9THGATE-HIT; frame=4059; seq=6; bridgeActive=False; unit=59; checkpoint=1:gate4Pass(chainC!=null).
[13:12:05.443] [NocturneModernGameplay] HIDDEN9THGATE-HIT; frame=4063; seq=6; bridgeActive=False; unit=59; checkpoint=1:gate4Pass(chainC!=null).
[13:12:05.478] [NocturneModernGameplay] HIDDEN9THGATE-HIT; frame=4068; seq=6; bridgeActive=False; unit=59; checkpoint=1:gate4Pass(chainC!=null).
[13:12:05.513] [NocturneModernGameplay] HIDDEN9THGATE-HIT; frame=4073; seq=6; bridgeActive=False; unit=59; checkpoint=1:gate4Pass(chainC!=null).
[13:12:05.547] [NocturneModernGameplay] HIDDEN9THGATE-HIT; frame=4078; seq=6; bridgeActive=False; unit=59; checkpoint=1:gate4Pass(chainC!=null).
[13:12:05.582] [NocturneModernGameplay] HIDDEN9THGATE-HIT; frame=4083; seq=6; bridgeActive=False; unit=59; checkpoint=1:gate4Pass(chainC!=null).
[13:12:05.610] [NocturneModernGameplay] HIDDEN9THGATE-HIT; frame=4087; seq=6; bridgeActive=False; unit=59; checkpoint=1:gate4Pass(chainC!=null).
[13:12:05.644] [NocturneModernGameplay] HIDDEN9THGATE-HIT; frame=4092; seq=6; bridgeActive=False; unit=59; checkpoint=1:gate4Pass(chainC!=null).
[13:12:05.679] [NocturneModernGameplay] HIDDEN9THGATE-HIT; frame=4097; seq=6; bridgeActive=False; unit=59; checkpoint=1:gate4Pass(chainC!=null).
[13:12:05.714] [NocturneModernGameplay] HIDDEN9THGATE-HIT; frame=4102; seq=6; bridgeActive=False; unit=59; checkpoint=1:gate4Pass(chainC!=null).
[13:12:05.749] [NocturneModernGameplay] HIDDEN9THGATE-HIT; frame=4107; seq=6; bridgeActive=False; unit=59; checkpoint=1:gate4Pass(chainC!=null).
[13:12:05.777] [NocturneModernGameplay] HIDDEN9THGATE-HIT; frame=4111; seq=6; bridgeActive=False; unit=59; checkpoint=1:gate4Pass(chainC!=null).
[13:12:05.811] [NocturneModernGameplay] HIDDEN9THGATE-HIT; frame=4116; seq=6; bridgeActive=False; unit=59; checkpoint=1:gate4Pass(chainC!=null).
[13:12:05.846] [NocturneModernGameplay] HIDDEN9THGATE-HIT; frame=4121; seq=6; bridgeActive=False; unit=59; checkpoint=1:gate4Pass(chainC!=null).
[13:12:05.881] [NocturneModernGameplay] HIDDEN9THGATE-HIT; frame=4126; seq=6; bridgeActive=False; unit=59; checkpoint=1:gate4Pass(chainC!=null).
[13:12:05.915] [NocturneModernGameplay] HIDDEN9THGATE-HIT; frame=4131; seq=6; bridgeActive=False; unit=59; checkpoint=1:gate4Pass(chainC!=null).
[13:12:05.943] [NocturneModernGameplay] HIDDEN9THGATE-HIT; frame=4135; seq=6; bridgeActive=False; unit=59; checkpoint=1:gate4Pass(chainC!=null).
[13:12:05.978] [NocturneModernGameplay] HIDDEN9THGATE-HIT; frame=4140; seq=6; bridgeActive=False; unit=59; checkpoint=1:gate4Pass(chainC!=null).
[13:12:06.013] [NocturneModernGameplay] HIDDEN9THGATE-HIT; frame=4145; seq=6; bridgeActive=False; unit=59; checkpoint=1:gate4Pass(chainC!=null).
[13:12:06.048] [NocturneModernGameplay] HIDDEN9THGATE-HIT; frame=4150; seq=6; bridgeActive=False; unit=59; checkpoint=1:gate4Pass(chainC!=null).
[13:12:06.082] [NocturneModernGameplay] HIDDEN9THGATE-HIT; frame=4155; seq=6; bridgeActive=False; unit=59; checkpoint=1:gate4Pass(chainC!=null).
[13:12:06.110] [NocturneModernGameplay] HIDDEN9THGATE-HIT; frame=4159; seq=6; bridgeActive=False; unit=59; checkpoint=1:gate4Pass(chainC!=null).
[13:12:06.144] [NocturneModernGameplay] HIDDEN9THGATE-HIT; frame=4164; seq=6; bridgeActive=False; unit=59; checkpoint=1:gate4Pass(chainC!=null).
[13:12:06.179] [NocturneModernGameplay] HIDDEN9THGATE-HIT; frame=4169; seq=6; bridgeActive=False; unit=59; checkpoint=1:gate4Pass(chainC!=null).
[13:12:06.214] [NocturneModernGameplay] HIDDEN9THGATE-HIT; frame=4174; seq=6; bridgeActive=False; unit=59; checkpoint=1:gate4Pass(chainC!=null).
[13:12:06.249] [NocturneModernGameplay] HIDDEN9THGATE-HIT; frame=4179; seq=6; bridgeActive=False; unit=59; checkpoint=1:gate4Pass(chainC!=null).
[13:12:06.276] [NocturneModernGameplay] HIDDEN9THGATE-HIT; frame=4183; seq=6; bridgeActive=False; unit=59; checkpoint=1:gate4Pass(chainC!=null).
[13:12:06.311] [NocturneModernGameplay] HIDDEN9THGATE-HIT; frame=4188; seq=6; bridgeActive=False; unit=59; checkpoint=1:gate4Pass(chainC!=null).
[13:12:06.346] [NocturneModernGameplay] HIDDEN9THGATE-HIT; frame=4193; seq=6; bridgeActive=False; unit=59; checkpoint=1:gate4Pass(chainC!=null).
[13:12:06.381] [NocturneModernGameplay] HIDDEN9THGATE-HIT; frame=4198; seq=6; bridgeActive=False; unit=59; checkpoint=1:gate4Pass(chainC!=null).
[13:12:06.415] [NocturneModernGameplay] HIDDEN9THGATE-HIT; frame=4203; seq=6; bridgeActive=False; unit=59; checkpoint=1:gate4Pass(chainC!=null).
[13:12:06.443] [NocturneModernGameplay] HIDDEN9THGATE-HIT; frame=4207; seq=6; bridgeActive=False; unit=59; checkpoint=1:gate4Pass(chainC!=null).
[13:12:06.478] [NocturneModernGameplay] HIDDEN9THGATE-HIT; frame=4212; seq=6; bridgeActive=False; unit=59; checkpoint=1:gate4Pass(chainC!=null).
[13:12:06.479] [Nocturne_Modern_Gameplay] [NocturneModernGameplay] SKILLCUROBJ-CACHE-REFRESH; frame=4213; trackedCount=16; arrayLen=16.
[13:12:06.512] [NocturneModernGameplay] HIDDEN9THGATE-HIT; frame=4217; seq=6; bridgeActive=False; unit=59; checkpoint=1:gate4Pass(chainC!=null).
[13:12:06.547] [NocturneModernGameplay] HIDDEN9THGATE-HIT; frame=4222; seq=6; bridgeActive=False; unit=59; checkpoint=1:gate4Pass(chainC!=null).
[13:12:06.582] [NocturneModernGameplay] HIDDEN9THGATE-HIT; frame=4227; seq=6; bridgeActive=False; unit=59; checkpoint=1:gate4Pass(chainC!=null).
[13:12:06.610] [NocturneModernGameplay] HIDDEN9THGATE-HIT; frame=4231; seq=6; bridgeActive=False; unit=59; checkpoint=1:gate4Pass(chainC!=null).
[13:12:06.644] [NocturneModernGameplay] HIDDEN9THGATE-HIT; frame=4236; seq=6; bridgeActive=False; unit=59; checkpoint=1:gate4Pass(chainC!=null).
[13:12:06.679] [NocturneModernGameplay] HIDDEN9THGATE-HIT; frame=4241; seq=6; bridgeActive=False; unit=59; checkpoint=1:gate4Pass(chainC!=null).
[13:12:06.714] [NocturneModernGameplay] HIDDEN9THGATE-HIT; frame=4246; seq=6; bridgeActive=False; unit=59; checkpoint=1:gate4Pass(chainC!=null).
[13:12:06.749] [NocturneModernGameplay] HIDDEN9THGATE-HIT; frame=4251; seq=6; bridgeActive=False; unit=59; checkpoint=1:gate4Pass(chainC!=null).
[13:12:06.776] [NocturneModernGameplay] HIDDEN9THGATE-HIT; frame=4255; seq=6; bridgeActive=False; unit=59; checkpoint=1:gate4Pass(chainC!=null).
[13:12:06.811] [NocturneModernGameplay] HIDDEN9THGATE-HIT; frame=4260; seq=6; bridgeActive=False; unit=59; checkpoint=1:gate4Pass(chainC!=null).
[13:12:06.846] [NocturneModernGameplay] HIDDEN9THGATE-HIT; frame=4265; seq=6; bridgeActive=False; unit=59; checkpoint=1:gate4Pass(chainC!=null).
[13:12:06.881] [NocturneModernGameplay] HIDDEN9THGATE-HIT; frame=4270; seq=6; bridgeActive=False; unit=59; checkpoint=1:gate4Pass(chainC!=null).
[13:12:06.915] [NocturneModernGameplay] HIDDEN9THGATE-HIT; frame=4275; seq=6; bridgeActive=False; unit=59; checkpoint=1:gate4Pass(chainC!=null).
[13:12:06.943] [NocturneModernGameplay] HIDDEN9THGATE-HIT; frame=4279; seq=6; bridgeActive=False; unit=59; checkpoint=1:gate4Pass(chainC!=null).
[13:12:06.978] [NocturneModernGameplay] HIDDEN9THGATE-HIT; frame=4284; seq=6; bridgeActive=False; unit=59; checkpoint=1:gate4Pass(chainC!=null).
[13:12:07.013] [NocturneModernGameplay] HIDDEN9THGATE-HIT; frame=4289; seq=6; bridgeActive=False; unit=59; checkpoint=1:gate4Pass(chainC!=null).
[13:12:07.047] [NocturneModernGameplay] HIDDEN9THGATE-HIT; frame=4294; seq=6; bridgeActive=False; unit=59; checkpoint=1:gate4Pass(chainC!=null).
[13:12:07.082] [NocturneModernGameplay] HIDDEN9THGATE-HIT; frame=4299; seq=6; bridgeActive=False; unit=59; checkpoint=1:gate4Pass(chainC!=null).
[13:12:07.110] [NocturneModernGameplay] HIDDEN9THGATE-HIT; frame=4303; seq=6; bridgeActive=False; unit=59; checkpoint=1:gate4Pass(chainC!=null).
[13:12:07.145] [NocturneModernGameplay] HIDDEN9THGATE-HIT; frame=4308; seq=6; bridgeActive=False; unit=59; checkpoint=1:gate4Pass(chainC!=null).
[13:12:07.179] [NocturneModernGameplay] HIDDEN9THGATE-HIT; frame=4313; seq=6; bridgeActive=False; unit=59; checkpoint=1:gate4Pass(chainC!=null).
[13:12:07.214] [NocturneModernGameplay] HIDDEN9THGATE-HIT; frame=4318; seq=6; bridgeActive=False; unit=59; checkpoint=1:gate4Pass(chainC!=null).
[13:12:07.249] [NocturneModernGameplay] HIDDEN9THGATE-HIT; frame=4323; seq=6; bridgeActive=False; unit=59; checkpoint=1:gate4Pass(chainC!=null).
[13:12:07.277] [NocturneModernGameplay] HIDDEN9THGATE-HIT; frame=4327; seq=6; bridgeActive=False; unit=59; checkpoint=1:gate4Pass(chainC!=null).
[13:12:07.311] [NocturneModernGameplay] HIDDEN9THGATE-HIT; frame=4332; seq=6; bridgeActive=False; unit=59; checkpoint=1:gate4Pass(chainC!=null).
[13:12:07.346] [NocturneModernGameplay] HIDDEN9THGATE-HIT; frame=4337; seq=6; bridgeActive=False; unit=59; checkpoint=1:gate4Pass(chainC!=null).
[13:12:07.381] [NocturneModernGameplay] HIDDEN9THGATE-HIT; frame=4342; seq=6; bridgeActive=False; unit=59; checkpoint=1:gate4Pass(chainC!=null).
[13:12:07.415] [NocturneModernGameplay] HIDDEN9THGATE-HIT; frame=4347; seq=6; bridgeActive=False; unit=59; checkpoint=1:gate4Pass(chainC!=null).
[13:12:07.443] [NocturneModernGameplay] HIDDEN9THGATE-HIT; frame=4351; seq=6; bridgeActive=False; unit=59; checkpoint=1:gate4Pass(chainC!=null).
[13:12:07.478] [NocturneModernGameplay] HIDDEN9THGATE-HIT; frame=4356; seq=6; bridgeActive=False; unit=59; checkpoint=1:gate4Pass(chainC!=null).
[13:12:07.513] [NocturneModernGameplay] HIDDEN9THGATE-HIT; frame=4361; seq=6; bridgeActive=False; unit=59; checkpoint=1:gate4Pass(chainC!=null).
[13:12:07.547] [NocturneModernGameplay] HIDDEN9THGATE-HIT; frame=4366; seq=6; bridgeActive=False; unit=59; checkpoint=1:gate4Pass(chainC!=null).
[13:12:07.582] [NocturneModernGameplay] HIDDEN9THGATE-HIT; frame=4371; seq=6; bridgeActive=False; unit=59; checkpoint=1:gate4Pass(chainC!=null).
[13:12:07.610] [NocturneModernGameplay] HIDDEN9THGATE-HIT; frame=4375; seq=6; bridgeActive=False; unit=59; checkpoint=1:gate4Pass(chainC!=null).
[13:12:07.645] [NocturneModernGameplay] HIDDEN9THGATE-HIT; frame=4380; seq=6; bridgeActive=False; unit=59; checkpoint=1:gate4Pass(chainC!=null).
[13:12:07.679] [NocturneModernGameplay] HIDDEN9THGATE-HIT; frame=4385; seq=6; bridgeActive=False; unit=59; checkpoint=1:gate4Pass(chainC!=null).
[13:12:07.714] [NocturneModernGameplay] HIDDEN9THGATE-HIT; frame=4390; seq=6; bridgeActive=False; unit=59; checkpoint=1:gate4Pass(chainC!=null).
[13:12:07.749] [NocturneModernGameplay] HIDDEN9THGATE-HIT; frame=4395; seq=6; bridgeActive=False; unit=59; checkpoint=1:gate4Pass(chainC!=null).
[13:12:07.776] [NocturneModernGameplay] HIDDEN9THGATE-HIT; frame=4399; seq=6; bridgeActive=False; unit=59; checkpoint=1:gate4Pass(chainC!=null).
[13:12:07.811] [NocturneModernGameplay] HIDDEN9THGATE-HIT; frame=4404; seq=6; bridgeActive=False; unit=59; checkpoint=1:gate4Pass(chainC!=null).
[13:12:07.846] [NocturneModernGameplay] HIDDEN9THGATE-HIT; frame=4409; seq=6; bridgeActive=False; unit=59; checkpoint=1:gate4Pass(chainC!=null).
[13:12:07.881] [NocturneModernGameplay] HIDDEN9THGATE-HIT; frame=4414; seq=6; bridgeActive=False; unit=59; checkpoint=1:gate4Pass(chainC!=null).
[13:12:07.915] [NocturneModernGameplay] HIDDEN9THGATE-HIT; frame=4419; seq=6; bridgeActive=False; unit=59; checkpoint=1:gate4Pass(chainC!=null).
[13:12:07.943] [NocturneModernGameplay] HIDDEN9THGATE-HIT; frame=4423; seq=6; bridgeActive=False; unit=59; checkpoint=1:gate4Pass(chainC!=null).
[13:12:07.978] [NocturneModernGameplay] HIDDEN9THGATE-HIT; frame=4428; seq=6; bridgeActive=False; unit=59; checkpoint=1:gate4Pass(chainC!=null).
[13:12:08.013] [NocturneModernGameplay] HIDDEN9THGATE-HIT; frame=4433; seq=6; bridgeActive=False; unit=59; checkpoint=1:gate4Pass(chainC!=null).
[13:12:08.047] [NocturneModernGameplay] HIDDEN9THGATE-HIT; frame=4438; seq=6; bridgeActive=False; unit=59; checkpoint=1:gate4Pass(chainC!=null).
[13:12:08.082] [NocturneModernGameplay] HIDDEN9THGATE-HIT; frame=4443; seq=6; bridgeActive=False; unit=59; checkpoint=1:gate4Pass(chainC!=null).
[13:12:08.110] [NocturneModernGameplay] HIDDEN9THGATE-HIT; frame=4447; seq=6; bridgeActive=False; unit=59; checkpoint=1:gate4Pass(chainC!=null).
[13:12:08.145] [NocturneModernGameplay] HIDDEN9THGATE-HIT; frame=4452; seq=6; bridgeActive=False; unit=59; checkpoint=1:gate4Pass(chainC!=null).
[13:12:08.179] [NocturneModernGameplay] HIDDEN9THGATE-HIT; frame=4457; seq=6; bridgeActive=False; unit=59; checkpoint=1:gate4Pass(chainC!=null).
[13:12:08.214] [NocturneModernGameplay] HIDDEN9THGATE-HIT; frame=4462; seq=6; bridgeActive=False; unit=59; checkpoint=1:gate4Pass(chainC!=null).
[13:12:08.249] [NocturneModernGameplay] HIDDEN9THGATE-HIT; frame=4467; seq=6; bridgeActive=False; unit=59; checkpoint=1:gate4Pass(chainC!=null).
[13:12:08.276] [NocturneModernGameplay] HIDDEN9THGATE-HIT; frame=4471; seq=6; bridgeActive=False; unit=59; checkpoint=1:gate4Pass(chainC!=null).
[13:12:08.311] [NocturneModernGameplay] HIDDEN9THGATE-HIT; frame=4476; seq=6; bridgeActive=False; unit=59; checkpoint=1:gate4Pass(chainC!=null).
[13:12:08.346] [NocturneModernGameplay] HIDDEN9THGATE-HIT; frame=4481; seq=6; bridgeActive=False; unit=59; checkpoint=1:gate4Pass(chainC!=null).
[13:12:08.381] [NocturneModernGameplay] HIDDEN9THGATE-HIT; frame=4486; seq=6; bridgeActive=False; unit=59; checkpoint=1:gate4Pass(chainC!=null).
[13:12:08.415] [NocturneModernGameplay] HIDDEN9THGATE-HIT; frame=4491; seq=6; bridgeActive=False; unit=59; checkpoint=1:gate4Pass(chainC!=null).
[13:12:08.443] [NocturneModernGameplay] HIDDEN9THGATE-HIT; frame=4495; seq=6; bridgeActive=False; unit=59; checkpoint=1:gate4Pass(chainC!=null).
[13:12:08.478] [NocturneModernGameplay] HIDDEN9THGATE-HIT; frame=4500; seq=6; bridgeActive=False; unit=59; checkpoint=1:gate4Pass(chainC!=null).
[13:12:08.513] [NocturneModernGameplay] HIDDEN9THGATE-HIT; frame=4505; seq=6; bridgeActive=False; unit=59; checkpoint=1:gate4Pass(chainC!=null).
[13:12:08.547] [NocturneModernGameplay] HIDDEN9THGATE-HIT; frame=4510; seq=6; bridgeActive=False; unit=59; checkpoint=1:gate4Pass(chainC!=null).
[13:12:08.562] [Nocturne_Modern_Gameplay] [NocturneModernGameplay] SKILLCUROBJ-CACHE-REFRESH; frame=4513; trackedCount=16; arrayLen=16.
[13:12:08.582] [NocturneModernGameplay] HIDDEN9THGATE-HIT; frame=4515; seq=6; bridgeActive=False; unit=59; checkpoint=1:gate4Pass(chainC!=null).
[13:12:08.610] [NocturneModernGameplay] HIDDEN9THGATE-HIT; frame=4519; seq=6; bridgeActive=False; unit=59; checkpoint=1:gate4Pass(chainC!=null).
[13:12:08.645] [NocturneModernGameplay] HIDDEN9THGATE-HIT; frame=4524; seq=6; bridgeActive=False; unit=59; checkpoint=1:gate4Pass(chainC!=null).
[13:12:08.679] [NocturneModernGameplay] HIDDEN9THGATE-HIT; frame=4529; seq=6; bridgeActive=False; unit=59; checkpoint=1:gate4Pass(chainC!=null).
[13:12:08.714] [NocturneModernGameplay] HIDDEN9THGATE-HIT; frame=4534; seq=6; bridgeActive=False; unit=59; checkpoint=1:gate4Pass(chainC!=null).
[13:12:08.749] [NocturneModernGameplay] HIDDEN9THGATE-HIT; frame=4539; seq=6; bridgeActive=False; unit=59; checkpoint=1:gate4Pass(chainC!=null).
[13:12:08.777] [NocturneModernGameplay] HIDDEN9THGATE-HIT; frame=4543; seq=6; bridgeActive=False; unit=59; checkpoint=1:gate4Pass(chainC!=null).
[13:12:08.811] [NocturneModernGameplay] HIDDEN9THGATE-HIT; frame=4548; seq=6; bridgeActive=False; unit=59; checkpoint=1:gate4Pass(chainC!=null).
[13:12:08.846] [NocturneModernGameplay] HIDDEN9THGATE-HIT; frame=4553; seq=6; bridgeActive=False; unit=59; checkpoint=1:gate4Pass(chainC!=null).
[13:12:08.881] [NocturneModernGameplay] HIDDEN9THGATE-HIT; frame=4558; seq=6; bridgeActive=False; unit=59; checkpoint=1:gate4Pass(chainC!=null).
[13:12:08.916] [NocturneModernGameplay] HIDDEN9THGATE-HIT; frame=4563; seq=6; bridgeActive=False; unit=59; checkpoint=1:gate4Pass(chainC!=null).
[13:12:08.943] [NocturneModernGameplay] HIDDEN9THGATE-HIT; frame=4567; seq=6; bridgeActive=False; unit=59; checkpoint=1:gate4Pass(chainC!=null).
[13:12:08.978] [NocturneModernGameplay] HIDDEN9THGATE-HIT; frame=4572; seq=6; bridgeActive=False; unit=59; checkpoint=1:gate4Pass(chainC!=null).
[13:12:09.013] [NocturneModernGameplay] HIDDEN9THGATE-HIT; frame=4577; seq=6; bridgeActive=False; unit=59; checkpoint=1:gate4Pass(chainC!=null).
[13:12:09.047] [NocturneModernGameplay] HIDDEN9THGATE-HIT; frame=4582; seq=6; bridgeActive=False; unit=59; checkpoint=1:gate4Pass(chainC!=null).
[13:12:09.082] [NocturneModernGameplay] HIDDEN9THGATE-HIT; frame=4587; seq=6; bridgeActive=False; unit=59; checkpoint=1:gate4Pass(chainC!=null).
[13:12:09.110] [NocturneModernGameplay] HIDDEN9THGATE-HIT; frame=4591; seq=6; bridgeActive=False; unit=59; checkpoint=1:gate4Pass(chainC!=null).
[13:12:09.145] [NocturneModernGameplay] HIDDEN9THGATE-HIT; frame=4596; seq=6; bridgeActive=False; unit=59; checkpoint=1:gate4Pass(chainC!=null).
[13:12:09.179] [NocturneModernGameplay] HIDDEN9THGATE-HIT; frame=4601; seq=6; bridgeActive=False; unit=59; checkpoint=1:gate4Pass(chainC!=null).
[13:12:09.214] [NocturneModernGameplay] HIDDEN9THGATE-HIT; frame=4606; seq=6; bridgeActive=False; unit=59; checkpoint=1:gate4Pass(chainC!=null).
[13:12:09.249] [NocturneModernGameplay] HIDDEN9THGATE-HIT; frame=4611; seq=6; bridgeActive=False; unit=59; checkpoint=1:gate4Pass(chainC!=null).
[13:12:09.277] [NocturneModernGameplay] HIDDEN9THGATE-HIT; frame=4615; seq=6; bridgeActive=False; unit=59; checkpoint=1:gate4Pass(chainC!=null).
[13:12:09.311] [NocturneModernGameplay] HIDDEN9THGATE-HIT; frame=4620; seq=6; bridgeActive=False; unit=59; checkpoint=1:gate4Pass(chainC!=null).
[13:12:09.346] [NocturneModernGameplay] HIDDEN9THGATE-HIT; frame=4625; seq=6; bridgeActive=False; unit=59; checkpoint=1:gate4Pass(chainC!=null).
[13:12:09.381] [NocturneModernGameplay] HIDDEN9THGATE-HIT; frame=4630; seq=6; bridgeActive=False; unit=59; checkpoint=1:gate4Pass(chainC!=null).
[13:12:09.415] [NocturneModernGameplay] HIDDEN9THGATE-HIT; frame=4635; seq=6; bridgeActive=False; unit=59; checkpoint=1:gate4Pass(chainC!=null).
[13:12:09.443] [NocturneModernGameplay] HIDDEN9THGATE-HIT; frame=4639; seq=6; bridgeActive=False; unit=59; checkpoint=1:gate4Pass(chainC!=null).
[13:12:09.478] [NocturneModernGameplay] HIDDEN9THGATE-HIT; frame=4644; seq=6; bridgeActive=False; unit=59; checkpoint=1:gate4Pass(chainC!=null).
[13:12:09.513] [NocturneModernGameplay] HIDDEN9THGATE-HIT; frame=4649; seq=6; bridgeActive=False; unit=59; checkpoint=1:gate4Pass(chainC!=null).
[13:12:09.547] [NocturneModernGameplay] HIDDEN9THGATE-HIT; frame=4654; seq=6; bridgeActive=False; unit=59; checkpoint=1:gate4Pass(chainC!=null).
[13:12:09.582] [NocturneModernGameplay] HIDDEN9THGATE-HIT; frame=4659; seq=6; bridgeActive=False; unit=59; checkpoint=1:gate4Pass(chainC!=null).
[13:12:09.610] [NocturneModernGameplay] HIDDEN9THGATE-HIT; frame=4663; seq=6; bridgeActive=False; unit=59; checkpoint=1:gate4Pass(chainC!=null).
[13:12:09.645] [NocturneModernGameplay] HIDDEN9THGATE-HIT; frame=4668; seq=6; bridgeActive=False; unit=59; checkpoint=1:gate4Pass(chainC!=null).
[13:12:09.679] [NocturneModernGameplay] HIDDEN9THGATE-HIT; frame=4673; seq=6; bridgeActive=False; unit=59; checkpoint=1:gate4Pass(chainC!=null).
[13:12:09.714] [NocturneModernGameplay] HIDDEN9THGATE-HIT; frame=4678; seq=6; bridgeActive=False; unit=59; checkpoint=1:gate4Pass(chainC!=null).
[13:12:09.749] [NocturneModernGameplay] HIDDEN9THGATE-HIT; frame=4683; seq=6; bridgeActive=False; unit=59; checkpoint=1:gate4Pass(chainC!=null).
[13:12:09.776] [NocturneModernGameplay] HIDDEN9THGATE-HIT; frame=4687; seq=6; bridgeActive=False; unit=59; checkpoint=1:gate4Pass(chainC!=null).
[13:12:09.811] [NocturneModernGameplay] HIDDEN9THGATE-HIT; frame=4692; seq=6; bridgeActive=False; unit=59; checkpoint=1:gate4Pass(chainC!=null).
[13:12:09.846] [NocturneModernGameplay] HIDDEN9THGATE-HIT; frame=4697; seq=6; bridgeActive=False; unit=59; checkpoint=1:gate4Pass(chainC!=null).
[13:12:09.881] [NocturneModernGameplay] HIDDEN9THGATE-HIT; frame=4702; seq=6; bridgeActive=False; unit=59; checkpoint=1:gate4Pass(chainC!=null).
[13:12:09.915] [NocturneModernGameplay] HIDDEN9THGATE-HIT; frame=4707; seq=6; bridgeActive=False; unit=59; checkpoint=1:gate4Pass(chainC!=null).
[13:12:09.943] [NocturneModernGameplay] HIDDEN9THGATE-HIT; frame=4711; seq=6; bridgeActive=False; unit=59; checkpoint=1:gate4Pass(chainC!=null).
[13:12:09.978] [NocturneModernGameplay] HIDDEN9THGATE-HIT; frame=4716; seq=6; bridgeActive=False; unit=59; checkpoint=1:gate4Pass(chainC!=null).
[13:12:10.013] [NocturneModernGameplay] HIDDEN9THGATE-HIT; frame=4721; seq=6; bridgeActive=False; unit=59; checkpoint=1:gate4Pass(chainC!=null).
[13:12:10.047] [NocturneModernGameplay] HIDDEN9THGATE-HIT; frame=4726; seq=6; bridgeActive=False; unit=59; checkpoint=1:gate4Pass(chainC!=null).
[13:12:10.082] [NocturneModernGameplay] HIDDEN9THGATE-HIT; frame=4731; seq=6; bridgeActive=False; unit=59; checkpoint=1:gate4Pass(chainC!=null).
[13:12:10.110] [NocturneModernGameplay] HIDDEN9THGATE-HIT; frame=4735; seq=6; bridgeActive=False; unit=59; checkpoint=1:gate4Pass(chainC!=null).
[13:12:10.144] [NocturneModernGameplay] HIDDEN9THGATE-HIT; frame=4740; seq=6; bridgeActive=False; unit=59; checkpoint=1:gate4Pass(chainC!=null).
[13:12:10.179] [NocturneModernGameplay] HIDDEN9THGATE-HIT; frame=4745; seq=6; bridgeActive=False; unit=59; checkpoint=1:gate4Pass(chainC!=null).
[13:12:10.214] [NocturneModernGameplay] HIDDEN9THGATE-HIT; frame=4750; seq=6; bridgeActive=False; unit=59; checkpoint=1:gate4Pass(chainC!=null).
[13:12:10.249] [NocturneModernGameplay] HIDDEN9THGATE-HIT; frame=4755; seq=6; bridgeActive=False; unit=59; checkpoint=1:gate4Pass(chainC!=null).
[13:12:10.276] [NocturneModernGameplay] HIDDEN9THGATE-HIT; frame=4759; seq=6; bridgeActive=False; unit=59; checkpoint=1:gate4Pass(chainC!=null).
[13:12:10.311] [NocturneModernGameplay] HIDDEN9THGATE-HIT; frame=4764; seq=6; bridgeActive=False; unit=59; checkpoint=1:gate4Pass(chainC!=null).
[13:12:10.346] [NocturneModernGameplay] HIDDEN9THGATE-HIT; frame=4769; seq=6; bridgeActive=False; unit=59; checkpoint=1:gate4Pass(chainC!=null).
[13:12:10.381] [NocturneModernGameplay] HIDDEN9THGATE-HIT; frame=4774; seq=6; bridgeActive=False; unit=59; checkpoint=1:gate4Pass(chainC!=null).
[13:12:10.415] [NocturneModernGameplay] HIDDEN9THGATE-HIT; frame=4779; seq=6; bridgeActive=False; unit=59; checkpoint=1:gate4Pass(chainC!=null).
[13:12:10.443] [NocturneModernGameplay] HIDDEN9THGATE-HIT; frame=4783; seq=6; bridgeActive=False; unit=59; checkpoint=1:gate4Pass(chainC!=null).
[13:12:10.478] [NocturneModernGameplay] HIDDEN9THGATE-HIT; frame=4788; seq=6; bridgeActive=False; unit=59; checkpoint=1:gate4Pass(chainC!=null).
[13:12:10.513] [NocturneModernGameplay] HIDDEN9THGATE-HIT; frame=4793; seq=6; bridgeActive=False; unit=59; checkpoint=1:gate4Pass(chainC!=null).
[13:12:10.547] [NocturneModernGameplay] HIDDEN9THGATE-HIT; frame=4798; seq=6; bridgeActive=False; unit=59; checkpoint=1:gate4Pass(chainC!=null).
[13:12:10.582] [NocturneModernGameplay] HIDDEN9THGATE-HIT; frame=4803; seq=6; bridgeActive=False; unit=59; checkpoint=1:gate4Pass(chainC!=null).
[13:12:10.610] [NocturneModernGameplay] HIDDEN9THGATE-HIT; frame=4807; seq=6; bridgeActive=False; unit=59; checkpoint=1:gate4Pass(chainC!=null).
[13:12:10.645] [NocturneModernGameplay] HIDDEN9THGATE-HIT; frame=4812; seq=6; bridgeActive=False; unit=59; checkpoint=1:gate4Pass(chainC!=null).
[13:12:10.646] [Nocturne_Modern_Gameplay] [NocturneModernGameplay] SKILLCUROBJ-CACHE-REFRESH; frame=4813; trackedCount=16; arrayLen=16.
[13:12:10.679] [NocturneModernGameplay] HIDDEN9THGATE-HIT; frame=4817; seq=6; bridgeActive=False; unit=59; checkpoint=1:gate4Pass(chainC!=null).
[13:12:10.714] [NocturneModernGameplay] HIDDEN9THGATE-HIT; frame=4822; seq=6; bridgeActive=False; unit=59; checkpoint=1:gate4Pass(chainC!=null).
[13:12:10.749] [NocturneModernGameplay] HIDDEN9THGATE-HIT; frame=4827; seq=6; bridgeActive=False; unit=59; checkpoint=1:gate4Pass(chainC!=null).
[13:12:10.777] [NocturneModernGameplay] HIDDEN9THGATE-HIT; frame=4831; seq=6; bridgeActive=False; unit=59; checkpoint=1:gate4Pass(chainC!=null).
[13:12:10.811] [NocturneModernGameplay] HIDDEN9THGATE-HIT; frame=4836; seq=6; bridgeActive=False; unit=59; checkpoint=1:gate4Pass(chainC!=null).
[13:12:10.846] [NocturneModernGameplay] HIDDEN9THGATE-HIT; frame=4841; seq=6; bridgeActive=False; unit=59; checkpoint=1:gate4Pass(chainC!=null).
[13:12:10.881] [NocturneModernGameplay] HIDDEN9THGATE-HIT; frame=4846; seq=6; bridgeActive=False; unit=59; checkpoint=1:gate4Pass(chainC!=null).
[13:12:10.915] [NocturneModernGameplay] HIDDEN9THGATE-HIT; frame=4851; seq=6; bridgeActive=False; unit=59; checkpoint=1:gate4Pass(chainC!=null).
[13:12:10.943] [NocturneModernGameplay] HIDDEN9THGATE-HIT; frame=4855; seq=6; bridgeActive=False; unit=59; checkpoint=1:gate4Pass(chainC!=null).
[13:12:10.978] [NocturneModernGameplay] HIDDEN9THGATE-HIT; frame=4860; seq=6; bridgeActive=False; unit=59; checkpoint=1:gate4Pass(chainC!=null).
[13:12:11.013] [NocturneModernGameplay] HIDDEN9THGATE-HIT; frame=4865; seq=6; bridgeActive=False; unit=59; checkpoint=1:gate4Pass(chainC!=null).
[13:12:11.047] [NocturneModernGameplay] HIDDEN9THGATE-HIT; frame=4870; seq=6; bridgeActive=False; unit=59; checkpoint=1:gate4Pass(chainC!=null).
[13:12:11.082] [NocturneModernGameplay] HIDDEN9THGATE-HIT; frame=4875; seq=6; bridgeActive=False; unit=59; checkpoint=1:gate4Pass(chainC!=null).
[13:12:11.110] [NocturneModernGameplay] HIDDEN9THGATE-HIT; frame=4879; seq=6; bridgeActive=False; unit=59; checkpoint=1:gate4Pass(chainC!=null).
[13:12:11.145] [NocturneModernGameplay] HIDDEN9THGATE-HIT; frame=4884; seq=6; bridgeActive=False; unit=59; checkpoint=1:gate4Pass(chainC!=null).
[13:12:11.179] [NocturneModernGameplay] HIDDEN9THGATE-HIT; frame=4889; seq=6; bridgeActive=False; unit=59; checkpoint=1:gate4Pass(chainC!=null).
[13:12:11.214] [NocturneModernGameplay] HIDDEN9THGATE-HIT; frame=4894; seq=6; bridgeActive=False; unit=59; checkpoint=1:gate4Pass(chainC!=null).
[13:12:11.249] [NocturneModernGameplay] HIDDEN9THGATE-HIT; frame=4899; seq=6; bridgeActive=False; unit=59; checkpoint=1:gate4Pass(chainC!=null).
[13:12:11.277] [NocturneModernGameplay] HIDDEN9THGATE-HIT; frame=4903; seq=6; bridgeActive=False; unit=59; checkpoint=1:gate4Pass(chainC!=null).
[13:12:11.311] [NocturneModernGameplay] HIDDEN9THGATE-HIT; frame=4908; seq=6; bridgeActive=False; unit=59; checkpoint=1:gate4Pass(chainC!=null).
[13:12:11.346] [NocturneModernGameplay] HIDDEN9THGATE-HIT; frame=4913; seq=6; bridgeActive=False; unit=59; checkpoint=1:gate4Pass(chainC!=null).
[13:12:11.381] [NocturneModernGameplay] HIDDEN9THGATE-HIT; frame=4918; seq=6; bridgeActive=False; unit=59; checkpoint=1:gate4Pass(chainC!=null).
[13:12:11.418] [NocturneModernGameplay] DEFAULTSKILL-EXTERNAL-STATE; frame=4924; counterOk=True/True; counter 0->7; counterObj 0x16537304BE0->0x16537304BE0; refOk=True/True; refIndex 13->13; refTableObj 0x16511F8B840->0x16511F8B840; tableBuiltFlag 0->2; obj2 0x1688A82BF00->0x1688A82BF00; gbwkPtr 0x1688A82BF00->0x1688A82BF00; obj2Plus0x60ReadOk=True; obj2Plus0x60=0x1653730A370; matchesGbwkPtr=False; stockFlagsOk=True/True; stockFlags 0x1443->0x1443; bit0x200 False->False.
[13:12:11.419] [NocturneModernGameplay] DEFAULTSKILL-ITERATOR-CALL; frame=4924; unit=59->59; stockPtr=0x1653730A370; eventParam 0->0; eventNums 0->2; eventOfs 0->8; defSkillResult 0->0; seqCurrent 8->8; seqLast 6->6; flag 1->1; levelUpCnt 1->1; pUpResult 0->0; resultEventType=1.
[13:12:11.419] [NocturneModernGameplay] DEFAULTSKILL-ITERATOR-CALL; frame=4924; unit=59->59; stockPtr=0x1653730A370; eventParam 387->387; eventNums 2->2; eventOfs 8->9; defSkillResult 0->0; seqCurrent 8->8; seqLast 6->6; flag 1->1; levelUpCnt 1->1; pUpResult 0->0; resultEventType=6.
[13:12:11.421] [NocturneModernGameplay] HIDDEN9THGATE-HIT; frame=4923; seq=6; bridgeActive=False; unit=59; checkpoint=1:gate4Pass(chainC!=null).
[13:12:11.449] [NocturneModernGameplay] REFINDEX-FRAME-CHANGE; frame=4928; unit=59; refTableObjSame=True; refTableObj 0x16511F8B840->0x16511F8B840; refIndex 0->13; seqCurrent=8; seqLast=6; seqChange=0; eventNums=2; eventOfs=9; eventParam=396; defSkillResult=2; flag=1; pUpSkillResult=0.
[13:12:11.450] [NocturneModernGameplay] HIDDEN9THGATE-HIT; frame=4927; seq=8; bridgeActive=False; unit=59; checkpoint=1:gate4Pass(chainC!=null).
[13:12:11.478] [NocturneModernGameplay] HIDDEN9THGATE-HIT; frame=4932; seq=8; bridgeActive=False; unit=59; checkpoint=1:gate4Pass(chainC!=null).
[13:12:11.513] [NocturneModernGameplay] HIDDEN9THGATE-HIT; frame=4937; seq=8; bridgeActive=False; unit=59; checkpoint=1:gate4Pass(chainC!=null).
[13:12:11.548] [NocturneModernGameplay] HIDDEN9THGATE-HIT; frame=4942; seq=8; bridgeActive=False; unit=59; checkpoint=1:gate4Pass(chainC!=null).
[13:12:11.582] [NocturneModernGameplay] HIDDEN9THGATE-HIT; frame=4947; seq=8; bridgeActive=False; unit=59; checkpoint=1:gate4Pass(chainC!=null).
[13:12:11.610] [NocturneModernGameplay] HIDDEN9THGATE-HIT; frame=4951; seq=8; bridgeActive=False; unit=59; checkpoint=1:gate4Pass(chainC!=null).
[13:12:11.645] [NocturneModernGameplay] HIDDEN9THGATE-HIT; frame=4956; seq=8; bridgeActive=False; unit=59; checkpoint=1:gate4Pass(chainC!=null).
[13:12:11.679] [NocturneModernGameplay] HIDDEN9THGATE-HIT; frame=4961; seq=8; bridgeActive=False; unit=59; checkpoint=1:gate4Pass(chainC!=null).
[13:12:11.714] [NocturneModernGameplay] HIDDEN9THGATE-HIT; frame=4966; seq=8; bridgeActive=False; unit=59; checkpoint=1:gate4Pass(chainC!=null).
[13:12:11.749] [NocturneModernGameplay] HIDDEN9THGATE-HIT; frame=4971; seq=8; bridgeActive=False; unit=59; checkpoint=1:gate4Pass(chainC!=null).
[13:12:11.777] [NocturneModernGameplay] HIDDEN9THGATE-HIT; frame=4975; seq=8; bridgeActive=False; unit=59; checkpoint=1:gate4Pass(chainC!=null).
[13:12:11.811] [NocturneModernGameplay] HIDDEN9THGATE-HIT; frame=4980; seq=8; bridgeActive=False; unit=59; checkpoint=1:gate4Pass(chainC!=null).
[13:12:11.846] [NocturneModernGameplay] HIDDEN9THGATE-HIT; frame=4985; seq=8; bridgeActive=False; unit=59; checkpoint=1:gate4Pass(chainC!=null).
[13:12:11.881] [NocturneModernGameplay] HIDDEN9THGATE-HIT; frame=4990; seq=8; bridgeActive=False; unit=59; checkpoint=1:gate4Pass(chainC!=null).
[13:12:11.916] [NocturneModernGameplay] HIDDEN9THGATE-HIT; frame=4995; seq=8; bridgeActive=False; unit=59; checkpoint=1:gate4Pass(chainC!=null).
[13:12:11.943] [NocturneModernGameplay] HIDDEN9THGATE-HIT; frame=4999; seq=8; bridgeActive=False; unit=59; checkpoint=1:gate4Pass(chainC!=null).
[13:12:11.978] [NocturneModernGameplay] HIDDEN9THGATE-HIT; frame=5004; seq=8; bridgeActive=False; unit=59; checkpoint=1:gate4Pass(chainC!=null).
[13:12:12.013] [NocturneModernGameplay] HIDDEN9THGATE-HIT; frame=5009; seq=8; bridgeActive=False; unit=59; checkpoint=1:gate4Pass(chainC!=null).
[13:12:12.240] [NocturneModernGameplay] HIDDEN9THGATE-HIT; frame=5014; seq=8; bridgeActive=False; unit=59; checkpoint=1:gate4Pass(chainC!=null).
[13:12:12.244] [NocturneModernGameplay] HIDDEN9THGATE-HIT; frame=5015; seq=8; bridgeActive=False; unit=59; checkpoint=1:gate4Pass(chainC!=null).
[13:12:12.276] [NocturneModernGameplay] HIDDEN9THGATE-HIT; frame=5019; seq=8; bridgeActive=False; unit=59; checkpoint=1:gate4Pass(chainC!=null).
[13:12:12.311] [NocturneModernGameplay] HIDDEN9THGATE-HIT; frame=5024; seq=8; bridgeActive=False; unit=59; checkpoint=1:gate4Pass(chainC!=null).
[13:12:12.346] [NocturneModernGameplay] HIDDEN9THGATE-HIT; frame=5029; seq=8; bridgeActive=False; unit=59; checkpoint=1:gate4Pass(chainC!=null).
[13:12:12.374] [NocturneModernGameplay] HIDDEN9THGATE-HIT; frame=5033; seq=8; bridgeActive=False; unit=59; checkpoint=1:gate4Pass(chainC!=null).
[13:12:12.408] [NocturneModernGameplay] HIDDEN9THGATE-HIT; frame=5038; seq=8; bridgeActive=False; unit=59; checkpoint=1:gate4Pass(chainC!=null).
[13:12:12.443] [NocturneModernGameplay] HIDDEN9THGATE-HIT; frame=5043; seq=8; bridgeActive=False; unit=59; checkpoint=1:gate4Pass(chainC!=null).
[13:12:12.478] [NocturneModernGameplay] HIDDEN9THGATE-HIT; frame=5048; seq=8; bridgeActive=False; unit=59; checkpoint=1:gate4Pass(chainC!=null).
[13:12:12.512] [NocturneModernGameplay] HIDDEN9THGATE-HIT; frame=5053; seq=8; bridgeActive=False; unit=59; checkpoint=1:gate4Pass(chainC!=null).
[13:12:12.540] [NocturneModernGameplay] HIDDEN9THGATE-HIT; frame=5057; seq=8; bridgeActive=False; unit=59; checkpoint=1:gate4Pass(chainC!=null).
[13:12:12.575] [NocturneModernGameplay] HIDDEN9THGATE-HIT; frame=5062; seq=8; bridgeActive=False; unit=59; checkpoint=1:gate4Pass(chainC!=null).
[13:12:12.610] [NocturneModernGameplay] HIDDEN9THGATE-HIT; frame=5067; seq=8; bridgeActive=False; unit=59; checkpoint=1:gate4Pass(chainC!=null).
[13:12:12.644] [NocturneModernGameplay] HIDDEN9THGATE-HIT; frame=5072; seq=8; bridgeActive=False; unit=59; checkpoint=1:gate4Pass(chainC!=null).
[13:12:12.679] [NocturneModernGameplay] HIDDEN9THGATE-HIT; frame=5077; seq=8; bridgeActive=False; unit=59; checkpoint=1:gate4Pass(chainC!=null).
[13:12:12.707] [NocturneModernGameplay] HIDDEN9THGATE-HIT; frame=5081; seq=8; bridgeActive=False; unit=59; checkpoint=1:gate4Pass(chainC!=null).
[13:12:12.742] [NocturneModernGameplay] HIDDEN9THGATE-HIT; frame=5086; seq=8; bridgeActive=False; unit=59; checkpoint=1:gate4Pass(chainC!=null).
[13:12:12.776] [NocturneModernGameplay] HIDDEN9THGATE-HIT; frame=5091; seq=8; bridgeActive=False; unit=59; checkpoint=1:gate4Pass(chainC!=null).
[13:12:12.811] [NocturneModernGameplay] HIDDEN9THGATE-HIT; frame=5096; seq=8; bridgeActive=False; unit=59; checkpoint=1:gate4Pass(chainC!=null).
[13:12:12.846] [NocturneModernGameplay] HIDDEN9THGATE-HIT; frame=5101; seq=8; bridgeActive=False; unit=59; checkpoint=1:gate4Pass(chainC!=null).
[13:12:12.874] [NocturneModernGameplay] HIDDEN9THGATE-HIT; frame=5105; seq=8; bridgeActive=False; unit=59; checkpoint=1:gate4Pass(chainC!=null).
[13:12:12.908] [NocturneModernGameplay] HIDDEN9THGATE-HIT; frame=5110; seq=8; bridgeActive=False; unit=59; checkpoint=1:gate4Pass(chainC!=null).
[13:12:12.923] [Nocturne_Modern_Gameplay] [NocturneModernGameplay] SKILLCUROBJ-CACHE-REFRESH; frame=5113; trackedCount=16; arrayLen=16.
[13:12:12.943] [NocturneModernGameplay] HIDDEN9THGATE-HIT; frame=5115; seq=8; bridgeActive=False; unit=59; checkpoint=1:gate4Pass(chainC!=null).
[13:12:12.978] [NocturneModernGameplay] HIDDEN9THGATE-HIT; frame=5120; seq=8; bridgeActive=False; unit=59; checkpoint=1:gate4Pass(chainC!=null).
[13:12:13.012] [NocturneModernGameplay] HIDDEN9THGATE-HIT; frame=5125; seq=8; bridgeActive=False; unit=59; checkpoint=1:gate4Pass(chainC!=null).
[13:12:13.040] [NocturneModernGameplay] HIDDEN9THGATE-HIT; frame=5129; seq=8; bridgeActive=False; unit=59; checkpoint=1:gate4Pass(chainC!=null).
[13:12:13.075] [NocturneModernGameplay] HIDDEN9THGATE-HIT; frame=5134; seq=8; bridgeActive=False; unit=59; checkpoint=1:gate4Pass(chainC!=null).
[13:12:13.110] [NocturneModernGameplay] HIDDEN9THGATE-HIT; frame=5139; seq=8; bridgeActive=False; unit=59; checkpoint=1:gate4Pass(chainC!=null).
[13:12:13.144] [NocturneModernGameplay] HIDDEN9THGATE-HIT; frame=5144; seq=8; bridgeActive=False; unit=59; checkpoint=1:gate4Pass(chainC!=null).
[13:12:13.179] [NocturneModernGameplay] HIDDEN9THGATE-HIT; frame=5149; seq=8; bridgeActive=False; unit=59; checkpoint=1:gate4Pass(chainC!=null).
[13:12:13.207] [NocturneModernGameplay] HIDDEN9THGATE-HIT; frame=5153; seq=8; bridgeActive=False; unit=59; checkpoint=1:gate4Pass(chainC!=null).
[13:12:13.242] [NocturneModernGameplay] SKILLCURSOR-FIELD-TRACE; frame=5159; seq=21; bridgeActive=False; unit=59; listNums=8; invisibleListNums=0; index=0; shift=8; drawShift=0; shiftMax=8; stopFlag=0; stepY=0.
[13:12:13.242] [NocturneModernGameplay] FORGET-SEQ-CHANGE; frame=5159; unit=59; from=8; to=21.
[13:12:13.243] [NocturneModernGameplay] FORGET-FLAG-CHANGE; frame=5159; seq=21; unit=59; from=1; to=0.
[13:12:13.243] [NocturneModernGameplay] FORGET-TRACE; frame=5159; seq=21; flag=0; unit=59; skillCnt=8; pUpResult=0; pUpIndex=0; pUpId=0.
[13:12:13.243] [NocturneModernGameplay] SKILLCUROBJ-SETACTIVE; frame=5159; index=8; value=True; seq=21; bridgeActive=False.
[13:12:13.244] [NocturneModernGameplay] HIDDEN9THGATE-HIT; frame=5158; seq=8; bridgeActive=False; unit=59; checkpoint=1:gate4Pass(chainC!=null).
[13:12:13.244] [NocturneModernGameplay] HIDDEN9THGATE-HIT; frame=5158; seq=8; bridgeActive=False; unit=59; checkpoint=2:gate5Pass(stateTag==0x15).
[13:12:13.244] [NocturneModernGameplay] HIDDEN9THGATE-HIT; frame=5158; seq=8; bridgeActive=False; unit=59; checkpoint=3:gate6Pass(field0x88!=null).
[13:12:13.277] [NocturneModernGameplay] SKILLCUROBJ-SETACTIVE; frame=5164; index=8; value=False; seq=21; bridgeActive=False.
[13:12:13.277] [NocturneModernGameplay] SKILLCUROBJ-SETACTIVE; frame=5164; index=8; value=True; seq=21; bridgeActive=False.
[13:12:13.278] [NocturneModernGameplay] HIDDEN9THGATE-HIT; frame=5163; seq=21; bridgeActive=False; unit=59; checkpoint=1:gate4Pass(chainC!=null).
[13:12:13.278] [NocturneModernGameplay] HIDDEN9THGATE-HIT; frame=5163; seq=21; bridgeActive=False; unit=59; checkpoint=2:gate5Pass(stateTag==0x15).
[13:12:13.278] [NocturneModernGameplay] HIDDEN9THGATE-HIT; frame=5163; seq=21; bridgeActive=False; unit=59; checkpoint=3:gate6Pass(field0x88!=null).
[13:12:13.311] [NocturneModernGameplay] SKILLCUROBJ-SETACTIVE; frame=5169; index=8; value=False; seq=21; bridgeActive=False.
[13:12:13.311] [NocturneModernGameplay] SKILLCUROBJ-SETACTIVE; frame=5169; index=8; value=True; seq=21; bridgeActive=False.
[13:12:13.312] [NocturneModernGameplay] HIDDEN9THGATE-HIT; frame=5168; seq=21; bridgeActive=False; unit=59; checkpoint=1:gate4Pass(chainC!=null).
[13:12:13.312] [NocturneModernGameplay] HIDDEN9THGATE-HIT; frame=5168; seq=21; bridgeActive=False; unit=59; checkpoint=2:gate5Pass(stateTag==0x15).
[13:12:13.312] [NocturneModernGameplay] HIDDEN9THGATE-HIT; frame=5168; seq=21; bridgeActive=False; unit=59; checkpoint=3:gate6Pass(field0x88!=null).
[13:12:13.345] [NocturneModernGameplay] SKILLCUROBJ-SETACTIVE; frame=5174; index=8; value=False; seq=21; bridgeActive=False.
[13:12:13.346] [NocturneModernGameplay] SKILLCUROBJ-SETACTIVE; frame=5174; index=8; value=True; seq=21; bridgeActive=False.
[13:12:13.346] [NocturneModernGameplay] HIDDEN9THGATE-HIT; frame=5173; seq=21; bridgeActive=False; unit=59; checkpoint=1:gate4Pass(chainC!=null).
[13:12:13.346] [NocturneModernGameplay] HIDDEN9THGATE-HIT; frame=5173; seq=21; bridgeActive=False; unit=59; checkpoint=2:gate5Pass(stateTag==0x15).
[13:12:13.346] [NocturneModernGameplay] HIDDEN9THGATE-HIT; frame=5173; seq=21; bridgeActive=False; unit=59; checkpoint=3:gate6Pass(field0x88!=null).
[13:12:13.373] [NocturneModernGameplay] SKILLCUROBJ-SETACTIVE; frame=5178; index=8; value=False; seq=21; bridgeActive=False.
[13:12:13.373] [NocturneModernGameplay] SKILLCUROBJ-SETACTIVE; frame=5178; index=8; value=True; seq=21; bridgeActive=False.
[13:12:13.374] [NocturneModernGameplay] HIDDEN9THGATE-HIT; frame=5177; seq=21; bridgeActive=False; unit=59; checkpoint=1:gate4Pass(chainC!=null).
[13:12:13.374] [NocturneModernGameplay] HIDDEN9THGATE-HIT; frame=5177; seq=21; bridgeActive=False; unit=59; checkpoint=2:gate5Pass(stateTag==0x15).
[13:12:13.374] [NocturneModernGameplay] HIDDEN9THGATE-HIT; frame=5177; seq=21; bridgeActive=False; unit=59; checkpoint=3:gate6Pass(field0x88!=null).
[13:12:13.408] [NocturneModernGameplay] SKILLCUROBJ-SETACTIVE; frame=5183; index=8; value=False; seq=21; bridgeActive=False.
[13:12:13.408] [NocturneModernGameplay] SKILLCUROBJ-SETACTIVE; frame=5183; index=8; value=True; seq=21; bridgeActive=False.
[13:12:13.409] [NocturneModernGameplay] HIDDEN9THGATE-HIT; frame=5182; seq=21; bridgeActive=False; unit=59; checkpoint=1:gate4Pass(chainC!=null).
[13:12:13.409] [NocturneModernGameplay] HIDDEN9THGATE-HIT; frame=5182; seq=21; bridgeActive=False; unit=59; checkpoint=2:gate5Pass(stateTag==0x15).
[13:12:13.409] [NocturneModernGameplay] HIDDEN9THGATE-HIT; frame=5182; seq=21; bridgeActive=False; unit=59; checkpoint=3:gate6Pass(field0x88!=null).
[13:12:13.443] [NocturneModernGameplay] SKILLCUROBJ-SETACTIVE; frame=5188; index=8; value=False; seq=21; bridgeActive=False.
[13:12:13.443] [NocturneModernGameplay] SKILLCUROBJ-SETACTIVE; frame=5188; index=8; value=True; seq=21; bridgeActive=False.
[13:12:13.444] [NocturneModernGameplay] HIDDEN9THGATE-HIT; frame=5187; seq=21; bridgeActive=False; unit=59; checkpoint=1:gate4Pass(chainC!=null).
[13:12:13.444] [NocturneModernGameplay] HIDDEN9THGATE-HIT; frame=5187; seq=21; bridgeActive=False; unit=59; checkpoint=2:gate5Pass(stateTag==0x15).
[13:12:13.444] [NocturneModernGameplay] HIDDEN9THGATE-HIT; frame=5187; seq=21; bridgeActive=False; unit=59; checkpoint=3:gate6Pass(field0x88!=null).
[13:12:13.477] [NocturneModernGameplay] SKILLCUROBJ-SETACTIVE; frame=5193; index=8; value=False; seq=21; bridgeActive=False.
[13:12:13.478] [NocturneModernGameplay] SKILLCUROBJ-SETACTIVE; frame=5193; index=8; value=True; seq=21; bridgeActive=False.
[13:12:13.478] [NocturneModernGameplay] HIDDEN9THGATE-HIT; frame=5192; seq=21; bridgeActive=False; unit=59; checkpoint=1:gate4Pass(chainC!=null).
[13:12:13.478] [NocturneModernGameplay] HIDDEN9THGATE-HIT; frame=5192; seq=21; bridgeActive=False; unit=59; checkpoint=2:gate5Pass(stateTag==0x15).
[13:12:13.479] [NocturneModernGameplay] HIDDEN9THGATE-HIT; frame=5192; seq=21; bridgeActive=False; unit=59; checkpoint=3:gate6Pass(field0x88!=null).
[13:12:13.512] [NocturneModernGameplay] SKILLCUROBJ-SETACTIVE; frame=5198; index=8; value=False; seq=21; bridgeActive=False.
[13:12:13.512] [NocturneModernGameplay] SKILLCUROBJ-SETACTIVE; frame=5198; index=8; value=True; seq=21; bridgeActive=False.
[13:12:13.513] [NocturneModernGameplay] HIDDEN9THGATE-HIT; frame=5197; seq=21; bridgeActive=False; unit=59; checkpoint=1:gate4Pass(chainC!=null).
[13:12:13.513] [NocturneModernGameplay] HIDDEN9THGATE-HIT; frame=5197; seq=21; bridgeActive=False; unit=59; checkpoint=2:gate5Pass(stateTag==0x15).
[13:12:13.513] [NocturneModernGameplay] HIDDEN9THGATE-HIT; frame=5197; seq=21; bridgeActive=False; unit=59; checkpoint=3:gate6Pass(field0x88!=null).
[13:12:13.540] [NocturneModernGameplay] SKILLCUROBJ-SETACTIVE; frame=5202; index=8; value=False; seq=21; bridgeActive=False.
[13:12:13.540] [NocturneModernGameplay] SKILLCUROBJ-SETACTIVE; frame=5202; index=8; value=True; seq=21; bridgeActive=False.
[13:12:13.541] [NocturneModernGameplay] HIDDEN9THGATE-HIT; frame=5201; seq=21; bridgeActive=False; unit=59; checkpoint=1:gate4Pass(chainC!=null).
[13:12:13.541] [NocturneModernGameplay] HIDDEN9THGATE-HIT; frame=5201; seq=21; bridgeActive=False; unit=59; checkpoint=2:gate5Pass(stateTag==0x15).
[13:12:13.541] [NocturneModernGameplay] HIDDEN9THGATE-HIT; frame=5201; seq=21; bridgeActive=False; unit=59; checkpoint=3:gate6Pass(field0x88!=null).
[13:12:13.574] [NocturneModernGameplay] SKILLCUROBJ-SETACTIVE; frame=5207; index=8; value=False; seq=21; bridgeActive=False.
[13:12:13.575] [NocturneModernGameplay] SKILLCUROBJ-SETACTIVE; frame=5207; index=8; value=True; seq=21; bridgeActive=False.
[13:12:13.575] [NocturneModernGameplay] HIDDEN9THGATE-HIT; frame=5206; seq=21; bridgeActive=False; unit=59; checkpoint=1:gate4Pass(chainC!=null).
[13:12:13.575] [NocturneModernGameplay] HIDDEN9THGATE-HIT; frame=5206; seq=21; bridgeActive=False; unit=59; checkpoint=2:gate5Pass(stateTag==0x15).
[13:12:13.576] [NocturneModernGameplay] HIDDEN9THGATE-HIT; frame=5206; seq=21; bridgeActive=False; unit=59; checkpoint=3:gate6Pass(field0x88!=null).
[13:12:13.609] [NocturneModernGameplay] SKILLCUROBJ-SETACTIVE; frame=5212; index=8; value=False; seq=21; bridgeActive=False.
[13:12:13.610] [NocturneModernGameplay] SKILLCUROBJ-SETACTIVE; frame=5212; index=8; value=True; seq=21; bridgeActive=False.
[13:12:13.610] [NocturneModernGameplay] HIDDEN9THGATE-HIT; frame=5211; seq=21; bridgeActive=False; unit=59; checkpoint=1:gate4Pass(chainC!=null).
[13:12:13.610] [NocturneModernGameplay] HIDDEN9THGATE-HIT; frame=5211; seq=21; bridgeActive=False; unit=59; checkpoint=2:gate5Pass(stateTag==0x15).
[13:12:13.611] [NocturneModernGameplay] HIDDEN9THGATE-HIT; frame=5211; seq=21; bridgeActive=False; unit=59; checkpoint=3:gate6Pass(field0x88!=null).
[13:12:13.644] [NocturneModernGameplay] SKILLCUROBJ-SETACTIVE; frame=5217; index=8; value=False; seq=21; bridgeActive=False.
[13:12:13.644] [NocturneModernGameplay] SKILLCUROBJ-SETACTIVE; frame=5217; index=8; value=True; seq=21; bridgeActive=False.
[13:12:13.645] [NocturneModernGameplay] HIDDEN9THGATE-HIT; frame=5216; seq=21; bridgeActive=False; unit=59; checkpoint=1:gate4Pass(chainC!=null).
[13:12:13.645] [NocturneModernGameplay] HIDDEN9THGATE-HIT; frame=5216; seq=21; bridgeActive=False; unit=59; checkpoint=2:gate5Pass(stateTag==0x15).
[13:12:13.645] [NocturneModernGameplay] HIDDEN9THGATE-HIT; frame=5216; seq=21; bridgeActive=False; unit=59; checkpoint=3:gate6Pass(field0x88!=null).
[13:12:13.679] [NocturneModernGameplay] SKILLCUROBJ-SETACTIVE; frame=5222; index=8; value=False; seq=21; bridgeActive=False.
[13:12:13.679] [NocturneModernGameplay] SKILLCUROBJ-SETACTIVE; frame=5222; index=8; value=True; seq=21; bridgeActive=False.
[13:12:13.680] [NocturneModernGameplay] HIDDEN9THGATE-HIT; frame=5221; seq=21; bridgeActive=False; unit=59; checkpoint=1:gate4Pass(chainC!=null).
[13:12:13.680] [NocturneModernGameplay] HIDDEN9THGATE-HIT; frame=5221; seq=21; bridgeActive=False; unit=59; checkpoint=2:gate5Pass(stateTag==0x15).
[13:12:13.680] [NocturneModernGameplay] HIDDEN9THGATE-HIT; frame=5221; seq=21; bridgeActive=False; unit=59; checkpoint=3:gate6Pass(field0x88!=null).
[13:12:13.707] [NocturneModernGameplay] SKILLCUROBJ-SETACTIVE; frame=5226; index=8; value=False; seq=21; bridgeActive=False.
[13:12:13.707] [NocturneModernGameplay] SKILLCUROBJ-SETACTIVE; frame=5226; index=8; value=True; seq=21; bridgeActive=False.
[13:12:13.708] [NocturneModernGameplay] HIDDEN9THGATE-HIT; frame=5225; seq=21; bridgeActive=False; unit=59; checkpoint=1:gate4Pass(chainC!=null).
[13:12:13.708] [NocturneModernGameplay] HIDDEN9THGATE-HIT; frame=5225; seq=21; bridgeActive=False; unit=59; checkpoint=2:gate5Pass(stateTag==0x15).
[13:12:13.708] [NocturneModernGameplay] HIDDEN9THGATE-HIT; frame=5225; seq=21; bridgeActive=False; unit=59; checkpoint=3:gate6Pass(field0x88!=null).
[13:12:13.741] [NocturneModernGameplay] SKILLCUROBJ-SETACTIVE; frame=5231; index=8; value=False; seq=21; bridgeActive=False.
[13:12:13.741] [NocturneModernGameplay] SKILLCUROBJ-SETACTIVE; frame=5231; index=8; value=True; seq=21; bridgeActive=False.
[13:12:13.742] [NocturneModernGameplay] HIDDEN9THGATE-HIT; frame=5230; seq=21; bridgeActive=False; unit=59; checkpoint=1:gate4Pass(chainC!=null).
[13:12:13.742] [NocturneModernGameplay] HIDDEN9THGATE-HIT; frame=5230; seq=21; bridgeActive=False; unit=59; checkpoint=2:gate5Pass(stateTag==0x15).
[13:12:13.742] [NocturneModernGameplay] HIDDEN9THGATE-HIT; frame=5230; seq=21; bridgeActive=False; unit=59; checkpoint=3:gate6Pass(field0x88!=null).
[13:12:13.776] [NocturneModernGameplay] SKILLCUROBJ-SETACTIVE; frame=5236; index=8; value=False; seq=21; bridgeActive=False.
[13:12:13.776] [NocturneModernGameplay] SKILLCUROBJ-SETACTIVE; frame=5236; index=8; value=True; seq=21; bridgeActive=False.
[13:12:13.777] [NocturneModernGameplay] HIDDEN9THGATE-HIT; frame=5235; seq=21; bridgeActive=False; unit=59; checkpoint=1:gate4Pass(chainC!=null).
[13:12:13.777] [NocturneModernGameplay] HIDDEN9THGATE-HIT; frame=5235; seq=21; bridgeActive=False; unit=59; checkpoint=2:gate5Pass(stateTag==0x15).
[13:12:13.777] [NocturneModernGameplay] HIDDEN9THGATE-HIT; frame=5235; seq=21; bridgeActive=False; unit=59; checkpoint=3:gate6Pass(field0x88!=null).
[13:12:13.811] [NocturneModernGameplay] SKILLCUROBJ-SETACTIVE; frame=5241; index=8; value=False; seq=21; bridgeActive=False.
[13:12:13.811] [NocturneModernGameplay] SKILLCUROBJ-SETACTIVE; frame=5241; index=8; value=True; seq=21; bridgeActive=False.
[13:12:13.811] [NocturneModernGameplay] HIDDEN9THGATE-HIT; frame=5240; seq=21; bridgeActive=False; unit=59; checkpoint=1:gate4Pass(chainC!=null).
[13:12:13.812] [NocturneModernGameplay] HIDDEN9THGATE-HIT; frame=5240; seq=21; bridgeActive=False; unit=59; checkpoint=2:gate5Pass(stateTag==0x15).
[13:12:13.812] [NocturneModernGameplay] HIDDEN9THGATE-HIT; frame=5240; seq=21; bridgeActive=False; unit=59; checkpoint=3:gate6Pass(field0x88!=null).
[13:12:13.845] [NocturneModernGameplay] SKILLCUROBJ-SETACTIVE; frame=5246; index=8; value=False; seq=21; bridgeActive=False.
[13:12:13.846] [NocturneModernGameplay] SKILLCUROBJ-SETACTIVE; frame=5246; index=8; value=True; seq=21; bridgeActive=False.
[13:12:13.846] [NocturneModernGameplay] HIDDEN9THGATE-HIT; frame=5245; seq=21; bridgeActive=False; unit=59; checkpoint=1:gate4Pass(chainC!=null).
[13:12:13.847] [NocturneModernGameplay] HIDDEN9THGATE-HIT; frame=5245; seq=21; bridgeActive=False; unit=59; checkpoint=2:gate5Pass(stateTag==0x15).
[13:12:13.847] [NocturneModernGameplay] HIDDEN9THGATE-HIT; frame=5245; seq=21; bridgeActive=False; unit=59; checkpoint=3:gate6Pass(field0x88!=null).
[13:12:13.879] [NocturneModernGameplay] FORGETUI-TMP-TRACE; frame=5250; seq=21; bridgeActive=False; path=Canvas_UI/talkUI/talk01_choice/choice_answer02/answer01TM; activeSelf=True; activeInHierarchy=True; text="<material="TMC08">尊ばない"; selfComponents=[UnityEngine.RectTransform,UnityEngine.CanvasRenderer,ChangeFont,TMPro.TextMeshProUGUI]; ancestors=(choice_answer02:[UnityEngine.RectTransform,UnityEngine.UI.LayoutElement,SteamCollider,UnityEngine.BoxCollider2D,UnityEngine.UI.LayoutElement] > talk01_choice:[UnityEngine.RectTransform,UnityEngine.UI.VerticalLayoutGroup,UnityEngine.UI.ContentSizeFitter,UnityEngine.Animator,UnityEngine.CanvasGroup,talkChoice,SteamColliders] > talkUI:[UnityEngine.RectTransform,UnityEngine.Canvas,UnityEngine.CanvasGroup,UiHD] > Canvas_UI:[UnityEngine.RectTransform,UnityEngine.Canvas,UnityEngine.UI.CanvasScaler,UnityEngine.UI.GraphicRaycaster,SteamKeyboard]).
[13:12:13.879] [NocturneModernGameplay] FORGETUI-TMP-TRACE; frame=5250; seq=21; bridgeActive=False; path=Canvas_UI/talkUI/talk01_choice/choice_answer01/answer01TM; activeSelf=True; activeInHierarchy=True; text="<material="TMC22">尊ぶ"; selfComponents=[UnityEngine.RectTransform,UnityEngine.CanvasRenderer,ChangeFont,TMPro.TextMeshProUGUI]; ancestors=(choice_answer01:[UnityEngine.RectTransform,UnityEngine.UI.LayoutElement,SteamCollider,UnityEngine.BoxCollider2D,UnityEngine.UI.LayoutElement] > talk01_choice:[UnityEngine.RectTransform,UnityEngine.UI.VerticalLayoutGroup,UnityEngine.UI.ContentSizeFitter,UnityEngine.Animator,UnityEngine.CanvasGroup,talkChoice,SteamColliders] > talkUI:[UnityEngine.RectTransform,UnityEngine.Canvas,UnityEngine.CanvasGroup,UiHD] > Canvas_UI:[UnityEngine.RectTransform,UnityEngine.Canvas,UnityEngine.UI.CanvasScaler,UnityEngine.UI.GraphicRaycaster,SteamKeyboard]).
[13:12:13.880] [NocturneModernGameplay] FORGETUI-TMP-TRACE; frame=5250; seq=21; bridgeActive=False; path=Canvas_UI/talkUI/talk01/talk_window/Text03TM; activeSelf=True; activeInHierarchy=True; text="<alpha=#00>あああああ</alpha>"; selfComponents=[UnityEngine.RectTransform,UnityEngine.CanvasRenderer,ChangeFont,TMPro.TextMeshProUGUI,UnityEngine.Canvas,ChangeFont]; ancestors=(talk_window:[UnityEngine.RectTransform,UnityEngine.CanvasRenderer,UnityEngine.UI.Image] > talk01:[UnityEngine.RectTransform,UnityEngine.CanvasGroup,UnityEngine.Animator,talkUI] > talkUI:[UnityEngine.RectTransform,UnityEngine.Canvas,UnityEngine.CanvasGroup,UiHD] > Canvas_UI:[UnityEngine.RectTransform,UnityEngine.Canvas,UnityEngine.UI.CanvasScaler,UnityEngine.UI.GraphicRaycaster,SteamKeyboard]).
[13:12:13.880] [NocturneModernGameplay] FORGETUI-TMP-TRACE; frame=5250; seq=21; bridgeActive=False; path=Canvas_UI/talkUI/talk01/talk_window/Text02TM; activeSelf=True; activeInHierarchy=True; text="<material="MsgFont0">捨てるスキルを選んでください。"; selfComponents=[UnityEngine.RectTransform,UnityEngine.CanvasRenderer,ChangeFont,TMPro.TextMeshProUGUI,UnityEngine.Canvas,ChangeFont]; ancestors=(talk_window:[UnityEngine.RectTransform,UnityEngine.CanvasRenderer,UnityEngine.UI.Image] > talk01:[UnityEngine.RectTransform,UnityEngine.CanvasGroup,UnityEngine.Animator,talkUI] > talkUI:[UnityEngine.RectTransform,UnityEngine.Canvas,UnityEngine.CanvasGroup,UiHD] > Canvas_UI:[UnityEngine.RectTransform,UnityEngine.Canvas,UnityEngine.UI.CanvasScaler,UnityEngine.UI.GraphicRaycaster,SteamKeyboard]).
[13:12:13.881] [NocturneModernGameplay] FORGETUI-TMP-TRACE; frame=5250; seq=21; bridgeActive=False; path=Canvas_UI/talkUI/talk01/talk_window/Text01TM; activeSelf=True; activeInHierarchy=True; text="<material="MsgFont0">＞習得枠が一杯です。"; selfComponents=[UnityEngine.RectTransform,UnityEngine.CanvasRenderer,ChangeFont,TMPro.TextMeshProUGUI,UnityEngine.Canvas,ChangeFont]; ancestors=(talk_window:[UnityEngine.RectTransform,UnityEngine.CanvasRenderer,UnityEngine.UI.Image] > talk01:[UnityEngine.RectTransform,UnityEngine.CanvasGroup,UnityEngine.Animator,talkUI] > talkUI:[UnityEngine.RectTransform,UnityEngine.Canvas,UnityEngine.CanvasGroup,UiHD] > Canvas_UI:[UnityEngine.RectTransform,UnityEngine.Canvas,UnityEngine.UI.CanvasScaler,UnityEngine.UI.GraphicRaycaster,SteamKeyboard]).
[13:12:13.881] [NocturneModernGameplay] FORGETUI-TMP-TRACE; frame=5250; seq=21; bridgeActive=False; path=Canvas_UI/campUIBase/statusUI(Clone)/sskill/sskill_await2_03/TextTM; activeSelf=True; activeInHierarchy=True; text="<material="TMC14">？"; selfComponents=[UnityEngine.RectTransform,UnityEngine.CanvasRenderer,TMPro.TextMeshProUGUI,ChangeFont]; ancestors=(sskill_await2_03:[UnityEngine.RectTransform,UnityEngine.Animator] > sskill:[UnityEngine.RectTransform,SteamColliders] > statusUI(Clone):[UnityEngine.RectTransform,statusUI,UiHD] > campUIBase:[UnityEngine.RectTransform]).
[13:12:13.881] [NocturneModernGameplay] FORGETUI-TMP-TRACE; frame=5250; seq=21; bridgeActive=False; path=Canvas_UI/campUIBase/statusUI(Clone)/sskill/sskill_await2_02/TextTM; activeSelf=True; activeInHierarchy=True; text="<material="TMC14">？"; selfComponents=[UnityEngine.RectTransform,UnityEngine.CanvasRenderer,TMPro.TextMeshProUGUI,ChangeFont]; ancestors=(sskill_await2_02:[UnityEngine.RectTransform,UnityEngine.Animator] > sskill:[UnityEngine.RectTransform,SteamColliders] > statusUI(Clone):[UnityEngine.RectTransform,statusUI,UiHD] > campUIBase:[UnityEngine.RectTransform]).
[13:12:13.882] [NocturneModernGameplay] FORGETUI-TMP-TRACE; frame=5250; seq=21; bridgeActive=False; path=Canvas_UI/campUIBase/statusUI(Clone)/sskill/sskill_await2_01/TextTM; activeSelf=True; activeInHierarchy=True; text="<material="TMC21">おねだり"; selfComponents=[UnityEngine.RectTransform,UnityEngine.CanvasRenderer,TMPro.TextMeshProUGUI,ChangeFont]; ancestors=(sskill_await2_01:[UnityEngine.RectTransform,UnityEngine.Animator] > sskill:[UnityEngine.RectTransform,SteamColliders] > statusUI(Clone):[UnityEngine.RectTransform,statusUI,UiHD] > campUIBase:[UnityEngine.RectTransform]).
[13:12:13.882] [NocturneModernGameplay] FORGETUI-TMP-TRACE; frame=5250; seq=21; bridgeActive=False; path=Canvas_UI/campUIBase/statusUI(Clone)/sskill/sskill_obtained08/TextTM; activeSelf=True; activeInHierarchy=True; text="<material="TMC00">メパトラ"; selfComponents=[UnityEngine.RectTransform,UnityEngine.CanvasRenderer,TMPro.TextMeshProUGUI,ChangeFont]; ancestors=(sskill_obtained08:[UnityEngine.RectTransform,UnityEngine.Animator] > sskill:[UnityEngine.RectTransform,SteamColliders] > statusUI(Clone):[UnityEngine.RectTransform,statusUI,UiHD] > campUIBase:[UnityEngine.RectTransform]).
[13:12:13.882] [NocturneModernGameplay] FORGETUI-TMP-TRACE; frame=5250; seq=21; bridgeActive=False; path=Canvas_UI/campUIBase/statusUI(Clone)/sskill/sskill_obtained07/TextTM; activeSelf=True; activeInHierarchy=True; text="<material="TMC00">パララディ"; selfComponents=[UnityEngine.RectTransform,UnityEngine.CanvasRenderer,TMPro.TextMeshProUGUI,ChangeFont]; ancestors=(sskill_obtained07:[UnityEngine.RectTransform,UnityEngine.Animator] > sskill:[UnityEngine.RectTransform,SteamColliders] > statusUI(Clone):[UnityEngine.RectTransform,statusUI,UiHD] > campUIBase:[UnityEngine.RectTransform]).
[13:12:13.882] [NocturneModernGameplay] FORGETUI-TMP-TRACE; frame=5250; seq=21; bridgeActive=False; path=Canvas_UI/campUIBase/statusUI(Clone)/sskill/sskill_obtained06/TextTM; activeSelf=True; activeInHierarchy=True; text="<material="TMC00">羽ばたき"; selfComponents=[UnityEngine.RectTransform,UnityEngine.CanvasRenderer,TMPro.TextMeshProUGUI,ChangeFont]; ancestors=(sskill_obtained06:[UnityEngine.RectTransform,UnityEngine.Animator] > sskill:[UnityEngine.RectTransform,SteamColliders] > statusUI(Clone):[UnityEngine.RectTransform,statusUI,UiHD] > campUIBase:[UnityEngine.RectTransform]).
[13:12:13.883] [NocturneModernGameplay] FORGETUI-TMP-TRACE; frame=5250; seq=21; bridgeActive=False; path=Canvas_UI/campUIBase/statusUI(Clone)/sskill/sskill_obtained05/TextTM; activeSelf=True; activeInHierarchy=True; text="<material="TMC00">ポズムディ"; selfComponents=[UnityEngine.RectTransform,UnityEngine.CanvasRenderer,TMPro.TextMeshProUGUI,ChangeFont]; ancestors=(sskill_obtained05:[UnityEngine.RectTransform,UnityEngine.Animator] > sskill:[UnityEngine.RectTransform,SteamColliders] > statusUI(Clone):[UnityEngine.RectTransform,statusUI,UiHD] > campUIBase:[UnityEngine.RectTransform]).
[13:12:13.883] [NocturneModernGameplay] FORGETUI-TMP-TRACE; frame=5250; seq=21; bridgeActive=False; path=Canvas_UI/campUIBase/statusUI(Clone)/sskill/sskill_obtained04/TextTM; activeSelf=True; activeInHierarchy=True; text="<material="TMC00">ラクンダ"; selfComponents=[UnityEngine.RectTransform,UnityEngine.CanvasRenderer,TMPro.TextMeshProUGUI,ChangeFont]; ancestors=(sskill_obtained04:[UnityEngine.RectTransform,UnityEngine.Animator] > sskill:[UnityEngine.RectTransform,SteamColliders] > statusUI(Clone):[UnityEngine.RectTransform,statusUI,UiHD] > campUIBase:[UnityEngine.RectTransform]).
[13:12:13.883] [NocturneModernGameplay] FORGETUI-TMP-TRACE; frame=5250; seq=21; bridgeActive=False; path=Canvas_UI/campUIBase/statusUI(Clone)/sskill/sskill_obtained03/TextTM; activeSelf=True; activeInHierarchy=True; text="<material="TMC00">誘惑"; selfComponents=[UnityEngine.RectTransform,UnityEngine.CanvasRenderer,TMPro.TextMeshProUGUI,ChangeFont]; ancestors=(sskill_obtained03:[UnityEngine.RectTransform,UnityEngine.Animator] > sskill:[UnityEngine.RectTransform,SteamColliders] > statusUI(Clone):[UnityEngine.RectTransform,statusUI,UiHD] > campUIBase:[UnityEngine.RectTransform]).
[13:12:13.883] [NocturneModernGameplay] FORGETUI-TMP-TRACE; frame=5250; seq=21; bridgeActive=False; path=Canvas_UI/campUIBase/statusUI(Clone)/sskill/sskill_obtained02/TextTM; activeSelf=True; activeInHierarchy=True; text="<material="TMC00">マハジオ"; selfComponents=[UnityEngine.RectTransform,UnityEngine.CanvasRenderer,TMPro.TextMeshProUGUI,ChangeFont]; ancestors=(sskill_obtained02:[UnityEngine.RectTransform,UnityEngine.Animator] > sskill:[UnityEngine.RectTransform,SteamColliders] > statusUI(Clone):[UnityEngine.RectTransform,statusUI,UiHD] > campUIBase:[UnityEngine.RectTransform]).
[13:12:13.884] [NocturneModernGameplay] FORGETUI-TMP-TRACE; frame=5250; seq=21; bridgeActive=False; path=Canvas_UI/campUIBase/statusUI(Clone)/sskill/sskill_obtained01/TextTM; activeSelf=True; activeInHierarchy=True; text="<material="TMC00">ディア"; selfComponents=[UnityEngine.RectTransform,UnityEngine.CanvasRenderer,TMPro.TextMeshProUGUI,ChangeFont]; ancestors=(sskill_obtained01:[UnityEngine.RectTransform,UnityEngine.Animator] > sskill:[UnityEngine.RectTransform,SteamColliders] > statusUI(Clone):[UnityEngine.RectTransform,statusUI,UiHD] > campUIBase:[UnityEngine.RectTransform]).
[13:12:13.884] [NocturneModernGameplay] FORGETUI-TMP-TRACE; frame=5250; seq=21; bridgeActive=False; path=Canvas_UI/campUIBase/statusUI(Clone)/sfeature/help_mask/TextTM; activeSelf=True; activeInHierarchy=True; text="<material="TMC00">電撃に強い"; selfComponents=[UnityEngine.RectTransform,UnityEngine.CanvasRenderer,TMPro.TextMeshProUGUI,ChangeFont,ScrollText]; ancestors=(help_mask:[UnityEngine.RectTransform,UnityEngine.UI.RectMask2D] > sfeature:[UnityEngine.RectTransform,UnityEngine.Animator] > statusUI(Clone):[UnityEngine.RectTransform,statusUI,UiHD] > campUIBase:[UnityEngine.RectTransform]).
[13:12:13.884] [NocturneModernGameplay] FORGETUI-TMP-TRACE; frame=5250; seq=21; bridgeActive=False; path=Canvas_UI/campUIBase/statusUI(Clone)/sstatus/Text_stat05TM; activeSelf=True; activeInHierarchy=True; text="<material="TMC00">運"; selfComponents=[UnityEngine.RectTransform,UnityEngine.CanvasRenderer,TMPro.TextMeshProUGUI,ChangeFont]; ancestors=(sstatus:[UnityEngine.RectTransform,SteamColliders] > statusUI(Clone):[UnityEngine.RectTransform,statusUI,UiHD] > campUIBase:[UnityEngine.RectTransform] > Canvas_UI:[UnityEngine.RectTransform,UnityEngine.Canvas,UnityEngine.UI.CanvasScaler,UnityEngine.UI.GraphicRaycaster,SteamKeyboard]).
[13:12:13.885] [NocturneModernGameplay] FORGETUI-TMP-TRACE; frame=5250; seq=21; bridgeActive=False; path=Canvas_UI/campUIBase/statusUI(Clone)/sstatus/Text_stat04TM; activeSelf=True; activeInHierarchy=True; text="<material="TMC00">速"; selfComponents=[UnityEngine.RectTransform,UnityEngine.CanvasRenderer,TMPro.TextMeshProUGUI,ChangeFont]; ancestors=(sstatus:[UnityEngine.RectTransform,SteamColliders] > statusUI(Clone):[UnityEngine.RectTransform,statusUI,UiHD] > campUIBase:[UnityEngine.RectTransform] > Canvas_UI:[UnityEngine.RectTransform,UnityEngine.Canvas,UnityEngine.UI.CanvasScaler,UnityEngine.UI.GraphicRaycaster,SteamKeyboard]).
[13:12:13.885] [NocturneModernGameplay] FORGETUI-TMP-TRACE; frame=5250; seq=21; bridgeActive=False; path=Canvas_UI/campUIBase/statusUI(Clone)/sstatus/Text_stat03TM; activeSelf=True; activeInHierarchy=True; text="<material="TMC00">体"; selfComponents=[UnityEngine.RectTransform,UnityEngine.CanvasRenderer,TMPro.TextMeshProUGUI,ChangeFont]; ancestors=(sstatus:[UnityEngine.RectTransform,SteamColliders] > statusUI(Clone):[UnityEngine.RectTransform,statusUI,UiHD] > campUIBase:[UnityEngine.RectTransform] > Canvas_UI:[UnityEngine.RectTransform,UnityEngine.Canvas,UnityEngine.UI.CanvasScaler,UnityEngine.UI.GraphicRaycaster,SteamKeyboard]).
[13:12:13.886] [NocturneModernGameplay] FORGETUI-TMP-TRACE; frame=5250; seq=21; bridgeActive=False; path=Canvas_UI/campUIBase/statusUI(Clone)/sstatus/Text_stat02TM; activeSelf=True; activeInHierarchy=True; text="<material="TMC00">魔"; selfComponents=[UnityEngine.RectTransform,UnityEngine.CanvasRenderer,TMPro.TextMeshProUGUI,ChangeFont]; ancestors=(sstatus:[UnityEngine.RectTransform,SteamColliders] > statusUI(Clone):[UnityEngine.RectTransform,statusUI,UiHD] > campUIBase:[UnityEngine.RectTransform] > Canvas_UI:[UnityEngine.RectTransform,UnityEngine.Canvas,UnityEngine.UI.CanvasScaler,UnityEngine.UI.GraphicRaycaster,SteamKeyboard]).
[13:12:13.886] [NocturneModernGameplay] FORGETUI-TMP-TRACE; frame=5250; seq=21; bridgeActive=False; path=Canvas_UI/campUIBase/statusUI(Clone)/sstatus/Text_stat01TM; activeSelf=True; activeInHierarchy=True; text="<material="TMC00">力"; selfComponents=[UnityEngine.RectTransform,UnityEngine.CanvasRenderer,TMPro.TextMeshProUGUI,ChangeFont]; ancestors=(sstatus:[UnityEngine.RectTransform,SteamColliders] > statusUI(Clone):[UnityEngine.RectTransform,statusUI,UiHD] > campUIBase:[UnityEngine.RectTransform] > Canvas_UI:[UnityEngine.RectTransform,UnityEngine.Canvas,UnityEngine.UI.CanvasScaler,UnityEngine.UI.GraphicRaycaster,SteamKeyboard]).
[13:12:13.887] [NocturneModernGameplay] FORGETUI-TMP-TRACE; frame=5250; seq=21; bridgeActive=False; path=Canvas_UI/campUIBase/statusUI(Clone)/sinfo_basic/sstatusname/Text_nameTM; activeSelf=True; activeInHierarchy=True; text="<material="TMC00">ハイピクシー"; selfComponents=[UnityEngine.RectTransform,UnityEngine.CanvasRenderer,TMPro.TextMeshProUGUI,ChangeFont]; ancestors=(sstatusname:[UnityEngine.RectTransform,UnityEngine.UI.HorizontalLayoutGroup,UnityEngine.UI.ContentSizeFitter,LanguagePosition] > sinfo_basic:[UnityEngine.RectTransform,UnityEngine.Animator] > statusUI(Clone):[UnityEngine.RectTransform,statusUI,UiHD] > campUIBase:[UnityEngine.RectTransform]).
[13:12:13.887] [NocturneModernGameplay] FORGETUI-TMP-TRACE; frame=5250; seq=21; bridgeActive=False; path=Canvas_UI/campUIBase/statusUI(Clone)/sinfo_basic/Text_raceTM; activeSelf=True; activeInHierarchy=True; text="<material="TMC00">妖精"; selfComponents=[UnityEngine.RectTransform,UnityEngine.CanvasRenderer,TMPro.TextMeshProUGUI,ChangeFont]; ancestors=(sinfo_basic:[UnityEngine.RectTransform,UnityEngine.Animator] > statusUI(Clone):[UnityEngine.RectTransform,statusUI,UiHD] > campUIBase:[UnityEngine.RectTransform] > Canvas_UI:[UnityEngine.RectTransform,UnityEngine.Canvas,UnityEngine.UI.CanvasScaler,UnityEngine.UI.GraphicRaycaster,SteamKeyboard]).
[13:12:13.888] [NocturneModernGameplay] FORGETUI-TMP-TRACE; frame=5250; seq=21; bridgeActive=False; path=Canvas_UI/BrightTextMesh/TMC20; activeSelf=True; activeInHierarchy=True; text="<material="TMC20">20\n\n"; selfComponents=[UnityEngine.RectTransform,UnityEngine.CanvasRenderer,TMPro.TextMeshProUGUI,ChangeFont]; ancestors=(BrightTextMesh:[UnityEngine.RectTransform,UnityEngine.MeshFilter,UnityEngine.CanvasRenderer] > Canvas_UI:[UnityEngine.RectTransform,UnityEngine.Canvas,UnityEngine.UI.CanvasScaler,UnityEngine.UI.GraphicRaycaster,SteamKeyboard]).
[13:12:13.888] [NocturneModernGameplay] FORGETUI-TMP-TRACE; frame=5250; seq=21; bridgeActive=False; path=Canvas_UI/BrightTextMesh/TMC25; activeSelf=True; activeInHierarchy=True; text="<material="TMC25">25\n\n"; selfComponents=[UnityEngine.RectTransform,UnityEngine.CanvasRenderer,TMPro.TextMeshProUGUI,ChangeFont]; ancestors=(BrightTextMesh:[UnityEngine.RectTransform,UnityEngine.MeshFilter,UnityEngine.CanvasRenderer] > Canvas_UI:[UnityEngine.RectTransform,UnityEngine.Canvas,UnityEngine.UI.CanvasScaler,UnityEngine.UI.GraphicRaycaster,SteamKeyboard]).
[13:12:13.888] [NocturneModernGameplay] FORGETUI-TMP-TRACE; frame=5250; seq=21; bridgeActive=False; path=Canvas_UI/BrightTextMesh/TMC00; activeSelf=True; activeInHierarchy=True; text="<material="TMC00">00"; selfComponents=[UnityEngine.RectTransform,UnityEngine.CanvasRenderer,TMPro.TextMeshProUGUI,ChangeFont]; ancestors=(BrightTextMesh:[UnityEngine.RectTransform,UnityEngine.MeshFilter,UnityEngine.CanvasRenderer] > Canvas_UI:[UnityEngine.RectTransform,UnityEngine.Canvas,UnityEngine.UI.CanvasScaler,UnityEngine.UI.GraphicRaycaster,SteamKeyboard]).
[13:12:13.889] [NocturneModernGameplay] FORGETUI-TMP-TRACE; frame=5250; seq=21; bridgeActive=False; path=Canvas_UI/BrightTextMesh/MsgFont1; activeSelf=True; activeInHierarchy=True; text="<material="MsgFont1">m1\n"; selfComponents=[UnityEngine.RectTransform,UnityEngine.CanvasRenderer,TMPro.TextMeshProUGUI,ChangeFont]; ancestors=(BrightTextMesh:[UnityEngine.RectTransform,UnityEngine.MeshFilter,UnityEngine.CanvasRenderer] > Canvas_UI:[UnityEngine.RectTransform,UnityEngine.Canvas,UnityEngine.UI.CanvasScaler,UnityEngine.UI.GraphicRaycaster,SteamKeyboard]).
[13:12:13.889] [NocturneModernGameplay] FORGETUI-TMP-TRACE; frame=5250; seq=21; bridgeActive=False; path=Canvas_UI/BrightTextMesh/TMC05; activeSelf=True; activeInHierarchy=True; text="<material="TMC05">05\n"; selfComponents=[UnityEngine.RectTransform,UnityEngine.CanvasRenderer,TMPro.TextMeshProUGUI,ChangeFont]; ancestors=(BrightTextMesh:[UnityEngine.RectTransform,UnityEngine.MeshFilter,UnityEngine.CanvasRenderer] > Canvas_UI:[UnityEngine.RectTransform,UnityEngine.Canvas,UnityEngine.UI.CanvasScaler,UnityEngine.UI.GraphicRaycaster,SteamKeyboard]).
[13:12:13.889] [NocturneModernGameplay] FORGETUI-TMP-TRACE; frame=5250; seq=21; bridgeActive=False; path=Canvas_UI/BrightTextMesh/TMC17; activeSelf=True; activeInHierarchy=True; text="<material="TMC17">17\n\n"; selfComponents=[UnityEngine.RectTransform,UnityEngine.CanvasRenderer,TMPro.TextMeshProUGUI,ChangeFont]; ancestors=(BrightTextMesh:[UnityEngine.RectTransform,UnityEngine.MeshFilter,UnityEngine.CanvasRenderer] > Canvas_UI:[UnityEngine.RectTransform,UnityEngine.Canvas,UnityEngine.UI.CanvasScaler,UnityEngine.UI.GraphicRaycaster,SteamKeyboard]).
[13:12:13.889] [NocturneModernGameplay] FORGETUI-TMP-TRACE; frame=5250; seq=21; bridgeActive=False; path=Canvas_UI/BrightTextMesh/TMC01; activeSelf=True; activeInHierarchy=True; text="<material="TMC01">01\n"; selfComponents=[UnityEngine.RectTransform,UnityEngine.CanvasRenderer,TMPro.TextMeshProUGUI,ChangeFont]; ancestors=(BrightTextMesh:[UnityEngine.RectTransform,UnityEngine.MeshFilter,UnityEngine.CanvasRenderer] > Canvas_UI:[UnityEngine.RectTransform,UnityEngine.Canvas,UnityEngine.UI.CanvasScaler,UnityEngine.UI.GraphicRaycaster,SteamKeyboard]).
[13:12:13.890] [NocturneModernGameplay] FORGETUI-TMP-TRACE; frame=5250; seq=21; bridgeActive=False; path=Canvas_UI/BrightTextMesh/TMC23; activeSelf=True; activeInHierarchy=True; text="<material="TMC23">23\n\n"; selfComponents=[UnityEngine.RectTransform,UnityEngine.CanvasRenderer,TMPro.TextMeshProUGUI,ChangeFont]; ancestors=(BrightTextMesh:[UnityEngine.RectTransform,UnityEngine.MeshFilter,UnityEngine.CanvasRenderer] > Canvas_UI:[UnityEngine.RectTransform,UnityEngine.Canvas,UnityEngine.UI.CanvasScaler,UnityEngine.UI.GraphicRaycaster,SteamKeyboard]).
[13:12:13.891] [NocturneModernGameplay] FORGETUI-TMP-TRACE; frame=5250; seq=21; bridgeActive=False; path=Canvas_UI/BrightTextMesh/TMC06; activeSelf=True; activeInHierarchy=True; text="<material="TMC06">06\n\n"; selfComponents=[UnityEngine.RectTransform,UnityEngine.CanvasRenderer,TMPro.TextMeshProUGUI,ChangeFont]; ancestors=(BrightTextMesh:[UnityEngine.RectTransform,UnityEngine.MeshFilter,UnityEngine.CanvasRenderer] > Canvas_UI:[UnityEngine.RectTransform,UnityEngine.Canvas,UnityEngine.UI.CanvasScaler,UnityEngine.UI.GraphicRaycaster,SteamKeyboard]).
[13:12:13.891] [NocturneModernGameplay] FORGETUI-TMP-TRACE; frame=5250; seq=21; bridgeActive=False; path=Canvas_UI/BrightTextMesh/MsgFont3; activeSelf=True; activeInHierarchy=True; text="<material="MsgFont3">m3\n"; selfComponents=[UnityEngine.RectTransform,UnityEngine.CanvasRenderer,TMPro.TextMeshProUGUI,ChangeFont]; ancestors=(BrightTextMesh:[UnityEngine.RectTransform,UnityEngine.MeshFilter,UnityEngine.CanvasRenderer] > Canvas_UI:[UnityEngine.RectTransform,UnityEngine.Canvas,UnityEngine.UI.CanvasScaler,UnityEngine.UI.GraphicRaycaster,SteamKeyboard]).
[13:12:13.891] [NocturneModernGameplay] FORGETUI-TMP-TRACE; frame=5250; seq=21; bridgeActive=False; path=Canvas_UI/BrightTextMesh/MsgFont2; activeSelf=True; activeInHierarchy=True; text="<material="MsgFont2">m2\n"; selfComponents=[UnityEngine.RectTransform,UnityEngine.CanvasRenderer,TMPro.TextMeshProUGUI,ChangeFont]; ancestors=(BrightTextMesh:[UnityEngine.RectTransform,UnityEngine.MeshFilter,UnityEngine.CanvasRenderer] > Canvas_UI:[UnityEngine.RectTransform,UnityEngine.Canvas,UnityEngine.UI.CanvasScaler,UnityEngine.UI.GraphicRaycaster,SteamKeyboard]).
[13:12:13.892] [NocturneModernGameplay] FORGETUI-TMP-TRACE; frame=5250; seq=21; bridgeActive=False; path=Canvas_UI/BrightTextMesh/TMC21; activeSelf=True; activeInHierarchy=True; text="<material="TMC21">21\n\n"; selfComponents=[UnityEngine.RectTransform,UnityEngine.CanvasRenderer,TMPro.TextMeshProUGUI,ChangeFont]; ancestors=(BrightTextMesh:[UnityEngine.RectTransform,UnityEngine.MeshFilter,UnityEngine.CanvasRenderer] > Canvas_UI:[UnityEngine.RectTransform,UnityEngine.Canvas,UnityEngine.UI.CanvasScaler,UnityEngine.UI.GraphicRaycaster,SteamKeyboard]).
[13:12:13.892] [NocturneModernGameplay] FORGETUI-TMP-TRACE; frame=5250; seq=21; bridgeActive=False; path=Canvas_UI/BrightTextMesh/MsgFont4; activeSelf=True; activeInHierarchy=True; text="<material="MsgFont4">m4\n"; selfComponents=[UnityEngine.RectTransform,UnityEngine.CanvasRenderer,TMPro.TextMeshProUGUI,ChangeFont]; ancestors=(BrightTextMesh:[UnityEngine.RectTransform,UnityEngine.MeshFilter,UnityEngine.CanvasRenderer] > Canvas_UI:[UnityEngine.RectTransform,UnityEngine.Canvas,UnityEngine.UI.CanvasScaler,UnityEngine.UI.GraphicRaycaster,SteamKeyboard]).
[13:12:13.892] [NocturneModernGameplay] FORGETUI-TMP-TRACE; frame=5250; seq=21; bridgeActive=False; path=Canvas_UI/BrightTextMesh/TMC18; activeSelf=True; activeInHierarchy=True; text="<material="TMC18">18\n\n"; selfComponents=[UnityEngine.RectTransform,UnityEngine.CanvasRenderer,TMPro.TextMeshProUGUI,ChangeFont]; ancestors=(BrightTextMesh:[UnityEngine.RectTransform,UnityEngine.MeshFilter,UnityEngine.CanvasRenderer] > Canvas_UI:[UnityEngine.RectTransform,UnityEngine.Canvas,UnityEngine.UI.CanvasScaler,UnityEngine.UI.GraphicRaycaster,SteamKeyboard]).
[13:12:13.893] [NocturneModernGameplay] FORGETUI-TMP-TRACE; frame=5250; seq=21; bridgeActive=False; path=Canvas_UI/BrightTextMesh/TMC03; activeSelf=True; activeInHierarchy=True; text="<material="TMC03">03\n\n"; selfComponents=[UnityEngine.RectTransform,UnityEngine.CanvasRenderer,TMPro.TextMeshProUGUI,ChangeFont]; ancestors=(BrightTextMesh:[UnityEngine.RectTransform,UnityEngine.MeshFilter,UnityEngine.CanvasRenderer] > Canvas_UI:[UnityEngine.RectTransform,UnityEngine.Canvas,UnityEngine.UI.CanvasScaler,UnityEngine.UI.GraphicRaycaster,SteamKeyboard]).
[13:12:13.893] [NocturneModernGameplay] FORGETUI-TMP-TRACE; frame=5250; seq=21; bridgeActive=False; path=Canvas_UI/BrightTextMesh/TMC11; activeSelf=True; activeInHierarchy=True; text="<material="TMC11">11\n"; selfComponents=[UnityEngine.RectTransform,UnityEngine.CanvasRenderer,TMPro.TextMeshProUGUI,ChangeFont]; ancestors=(BrightTextMesh:[UnityEngine.RectTransform,UnityEngine.MeshFilter,UnityEngine.CanvasRenderer] > Canvas_UI:[UnityEngine.RectTransform,UnityEngine.Canvas,UnityEngine.UI.CanvasScaler,UnityEngine.UI.GraphicRaycaster,SteamKeyboard]).
[13:12:13.893] [NocturneModernGameplay] FORGETUI-TMP-TRACE; frame=5250; seq=21; bridgeActive=False; path=Canvas_UI/BrightTextMesh/TMC24; activeSelf=True; activeInHierarchy=True; text="<material="TMC24">24\n\n"; selfComponents=[UnityEngine.RectTransform,UnityEngine.CanvasRenderer,TMPro.TextMeshProUGUI,ChangeFont]; ancestors=(BrightTextMesh:[UnityEngine.RectTransform,UnityEngine.MeshFilter,UnityEngine.CanvasRenderer] > Canvas_UI:[UnityEngine.RectTransform,UnityEngine.Canvas,UnityEngine.UI.CanvasScaler,UnityEngine.UI.GraphicRaycaster,SteamKeyboard]).
[13:12:13.893] [NocturneModernGameplay] FORGETUI-TMP-TRACE; frame=5250; seq=21; bridgeActive=False; path=Canvas_UI/BrightTextMesh/TMC10; activeSelf=True; activeInHierarchy=True; text="<material="TMC10">10\n\n"; selfComponents=[UnityEngine.RectTransform,UnityEngine.CanvasRenderer,TMPro.TextMeshProUGUI,ChangeFont]; ancestors=(BrightTextMesh:[UnityEngine.RectTransform,UnityEngine.MeshFilter,UnityEngine.CanvasRenderer] > Canvas_UI:[UnityEngine.RectTransform,UnityEngine.Canvas,UnityEngine.UI.CanvasScaler,UnityEngine.UI.GraphicRaycaster,SteamKeyboard]).
[13:12:13.894] [NocturneModernGameplay] FORGETUI-TMP-TRACE; frame=5250; seq=21; bridgeActive=False; path=Canvas_UI/BrightTextMesh/TMC13; activeSelf=True; activeInHierarchy=True; text="<material="TMC13">13\n\n"; selfComponents=[UnityEngine.RectTransform,UnityEngine.CanvasRenderer,TMPro.TextMeshProUGUI,ChangeFont]; ancestors=(BrightTextMesh:[UnityEngine.RectTransform,UnityEngine.MeshFilter,UnityEngine.CanvasRenderer] > Canvas_UI:[UnityEngine.RectTransform,UnityEngine.Canvas,UnityEngine.UI.CanvasScaler,UnityEngine.UI.GraphicRaycaster,SteamKeyboard]).
[13:12:13.894] [NocturneModernGameplay] FORGETUI-TMP-TRACE; frame=5250; seq=21; bridgeActive=False; path=Canvas_UI/BrightTextMesh/TMC08; activeSelf=True; activeInHierarchy=True; text="<material="TMC08">08\n\n"; selfComponents=[UnityEngine.RectTransform,UnityEngine.CanvasRenderer,TMPro.TextMeshProUGUI,ChangeFont]; ancestors=(BrightTextMesh:[UnityEngine.RectTransform,UnityEngine.MeshFilter,UnityEngine.CanvasRenderer] > Canvas_UI:[UnityEngine.RectTransform,UnityEngine.Canvas,UnityEngine.UI.CanvasScaler,UnityEngine.UI.GraphicRaycaster,SteamKeyboard]).
[13:12:13.894] [NocturneModernGameplay] FORGETUI-TMP-TRACE; frame=5250; seq=21; bridgeActive=False; path=Canvas_UI/BrightTextMesh/TMC22; activeSelf=True; activeInHierarchy=True; text="<material="TMC22">22\n\n"; selfComponents=[UnityEngine.RectTransform,UnityEngine.CanvasRenderer,TMPro.TextMeshProUGUI,ChangeFont]; ancestors=(BrightTextMesh:[UnityEngine.RectTransform,UnityEngine.MeshFilter,UnityEngine.CanvasRenderer] > Canvas_UI:[UnityEngine.RectTransform,UnityEngine.Canvas,UnityEngine.UI.CanvasScaler,UnityEngine.UI.GraphicRaycaster,SteamKeyboard]).
[13:12:13.895] [NocturneModernGameplay] FORGETUI-TMP-TRACE; frame=5250; seq=21; bridgeActive=False; path=Canvas_UI/BrightTextMesh/TMC07; activeSelf=True; activeInHierarchy=True; text="<material="TMC07">07\n\n"; selfComponents=[UnityEngine.RectTransform,UnityEngine.CanvasRenderer,TMPro.TextMeshProUGUI,ChangeFont]; ancestors=(BrightTextMesh:[UnityEngine.RectTransform,UnityEngine.MeshFilter,UnityEngine.CanvasRenderer] > Canvas_UI:[UnityEngine.RectTransform,UnityEngine.Canvas,UnityEngine.UI.CanvasScaler,UnityEngine.UI.GraphicRaycaster,SteamKeyboard]).
[13:12:13.895] [NocturneModernGameplay] FORGETUI-TMP-TRACE; frame=5250; seq=21; bridgeActive=False; path=Canvas_UI/BrightTextMesh/MsgFont5; activeSelf=True; activeInHierarchy=True; text="<material="MsgFont5">m5\n\n"; selfComponents=[UnityEngine.RectTransform,UnityEngine.CanvasRenderer,TMPro.TextMeshProUGUI,ChangeFont]; ancestors=(BrightTextMesh:[UnityEngine.RectTransform,UnityEngine.MeshFilter,UnityEngine.CanvasRenderer] > Canvas_UI:[UnityEngine.RectTransform,UnityEngine.Canvas,UnityEngine.UI.CanvasScaler,UnityEngine.UI.GraphicRaycaster,SteamKeyboard]).
[13:12:13.896] [NocturneModernGameplay] FORGETUI-TMP-TRACE; frame=5250; seq=21; bridgeActive=False; path=Canvas_UI/BrightTextMesh/TMC04; activeSelf=True; activeInHierarchy=True; text="<material="TMC04">04\n\n"; selfComponents=[UnityEngine.RectTransform,UnityEngine.CanvasRenderer,TMPro.TextMeshProUGUI,ChangeFont]; ancestors=(BrightTextMesh:[UnityEngine.RectTransform,UnityEngine.MeshFilter,UnityEngine.CanvasRenderer] > Canvas_UI:[UnityEngine.RectTransform,UnityEngine.Canvas,UnityEngine.UI.CanvasScaler,UnityEngine.UI.GraphicRaycaster,SteamKeyboard]).
[13:12:13.896] [NocturneModernGameplay] FORGETUI-TMP-TRACE; frame=5250; seq=21; bridgeActive=False; path=Canvas_UI/BrightTextMesh/TMC09; activeSelf=True; activeInHierarchy=True; text="<material="TMC09">09\n\n"; selfComponents=[UnityEngine.RectTransform,UnityEngine.CanvasRenderer,TMPro.TextMeshProUGUI,ChangeFont]; ancestors=(BrightTextMesh:[UnityEngine.RectTransform,UnityEngine.MeshFilter,UnityEngine.CanvasRenderer] > Canvas_UI:[UnityEngine.RectTransform,UnityEngine.Canvas,UnityEngine.UI.CanvasScaler,UnityEngine.UI.GraphicRaycaster,SteamKeyboard]).
[13:12:13.896] [NocturneModernGameplay] FORGETUI-TMP-TRACE; frame=5250; seq=21; bridgeActive=False; path=Canvas_UI/BrightTextMesh/TMC12; activeSelf=True; activeInHierarchy=True; text="<material="TMC12">12\n\n"; selfComponents=[UnityEngine.RectTransform,UnityEngine.CanvasRenderer,TMPro.TextMeshProUGUI,ChangeFont]; ancestors=(BrightTextMesh:[UnityEngine.RectTransform,UnityEngine.MeshFilter,UnityEngine.CanvasRenderer] > Canvas_UI:[UnityEngine.RectTransform,UnityEngine.Canvas,UnityEngine.UI.CanvasScaler,UnityEngine.UI.GraphicRaycaster,SteamKeyboard]).
[13:12:13.896] [NocturneModernGameplay] FORGETUI-TMP-TRACE; frame=5250; seq=21; bridgeActive=False; path=Canvas_UI/BrightTextMesh/TMC15; activeSelf=True; activeInHierarchy=True; text="<material="TMC15">15\n\n"; selfComponents=[UnityEngine.RectTransform,UnityEngine.CanvasRenderer,TMPro.TextMeshProUGUI,ChangeFont]; ancestors=(BrightTextMesh:[UnityEngine.RectTransform,UnityEngine.MeshFilter,UnityEngine.CanvasRenderer] > Canvas_UI:[UnityEngine.RectTransform,UnityEngine.Canvas,UnityEngine.UI.CanvasScaler,UnityEngine.UI.GraphicRaycaster,SteamKeyboard]).
[13:12:13.897] [NocturneModernGameplay] FORGETUI-TMP-TRACE; frame=5250; seq=21; bridgeActive=False; path=Canvas_UI/BrightTextMesh/MsgFont0; activeSelf=True; activeInHierarchy=True; text="<material="MsgFont0">m0\n\n"; selfComponents=[UnityEngine.RectTransform,UnityEngine.CanvasRenderer,TMPro.TextMeshProUGUI,ChangeFont]; ancestors=(BrightTextMesh:[UnityEngine.RectTransform,UnityEngine.MeshFilter,UnityEngine.CanvasRenderer] > Canvas_UI:[UnityEngine.RectTransform,UnityEngine.Canvas,UnityEngine.UI.CanvasScaler,UnityEngine.UI.GraphicRaycaster,SteamKeyboard]).
[13:12:13.897] [NocturneModernGameplay] FORGETUI-TMP-TRACE; frame=5250; seq=21; bridgeActive=False; path=Canvas_UI/BrightTextMesh/TMC02; activeSelf=True; activeInHierarchy=True; text="<material="TMC02">02\n\n"; selfComponents=[UnityEngine.RectTransform,UnityEngine.CanvasRenderer,TMPro.TextMeshProUGUI,ChangeFont]; ancestors=(BrightTextMesh:[UnityEngine.RectTransform,UnityEngine.MeshFilter,UnityEngine.CanvasRenderer] > Canvas_UI:[UnityEngine.RectTransform,UnityEngine.Canvas,UnityEngine.UI.CanvasScaler,UnityEngine.UI.GraphicRaycaster,SteamKeyboard]).
[13:12:13.897] [NocturneModernGameplay] FORGETUI-TMP-TRACE; frame=5250; seq=21; bridgeActive=False; path=Canvas_UI/BrightTextMesh/TMC16; activeSelf=True; activeInHierarchy=True; text="<material="TMC16">16\n\n"; selfComponents=[UnityEngine.RectTransform,UnityEngine.CanvasRenderer,TMPro.TextMeshProUGUI,ChangeFont]; ancestors=(BrightTextMesh:[UnityEngine.RectTransform,UnityEngine.MeshFilter,UnityEngine.CanvasRenderer] > Canvas_UI:[UnityEngine.RectTransform,UnityEngine.Canvas,UnityEngine.UI.CanvasScaler,UnityEngine.UI.GraphicRaycaster,SteamKeyboard]).
[13:12:13.897] [NocturneModernGameplay] FORGETUI-TMP-TRACE; frame=5250; seq=21; bridgeActive=False; path=Canvas_UI/BrightTextMesh/TMC19; activeSelf=True; activeInHierarchy=True; text="<material="TMC19">19\n\n"; selfComponents=[UnityEngine.RectTransform,UnityEngine.CanvasRenderer,TMPro.TextMeshProUGUI,ChangeFont]; ancestors=(BrightTextMesh:[UnityEngine.RectTransform,UnityEngine.MeshFilter,UnityEngine.CanvasRenderer] > Canvas_UI:[UnityEngine.RectTransform,UnityEngine.Canvas,UnityEngine.UI.CanvasScaler,UnityEngine.UI.GraphicRaycaster,SteamKeyboard]).
[13:12:13.898] [NocturneModernGameplay] FORGETUI-TMP-TRACE; frame=5250; seq=21; bridgeActive=False; path=Canvas_UI/BrightTextMesh/TMC14; activeSelf=True; activeInHierarchy=True; text="<material="TMC14">14\n\n"; selfComponents=[UnityEngine.RectTransform,UnityEngine.CanvasRenderer,TMPro.TextMeshProUGUI,ChangeFont]; ancestors=(BrightTextMesh:[UnityEngine.RectTransform,UnityEngine.MeshFilter,UnityEngine.CanvasRenderer] > Canvas_UI:[UnityEngine.RectTransform,UnityEngine.Canvas,UnityEngine.UI.CanvasScaler,UnityEngine.UI.GraphicRaycaster,SteamKeyboard]).
[13:12:13.904] [NocturneModernGameplay] STATUSUI-ARRAY-TRACE; frame=5250; seq=21; bridgeActive=False; unit=59; eventParam=396; eventNums=2; eventOfs=9; obtainedTextLen=8; obtainedObjLen=8; skillCurObjLen=16; skill_baseLen=8; update_skillLen=8; awaitTextLen=8; awaitObjLen=8; await2ObjLen=8;  | [0] text="<material="TMC00">ディア" obtainedObjActive=True curObjActive=False baseObjActive=False updObjActive=False | [1] text="<material="TMC00">マハジオ" obtainedObjActive=True curObjActive=False baseObjActive=False updObjActive=False | [2] text="<material="TMC00">誘惑" obtainedObjActive=True curObjActive=False baseObjActive=False updObjActive=False | [3] text="<material="TMC00">ラクンダ" obtainedObjActive=True curObjActive=False baseObjActive=False updObjActive=False | [4] text="<material="TMC00">ポズムディ" obtainedObjActive=True curObjActive=False baseObjActive=False updObjActive=False | [5] text="<material="TMC00">羽ばたき" obtainedObjActive=True curObjActive=False baseObjActive=False updObjActive=False | [6] text="<material="TMC00">パララディ" obtainedObjActive=True curObjActive=False baseObjActive=False updObjActive=False | [7] text="<material="TMC00">メパトラ" obtainedObjActive=True curObjActive=False baseObjActive=False updObjActive=False | skillCurObj[8] active=True inHierarchy=True alpha=-1.00 anchoredPos=(0.0, 0.0) localPos=(0.0, 0.0, 0.0) localScale=(1.0, 1.0, 1.0) sizeDelta=(434.0, 56.0) renderer=n/a noMaskAncestor | await[0] text="<material="TMC21">おねだり" active=True inHierarchy=True alpha=-1.00 animState=noAnimator anchoredPos=(964.0, -12.0) localPos=(964.0, -12.0, 0.0) localScale=(1.0, 1.0, 1.0) sizeDelta=(100.0, 56.0) cull=False rendererAlpha=1.00 noMaskAncestor | await[1] text="<material="TMC14">？" active=True inHierarchy=True alpha=-1.00 animState=noAnimator anchoredPos=(964.0, -64.0) localPos=(964.0, -64.0, 0.0) localScale=(1.0, 1.0, 1.0) sizeDelta=(100.0, 56.0) cull=False rendererAlpha=1.00 noMaskAncestor | await[2] text="<material="TMC14">？" active=True inHierarchy=True alpha=-1.00 animState=noAnimator anchoredPos=(964.0, -116.0) localPos=(964.0, -116.0, 0.0) localScale=(1.0, 1.0, 1.0) sizeDelta=(100.0, 56.0) cull=False rendererAlpha=1.00 noMaskAncestor | await[3] text="" active=False inHierarchy=False alpha=-1.00 animState=noAnimator anchoredPos=(964.0, -168.0) localPos=(964.0, -168.0, 0.0) localScale=(1.0, 1.0, 1.0) sizeDelta=(100.0, 56.0) cull=False rendererAlpha=1.00 noMaskAncestor | await[4] text="" active=False inHierarchy=False alpha=-1.00 animState=noAnimator anchoredPos=(1398.0, -12.0) localPos=(1398.0, -12.0, 0.0) localScale=(1.0, 1.0, 1.0) sizeDelta=(100.0, 56.0) cull=False rendererAlpha=1.00 noMaskAncestor | await[5] text="" active=False inHierarchy=False alpha=-1.00 animState=noAnimator anchoredPos=(1398.0, -64.0) localPos=(1398.0, -64.0, 0.0) localScale=(1.0, 1.0, 1.0) sizeDelta=(100.0, 56.0) cull=False rendererAlpha=1.00 noMaskAncestor | await[6] text="" active=False inHierarchy=False alpha=-1.00 animState=noAnimator anchoredPos=(1398.0, -116.0) localPos=(1398.0, -116.0, 0.0) localScale=(1.0, 1.0, 1.0) sizeDelta=(100.0, 56.0) cull=False rendererAlpha=1.00 noMaskAncestor | await[7] text="" active=False inHierarchy=False alpha=-1.00 animState=noAnimator anchoredPos=(1398.0, -168.0) localPos=(1398.0, -168.0, 0.0) localScale=(1.0, 1.0, 1.0) sizeDelta=(100.0, 56.0) cull=False rendererAlpha=1.00 noMaskAncestor | await2[0] active=True inHierarchy=True alpha=-1.00 text="<material="TMC21">おねだり" animState=hash=1231206115;t=18.74 | await2[1] active=True inHierarchy=True alpha=-1.00 text="<material="TMC14">？" animState=hash=1231206115;t=406.66 | await2[2] active=True inHierarchy=True alpha=-1.00 text="<material="TMC14">？" animState=hash=1231206115;t=406.66 | await2[3] active=False inHierarchy=False alpha=-1.00 text="" animState=hash=0;t=0.00 | await2[4] active=False inHierarchy=False alpha=-1.00 text="" animState=hash=0;t=0.00 | await2[5] active=False inHierarchy=False alpha=-1.00 text="" animState=hash=0;t=0.00 | await2[6] active=False inHierarchy=False alpha=-1.00 text="" animState=hash=0;t=0.00 | await2[7] active=False inHierarchy=False alpha=-1.00 text="" animState=hash=0;t=0.00.
[13:12:13.905] [NocturneModernGameplay] SKILLCUROBJ-SETACTIVE; frame=5250; index=8; value=False; seq=21; bridgeActive=False.
[13:12:13.905] [NocturneModernGameplay] SKILLCUROBJ-SETACTIVE; frame=5250; index=8; value=True; seq=21; bridgeActive=False.
[13:12:13.909] [NocturneModernGameplay] HIDDEN9THGATE-HIT; frame=5249; seq=21; bridgeActive=False; unit=59; checkpoint=1:gate4Pass(chainC!=null).
[13:12:13.909] [NocturneModernGameplay] HIDDEN9THGATE-HIT; frame=5249; seq=21; bridgeActive=False; unit=59; checkpoint=2:gate5Pass(stateTag==0x15).
[13:12:13.909] [NocturneModernGameplay] HIDDEN9THGATE-HIT; frame=5249; seq=21; bridgeActive=False; unit=59; checkpoint=3:gate6Pass(field0x88!=null).
[13:12:13.913] [NocturneModernGameplay] SKILLCUROBJ-SETACTIVE; frame=5251; index=8; value=False; seq=21; bridgeActive=False.
[13:12:13.913] [NocturneModernGameplay] SKILLCUROBJ-SETACTIVE; frame=5251; index=8; value=True; seq=21; bridgeActive=False.
[13:12:13.914] [NocturneModernGameplay] HIDDEN9THGATE-HIT; frame=5250; seq=21; bridgeActive=False; unit=59; checkpoint=1:gate4Pass(chainC!=null).
[13:12:13.914] [NocturneModernGameplay] HIDDEN9THGATE-HIT; frame=5250; seq=21; bridgeActive=False; unit=59; checkpoint=2:gate5Pass(stateTag==0x15).
[13:12:13.914] [NocturneModernGameplay] HIDDEN9THGATE-HIT; frame=5250; seq=21; bridgeActive=False; unit=59; checkpoint=3:gate6Pass(field0x88!=null).
[13:12:13.949] [NocturneModernGameplay] SKILLCUROBJ-SETACTIVE; frame=5257; index=8; value=False; seq=21; bridgeActive=False.
[13:12:13.949] [NocturneModernGameplay] SKILLCUROBJ-SETACTIVE; frame=5257; index=8; value=True; seq=21; bridgeActive=False.
[13:12:13.950] [NocturneModernGameplay] HIDDEN9THGATE-HIT; frame=5256; seq=21; bridgeActive=False; unit=59; checkpoint=1:gate4Pass(chainC!=null).
[13:12:13.950] [NocturneModernGameplay] HIDDEN9THGATE-HIT; frame=5256; seq=21; bridgeActive=False; unit=59; checkpoint=2:gate5Pass(stateTag==0x15).
[13:12:13.950] [NocturneModernGameplay] HIDDEN9THGATE-HIT; frame=5256; seq=21; bridgeActive=False; unit=59; checkpoint=3:gate6Pass(field0x88!=null).
[13:12:13.984] [NocturneModernGameplay] SKILLCUROBJ-SETACTIVE; frame=5262; index=8; value=False; seq=21; bridgeActive=False.
[13:12:13.984] [NocturneModernGameplay] SKILLCUROBJ-SETACTIVE; frame=5262; index=8; value=True; seq=21; bridgeActive=False.
[13:12:13.985] [NocturneModernGameplay] HIDDEN9THGATE-HIT; frame=5261; seq=21; bridgeActive=False; unit=59; checkpoint=1:gate4Pass(chainC!=null).
[13:12:13.985] [NocturneModernGameplay] HIDDEN9THGATE-HIT; frame=5261; seq=21; bridgeActive=False; unit=59; checkpoint=2:gate5Pass(stateTag==0x15).
[13:12:13.985] [NocturneModernGameplay] HIDDEN9THGATE-HIT; frame=5261; seq=21; bridgeActive=False; unit=59; checkpoint=3:gate6Pass(field0x88!=null).
[13:12:14.023] [NocturneModernGameplay] SKILLCUROBJ-SETACTIVE; frame=5267; index=8; value=False; seq=21; bridgeActive=False.
[13:12:14.024] [NocturneModernGameplay] SKILLCUROBJ-SETACTIVE; frame=5267; index=8; value=True; seq=21; bridgeActive=False.
[13:12:14.024] [NocturneModernGameplay] HIDDEN9THGATE-HIT; frame=5266; seq=21; bridgeActive=False; unit=59; checkpoint=0:cascadeStart(gate1/2=r12); r12=0x1688B016A40.
[13:12:14.025] [NocturneModernGameplay] HIDDEN9THGATE-HIT; frame=5266; seq=21; bridgeActive=False; unit=59; checkpoint=1:gate4Pass(chainC!=null).
[13:12:14.025] [NocturneModernGameplay] HIDDEN9THGATE-HIT; frame=5266; seq=21; bridgeActive=False; unit=59; checkpoint=2:gate5Pass(stateTag==0x15).
[13:12:14.025] [NocturneModernGameplay] HIDDEN9THGATE-HIT; frame=5266; seq=21; bridgeActive=False; unit=59; checkpoint=3:gate6Pass(field0x88!=null).
[13:12:14.046] [NocturneModernGameplay] SKILLCUROBJ-SETACTIVE; frame=5271; index=8; value=False; seq=21; bridgeActive=False.
[13:12:14.047] [NocturneModernGameplay] SKILLCUROBJ-SETACTIVE; frame=5271; index=8; value=True; seq=21; bridgeActive=False.
[13:12:14.047] [NocturneModernGameplay] HIDDEN9THGATE-HIT; frame=5270; seq=21; bridgeActive=False; unit=59; checkpoint=0:cascadeStart(gate1/2=r12); r12=0x16889BDF480.
[13:12:14.047] [NocturneModernGameplay] HIDDEN9THGATE-HIT; frame=5270; seq=21; bridgeActive=False; unit=59; checkpoint=1:gate4Pass(chainC!=null).
[13:12:14.047] [NocturneModernGameplay] HIDDEN9THGATE-HIT; frame=5270; seq=21; bridgeActive=False; unit=59; checkpoint=2:gate5Pass(stateTag==0x15).
[13:12:14.048] [NocturneModernGameplay] HIDDEN9THGATE-HIT; frame=5270; seq=21; bridgeActive=False; unit=59; checkpoint=3:gate6Pass(field0x88!=null).
[13:12:14.081] [NocturneModernGameplay] SKILLCUROBJ-SETACTIVE; frame=5276; index=8; value=False; seq=21; bridgeActive=False.
[13:12:14.081] [NocturneModernGameplay] SKILLCUROBJ-SETACTIVE; frame=5276; index=8; value=True; seq=21; bridgeActive=False.
[13:12:14.082] [NocturneModernGameplay] HIDDEN9THGATE-HIT; frame=5275; seq=21; bridgeActive=False; unit=59; checkpoint=0:cascadeStart(gate1/2=r12); r12=0x168893D5B00.
[13:12:14.082] [NocturneModernGameplay] HIDDEN9THGATE-HIT; frame=5275; seq=21; bridgeActive=False; unit=59; checkpoint=1:gate4Pass(chainC!=null).
[13:12:14.082] [NocturneModernGameplay] HIDDEN9THGATE-HIT; frame=5275; seq=21; bridgeActive=False; unit=59; checkpoint=2:gate5Pass(stateTag==0x15).
[13:12:14.082] [NocturneModernGameplay] HIDDEN9THGATE-HIT; frame=5275; seq=21; bridgeActive=False; unit=59; checkpoint=3:gate6Pass(field0x88!=null).
[13:12:14.116] [NocturneModernGameplay] SKILLCUROBJ-SETACTIVE; frame=5281; index=8; value=False; seq=21; bridgeActive=False.
[13:12:14.116] [NocturneModernGameplay] SKILLCUROBJ-SETACTIVE; frame=5281; index=8; value=True; seq=21; bridgeActive=False.
[13:12:14.116] [NocturneModernGameplay] HIDDEN9THGATE-HIT; frame=5280; seq=21; bridgeActive=False; unit=59; checkpoint=0:cascadeStart(gate1/2=r12); r12=0x168893FDF40.
[13:12:14.117] [NocturneModernGameplay] HIDDEN9THGATE-HIT; frame=5280; seq=21; bridgeActive=False; unit=59; checkpoint=1:gate4Pass(chainC!=null).
[13:12:14.117] [NocturneModernGameplay] HIDDEN9THGATE-HIT; frame=5280; seq=21; bridgeActive=False; unit=59; checkpoint=2:gate5Pass(stateTag==0x15).
[13:12:14.117] [NocturneModernGameplay] HIDDEN9THGATE-HIT; frame=5280; seq=21; bridgeActive=False; unit=59; checkpoint=3:gate6Pass(field0x88!=null).
[13:12:14.150] [NocturneModernGameplay] SKILLCUROBJ-SETACTIVE; frame=5286; index=8; value=False; seq=21; bridgeActive=False.
[13:12:14.151] [NocturneModernGameplay] SKILLCUROBJ-SETACTIVE; frame=5286; index=8; value=True; seq=21; bridgeActive=False.
[13:12:14.151] [NocturneModernGameplay] HIDDEN9THGATE-HIT; frame=5285; seq=21; bridgeActive=False; unit=59; checkpoint=0:cascadeStart(gate1/2=r12); r12=0x168898665C0.
[13:12:14.151] [NocturneModernGameplay] HIDDEN9THGATE-HIT; frame=5285; seq=21; bridgeActive=False; unit=59; checkpoint=1:gate4Pass(chainC!=null).
[13:12:14.151] [NocturneModernGameplay] HIDDEN9THGATE-HIT; frame=5285; seq=21; bridgeActive=False; unit=59; checkpoint=2:gate5Pass(stateTag==0x15).
[13:12:14.151] [NocturneModernGameplay] HIDDEN9THGATE-HIT; frame=5285; seq=21; bridgeActive=False; unit=59; checkpoint=3:gate6Pass(field0x88!=null).
[13:12:14.185] [NocturneModernGameplay] SKILLCUROBJ-SETACTIVE; frame=5291; index=8; value=False; seq=21; bridgeActive=False.
[13:12:14.185] [NocturneModernGameplay] SKILLCUROBJ-SETACTIVE; frame=5291; index=8; value=True; seq=21; bridgeActive=False.
[13:12:14.186] [NocturneModernGameplay] HIDDEN9THGATE-HIT; frame=5290; seq=21; bridgeActive=False; unit=59; checkpoint=0:cascadeStart(gate1/2=r12); r12=0x1688988CC40.
[13:12:14.186] [NocturneModernGameplay] HIDDEN9THGATE-HIT; frame=5290; seq=21; bridgeActive=False; unit=59; checkpoint=1:gate4Pass(chainC!=null).
[13:12:14.186] [NocturneModernGameplay] HIDDEN9THGATE-HIT; frame=5290; seq=21; bridgeActive=False; unit=59; checkpoint=2:gate5Pass(stateTag==0x15).
[13:12:14.186] [NocturneModernGameplay] HIDDEN9THGATE-HIT; frame=5290; seq=21; bridgeActive=False; unit=59; checkpoint=3:gate6Pass(field0x88!=null).
[13:12:14.213] [NocturneModernGameplay] FORGETUI-TMP-TRACE; frame=5295; seq=21; bridgeActive=False; path=Canvas_UI/campUIBase/statusUI(Clone)/sfeature/skillhelp_mask/TextTM_full; activeSelf=True; activeInHierarchy=True; text="<material="TMC21">マッカやアイテムを差し出すよう求める"; selfComponents=[UnityEngine.RectTransform,UnityEngine.CanvasRenderer,TMPro.TextMeshProUGUI,ChangeFont,ScrollText]; ancestors=(skillhelp_mask:[UnityEngine.RectTransform,UnityEngine.UI.RectMask2D] > sfeature:[UnityEngine.RectTransform,UnityEngine.Animator] > statusUI(Clone):[UnityEngine.RectTransform,statusUI,UiHD] > campUIBase:[UnityEngine.RectTransform]).
[13:12:14.214] [NocturneModernGameplay] STATUSUI-ARRAY-TRACE; frame=5295; seq=21; bridgeActive=False; unit=59; eventParam=396; eventNums=2; eventOfs=9; obtainedTextLen=8; obtainedObjLen=8; skillCurObjLen=16; skill_baseLen=8; update_skillLen=8; awaitTextLen=8; awaitObjLen=8; await2ObjLen=8;  | [0] text="<material="TMC00">ディア" obtainedObjActive=True curObjActive=False baseObjActive=False updObjActive=False | [1] text="<material="TMC00">マハジオ" obtainedObjActive=True curObjActive=False baseObjActive=False updObjActive=False | [2] text="<material="TMC00">誘惑" obtainedObjActive=True curObjActive=False baseObjActive=False updObjActive=False | [3] text="<material="TMC00">ラクンダ" obtainedObjActive=True curObjActive=False baseObjActive=False updObjActive=False | [4] text="<material="TMC00">ポズムディ" obtainedObjActive=True curObjActive=False baseObjActive=False updObjActive=False | [5] text="<material="TMC00">羽ばたき" obtainedObjActive=True curObjActive=False baseObjActive=False updObjActive=False | [6] text="<material="TMC00">パララディ" obtainedObjActive=True curObjActive=False baseObjActive=False updObjActive=False | [7] text="<material="TMC00">メパトラ" obtainedObjActive=True curObjActive=False baseObjActive=False updObjActive=False | skillCurObj[8] active=True inHierarchy=True alpha=-1.00 anchoredPos=(0.0, 0.0) localPos=(0.0, 0.0, 0.0) localScale=(1.0, 1.0, 1.0) sizeDelta=(434.0, 56.0) renderer=n/a noMaskAncestor | await[0] text="<material="TMC21">おねだり" active=True inHierarchy=True alpha=-1.00 animState=noAnimator anchoredPos=(964.0, -12.0) localPos=(964.0, -12.0, 0.0) localScale=(1.0, 1.0, 1.0) sizeDelta=(100.0, 56.0) cull=False rendererAlpha=1.00 noMaskAncestor | await[1] text="<material="TMC14">？" active=True inHierarchy=True alpha=-1.00 animState=noAnimator anchoredPos=(964.0, -64.0) localPos=(964.0, -64.0, 0.0) localScale=(1.0, 1.0, 1.0) sizeDelta=(100.0, 56.0) cull=False rendererAlpha=1.00 noMaskAncestor | await[2] text="<material="TMC14">？" active=True inHierarchy=True alpha=-1.00 animState=noAnimator anchoredPos=(964.0, -116.0) localPos=(964.0, -116.0, 0.0) localScale=(1.0, 1.0, 1.0) sizeDelta=(100.0, 56.0) cull=False rendererAlpha=1.00 noMaskAncestor | await[3] text="" active=False inHierarchy=False alpha=-1.00 animState=noAnimator anchoredPos=(964.0, -168.0) localPos=(964.0, -168.0, 0.0) localScale=(1.0, 1.0, 1.0) sizeDelta=(100.0, 56.0) cull=False rendererAlpha=1.00 noMaskAncestor | await[4] text="" active=False inHierarchy=False alpha=-1.00 animState=noAnimator anchoredPos=(1398.0, -12.0) localPos=(1398.0, -12.0, 0.0) localScale=(1.0, 1.0, 1.0) sizeDelta=(100.0, 56.0) cull=False rendererAlpha=1.00 noMaskAncestor | await[5] text="" active=False inHierarchy=False alpha=-1.00 animState=noAnimator anchoredPos=(1398.0, -64.0) localPos=(1398.0, -64.0, 0.0) localScale=(1.0, 1.0, 1.0) sizeDelta=(100.0, 56.0) cull=False rendererAlpha=1.00 noMaskAncestor | await[6] text="" active=False inHierarchy=False alpha=-1.00 animState=noAnimator anchoredPos=(1398.0, -116.0) localPos=(1398.0, -116.0, 0.0) localScale=(1.0, 1.0, 1.0) sizeDelta=(100.0, 56.0) cull=False rendererAlpha=1.00 noMaskAncestor | await[7] text="" active=False inHierarchy=False alpha=-1.00 animState=noAnimator anchoredPos=(1398.0, -168.0) localPos=(1398.0, -168.0, 0.0) localScale=(1.0, 1.0, 1.0) sizeDelta=(100.0, 56.0) cull=False rendererAlpha=1.00 noMaskAncestor | await2[0] active=True inHierarchy=True alpha=-1.00 text="<material="TMC21">おねだり" animState=hash=1231206115;t=28.74 | await2[1] active=True inHierarchy=True alpha=-1.00 text="<material="TMC14">？" animState=hash=1231206115;t=416.65 | await2[2] active=True inHierarchy=True alpha=-1.00 text="<material="TMC14">？" animState=hash=1231206115;t=416.65 | await2[3] active=False inHierarchy=False alpha=-1.00 text="" animState=hash=0;t=0.00 | await2[4] active=False inHierarchy=False alpha=-1.00 text="" animState=hash=0;t=0.00 | await2[5] active=False inHierarchy=False alpha=-1.00 text="" animState=hash=0;t=0.00 | await2[6] active=False inHierarchy=False alpha=-1.00 text="" animState=hash=0;t=0.00 | await2[7] active=False inHierarchy=False alpha=-1.00 text="" animState=hash=0;t=0.00.
[13:12:14.215] [NocturneModernGameplay] SKILLCUROBJ-SETACTIVE; frame=5295; index=8; value=False; seq=21; bridgeActive=False.
[13:12:14.215] [NocturneModernGameplay] SKILLCUROBJ-SETACTIVE; frame=5295; index=8; value=True; seq=21; bridgeActive=False.
[13:12:14.216] [NocturneModernGameplay] HIDDEN9THGATE-HIT; frame=5294; seq=21; bridgeActive=False; unit=59; checkpoint=0:cascadeStart(gate1/2=r12); r12=0x168898B88C0.
[13:12:14.216] [NocturneModernGameplay] HIDDEN9THGATE-HIT; frame=5294; seq=21; bridgeActive=False; unit=59; checkpoint=1:gate4Pass(chainC!=null).
[13:12:14.216] [NocturneModernGameplay] HIDDEN9THGATE-HIT; frame=5294; seq=21; bridgeActive=False; unit=59; checkpoint=2:gate5Pass(stateTag==0x15).
[13:12:14.217] [NocturneModernGameplay] HIDDEN9THGATE-HIT; frame=5294; seq=21; bridgeActive=False; unit=59; checkpoint=3:gate6Pass(field0x88!=null).
[13:12:14.248] [NocturneModernGameplay] SKILLCUROBJ-SETACTIVE; frame=5300; index=8; value=False; seq=21; bridgeActive=False.
[13:12:14.248] [NocturneModernGameplay] SKILLCUROBJ-SETACTIVE; frame=5300; index=8; value=True; seq=21; bridgeActive=False.
[13:12:14.249] [NocturneModernGameplay] HIDDEN9THGATE-HIT; frame=5299; seq=21; bridgeActive=False; unit=59; checkpoint=0:cascadeStart(gate1/2=r12); r12=0x168898DFF40.
[13:12:14.249] [NocturneModernGameplay] HIDDEN9THGATE-HIT; frame=5299; seq=21; bridgeActive=False; unit=59; checkpoint=1:gate4Pass(chainC!=null).
[13:12:14.249] [NocturneModernGameplay] HIDDEN9THGATE-HIT; frame=5299; seq=21; bridgeActive=False; unit=59; checkpoint=2:gate5Pass(stateTag==0x15).
[13:12:14.249] [NocturneModernGameplay] HIDDEN9THGATE-HIT; frame=5299; seq=21; bridgeActive=False; unit=59; checkpoint=3:gate6Pass(field0x88!=null).
[13:12:14.282] [NocturneModernGameplay] SKILLCUROBJ-SETACTIVE; frame=5305; index=8; value=False; seq=21; bridgeActive=False.
[13:12:14.283] [NocturneModernGameplay] SKILLCUROBJ-SETACTIVE; frame=5305; index=8; value=True; seq=21; bridgeActive=False.
[13:12:14.283] [NocturneModernGameplay] HIDDEN9THGATE-HIT; frame=5304; seq=21; bridgeActive=False; unit=59; checkpoint=0:cascadeStart(gate1/2=r12); r12=0x168895915C0.
[13:12:14.283] [NocturneModernGameplay] HIDDEN9THGATE-HIT; frame=5304; seq=21; bridgeActive=False; unit=59; checkpoint=1:gate4Pass(chainC!=null).
[13:12:14.284] [NocturneModernGameplay] HIDDEN9THGATE-HIT; frame=5304; seq=21; bridgeActive=False; unit=59; checkpoint=2:gate5Pass(stateTag==0x15).
[13:12:14.284] [NocturneModernGameplay] HIDDEN9THGATE-HIT; frame=5304; seq=21; bridgeActive=False; unit=59; checkpoint=3:gate6Pass(field0x88!=null).
[13:12:14.317] [NocturneModernGameplay] SKILLCURSOR-FIELD-TRACE; frame=5310; seq=21; bridgeActive=False; unit=59; listNums=8; invisibleListNums=0; index=0; shift=4; drawShift=0; shiftMax=8; stopFlag=0; stepY=0.
[13:12:14.318] [NocturneModernGameplay] STATUSUI-ARRAY-TRACE; frame=5310; seq=21; bridgeActive=False; unit=59; eventParam=396; eventNums=2; eventOfs=9; obtainedTextLen=8; obtainedObjLen=8; skillCurObjLen=16; skill_baseLen=8; update_skillLen=8; awaitTextLen=8; awaitObjLen=8; await2ObjLen=8;  | [0] text="<material="TMC00">ディア" obtainedObjActive=True curObjActive=False baseObjActive=False updObjActive=False | [1] text="<material="TMC00">マハジオ" obtainedObjActive=True curObjActive=False baseObjActive=False updObjActive=False | [2] text="<material="TMC00">誘惑" obtainedObjActive=True curObjActive=False baseObjActive=False updObjActive=False | [3] text="<material="TMC00">ラクンダ" obtainedObjActive=True curObjActive=False baseObjActive=False updObjActive=False | [4] text="<material="TMC00">ポズムディ" obtainedObjActive=True curObjActive=False baseObjActive=False updObjActive=False | [5] text="<material="TMC00">羽ばたき" obtainedObjActive=True curObjActive=False baseObjActive=False updObjActive=False | [6] text="<material="TMC00">パララディ" obtainedObjActive=True curObjActive=False baseObjActive=False updObjActive=False | [7] text="<material="TMC00">メパトラ" obtainedObjActive=True curObjActive=False baseObjActive=False updObjActive=False | skillCurObj[8] active=True inHierarchy=True alpha=-1.00 anchoredPos=(0.0, 0.0) localPos=(0.0, 0.0, 0.0) localScale=(1.0, 1.0, 1.0) sizeDelta=(434.0, 56.0) renderer=n/a noMaskAncestor | await[0] text="<material="TMC21">おねだり" active=True inHierarchy=True alpha=-1.00 animState=noAnimator anchoredPos=(964.0, -12.0) localPos=(964.0, -12.0, 0.0) localScale=(1.0, 1.0, 1.0) sizeDelta=(100.0, 56.0) cull=False rendererAlpha=1.00 noMaskAncestor | await[1] text="<material="TMC14">？" active=True inHierarchy=True alpha=-1.00 animState=noAnimator anchoredPos=(964.0, -64.0) localPos=(964.0, -64.0, 0.0) localScale=(1.0, 1.0, 1.0) sizeDelta=(100.0, 56.0) cull=False rendererAlpha=1.00 noMaskAncestor | await[2] text="<material="TMC14">？" active=True inHierarchy=True alpha=-1.00 animState=noAnimator anchoredPos=(964.0, -116.0) localPos=(964.0, -116.0, 0.0) localScale=(1.0, 1.0, 1.0) sizeDelta=(100.0, 56.0) cull=False rendererAlpha=1.00 noMaskAncestor | await[3] text="" active=False inHierarchy=False alpha=-1.00 animState=noAnimator anchoredPos=(964.0, -168.0) localPos=(964.0, -168.0, 0.0) localScale=(1.0, 1.0, 1.0) sizeDelta=(100.0, 56.0) cull=False rendererAlpha=1.00 noMaskAncestor | await[4] text="" active=False inHierarchy=False alpha=-1.00 animState=noAnimator anchoredPos=(1398.0, -12.0) localPos=(1398.0, -12.0, 0.0) localScale=(1.0, 1.0, 1.0) sizeDelta=(100.0, 56.0) cull=False rendererAlpha=1.00 noMaskAncestor | await[5] text="" active=False inHierarchy=False alpha=-1.00 animState=noAnimator anchoredPos=(1398.0, -64.0) localPos=(1398.0, -64.0, 0.0) localScale=(1.0, 1.0, 1.0) sizeDelta=(100.0, 56.0) cull=False rendererAlpha=1.00 noMaskAncestor | await[6] text="" active=False inHierarchy=False alpha=-1.00 animState=noAnimator anchoredPos=(1398.0, -116.0) localPos=(1398.0, -116.0, 0.0) localScale=(1.0, 1.0, 1.0) sizeDelta=(100.0, 56.0) cull=False rendererAlpha=1.00 noMaskAncestor | await[7] text="" active=False inHierarchy=False alpha=-1.00 animState=noAnimator anchoredPos=(1398.0, -168.0) localPos=(1398.0, -168.0, 0.0) localScale=(1.0, 1.0, 1.0) sizeDelta=(100.0, 56.0) cull=False rendererAlpha=1.00 noMaskAncestor | await2[0] active=True inHierarchy=True alpha=-1.00 text="<material="TMC21">おねだり" animState=hash=1231206115;t=31.87 | await2[1] active=True inHierarchy=True alpha=-1.00 text="<material="TMC14">？" animState=hash=1231206115;t=419.78 | await2[2] active=True inHierarchy=True alpha=-1.00 text="<material="TMC14">？" animState=hash=1231206115;t=419.78 | await2[3] active=False inHierarchy=False alpha=-1.00 text="" animState=hash=0;t=0.00 | await2[4] active=False inHierarchy=False alpha=-1.00 text="" animState=hash=0;t=0.00 | await2[5] active=False inHierarchy=False alpha=-1.00 text="" animState=hash=0;t=0.00 | await2[6] active=False inHierarchy=False alpha=-1.00 text="" animState=hash=0;t=0.00 | await2[7] active=False inHierarchy=False alpha=-1.00 text="" animState=hash=0;t=0.00.
[13:12:14.319] [NocturneModernGameplay] SKILLCUROBJ-SETACTIVE; frame=5310; index=8; value=False; seq=21; bridgeActive=False.
[13:12:14.319] [NocturneModernGameplay] SKILLCUROBJ-SETACTIVE; frame=5310; index=4; value=True; seq=21; bridgeActive=False.
[13:12:14.320] [NocturneModernGameplay] HIDDEN9THGATE-HIT; frame=5309; seq=21; bridgeActive=False; unit=59; checkpoint=1:gate4Pass(chainC!=null).
[13:12:14.320] [NocturneModernGameplay] HIDDEN9THGATE-HIT; frame=5309; seq=21; bridgeActive=False; unit=59; checkpoint=2:gate5Pass(stateTag==0x15).
[13:12:14.320] [NocturneModernGameplay] HIDDEN9THGATE-HIT; frame=5309; seq=21; bridgeActive=False; unit=59; checkpoint=3:gate6Pass(field0x88!=null).
[13:12:14.352] [NocturneModernGameplay] SKILLCUROBJ-SETACTIVE; frame=5315; index=4; value=False; seq=21; bridgeActive=False.
[13:12:14.352] [NocturneModernGameplay] SKILLCUROBJ-SETACTIVE; frame=5315; index=4; value=True; seq=21; bridgeActive=False.
[13:12:14.353] [NocturneModernGameplay] HIDDEN9THGATE-HIT; frame=5314; seq=21; bridgeActive=False; unit=59; checkpoint=1:gate4Pass(chainC!=null).
[13:12:14.353] [NocturneModernGameplay] HIDDEN9THGATE-HIT; frame=5314; seq=21; bridgeActive=False; unit=59; checkpoint=2:gate5Pass(stateTag==0x15).
[13:12:14.353] [NocturneModernGameplay] HIDDEN9THGATE-HIT; frame=5314; seq=21; bridgeActive=False; unit=59; checkpoint=3:gate6Pass(field0x88!=null).
[13:12:14.380] [NocturneModernGameplay] SKILLCUROBJ-SETACTIVE; frame=5319; index=4; value=False; seq=21; bridgeActive=False.
[13:12:14.380] [NocturneModernGameplay] SKILLCUROBJ-SETACTIVE; frame=5319; index=4; value=True; seq=21; bridgeActive=False.
[13:12:14.380] [NocturneModernGameplay] HIDDEN9THGATE-HIT; frame=5318; seq=21; bridgeActive=False; unit=59; checkpoint=1:gate4Pass(chainC!=null).
[13:12:14.381] [NocturneModernGameplay] HIDDEN9THGATE-HIT; frame=5318; seq=21; bridgeActive=False; unit=59; checkpoint=2:gate5Pass(stateTag==0x15).
[13:12:14.381] [NocturneModernGameplay] HIDDEN9THGATE-HIT; frame=5318; seq=21; bridgeActive=False; unit=59; checkpoint=3:gate6Pass(field0x88!=null).
[13:12:14.414] [NocturneModernGameplay] SKILLCUROBJ-SETACTIVE; frame=5324; index=4; value=False; seq=21; bridgeActive=False.
[13:12:14.414] [NocturneModernGameplay] SKILLCUROBJ-SETACTIVE; frame=5324; index=4; value=True; seq=21; bridgeActive=False.
[13:12:14.415] [NocturneModernGameplay] HIDDEN9THGATE-HIT; frame=5323; seq=21; bridgeActive=False; unit=59; checkpoint=1:gate4Pass(chainC!=null).
[13:12:14.416] [NocturneModernGameplay] HIDDEN9THGATE-HIT; frame=5323; seq=21; bridgeActive=False; unit=59; checkpoint=2:gate5Pass(stateTag==0x15).
[13:12:14.416] [NocturneModernGameplay] HIDDEN9THGATE-HIT; frame=5323; seq=21; bridgeActive=False; unit=59; checkpoint=3:gate6Pass(field0x88!=null).
[13:12:14.449] [NocturneModernGameplay] SKILLCUROBJ-SETACTIVE; frame=5329; index=4; value=False; seq=21; bridgeActive=False.
[13:12:14.449] [NocturneModernGameplay] SKILLCUROBJ-SETACTIVE; frame=5329; index=4; value=True; seq=21; bridgeActive=False.
[13:12:14.450] [NocturneModernGameplay] HIDDEN9THGATE-HIT; frame=5328; seq=21; bridgeActive=False; unit=59; checkpoint=1:gate4Pass(chainC!=null).
[13:12:14.450] [NocturneModernGameplay] HIDDEN9THGATE-HIT; frame=5328; seq=21; bridgeActive=False; unit=59; checkpoint=2:gate5Pass(stateTag==0x15).
[13:12:14.450] [NocturneModernGameplay] HIDDEN9THGATE-HIT; frame=5328; seq=21; bridgeActive=False; unit=59; checkpoint=3:gate6Pass(field0x88!=null).
[13:12:14.484] [NocturneModernGameplay] SKILLCUROBJ-SETACTIVE; frame=5334; index=4; value=False; seq=21; bridgeActive=False.
[13:12:14.484] [NocturneModernGameplay] SKILLCUROBJ-SETACTIVE; frame=5334; index=4; value=True; seq=21; bridgeActive=False.
[13:12:14.485] [NocturneModernGameplay] HIDDEN9THGATE-HIT; frame=5333; seq=21; bridgeActive=False; unit=59; checkpoint=1:gate4Pass(chainC!=null).
[13:12:14.485] [NocturneModernGameplay] HIDDEN9THGATE-HIT; frame=5333; seq=21; bridgeActive=False; unit=59; checkpoint=2:gate5Pass(stateTag==0x15).
[13:12:14.485] [NocturneModernGameplay] HIDDEN9THGATE-HIT; frame=5333; seq=21; bridgeActive=False; unit=59; checkpoint=3:gate6Pass(field0x88!=null).
[13:12:14.518] [NocturneModernGameplay] SKILLCURSOR-FIELD-TRACE; frame=5339; seq=21; bridgeActive=False; unit=59; listNums=8; invisibleListNums=0; index=0; shift=0; drawShift=0; shiftMax=8; stopFlag=0; stepY=0.
[13:12:14.519] [Nocturne_Detailed_Skill_Info] AUTO_HELP id=36 name="ディア" before="味方単体のＨＰを / 小回復" after="味方単体のＨＰを / 小回復　回復基礎値:10"
[13:12:14.519] [NocturneModernGameplay] SKILLCUROBJ-SETACTIVE; frame=5339; index=4; value=False; seq=21; bridgeActive=False.
[13:12:14.519] [NocturneModernGameplay] SKILLCUROBJ-SETACTIVE; frame=5339; index=0; value=True; seq=21; bridgeActive=False.
[13:12:14.520] [NocturneModernGameplay] HIDDEN9THGATE-HIT; frame=5338; seq=21; bridgeActive=False; unit=59; checkpoint=1:gate4Pass(chainC!=null).
[13:12:14.520] [NocturneModernGameplay] HIDDEN9THGATE-HIT; frame=5338; seq=21; bridgeActive=False; unit=59; checkpoint=2:gate5Pass(stateTag==0x15).
[13:12:14.520] [NocturneModernGameplay] HIDDEN9THGATE-HIT; frame=5338; seq=21; bridgeActive=False; unit=59; checkpoint=3:gate6Pass(field0x88!=null).
[13:12:14.546] [NocturneModernGameplay] SKILLCUROBJ-SETACTIVE; frame=5343; index=0; value=False; seq=21; bridgeActive=False.
[13:12:14.547] [NocturneModernGameplay] SKILLCUROBJ-SETACTIVE; frame=5343; index=0; value=True; seq=21; bridgeActive=False.
[13:12:14.547] [NocturneModernGameplay] HIDDEN9THGATE-HIT; frame=5342; seq=21; bridgeActive=False; unit=59; checkpoint=1:gate4Pass(chainC!=null).
[13:12:14.548] [NocturneModernGameplay] HIDDEN9THGATE-HIT; frame=5342; seq=21; bridgeActive=False; unit=59; checkpoint=2:gate5Pass(stateTag==0x15).
[13:12:14.548] [NocturneModernGameplay] HIDDEN9THGATE-HIT; frame=5342; seq=21; bridgeActive=False; unit=59; checkpoint=3:gate6Pass(field0x88!=null).
[13:12:14.581] [NocturneModernGameplay] SKILLCUROBJ-SETACTIVE; frame=5348; index=0; value=False; seq=21; bridgeActive=False.
[13:12:14.581] [NocturneModernGameplay] SKILLCUROBJ-SETACTIVE; frame=5348; index=0; value=True; seq=21; bridgeActive=False.
[13:12:14.582] [NocturneModernGameplay] HIDDEN9THGATE-HIT; frame=5347; seq=21; bridgeActive=False; unit=59; checkpoint=1:gate4Pass(chainC!=null).
[13:12:14.582] [NocturneModernGameplay] HIDDEN9THGATE-HIT; frame=5347; seq=21; bridgeActive=False; unit=59; checkpoint=2:gate5Pass(stateTag==0x15).
[13:12:14.582] [NocturneModernGameplay] HIDDEN9THGATE-HIT; frame=5347; seq=21; bridgeActive=False; unit=59; checkpoint=3:gate6Pass(field0x88!=null).
[13:12:14.616] [NocturneModernGameplay] SKILLCUROBJ-SETACTIVE; frame=5353; index=0; value=False; seq=21; bridgeActive=False.
[13:12:14.616] [NocturneModernGameplay] SKILLCUROBJ-SETACTIVE; frame=5353; index=0; value=True; seq=21; bridgeActive=False.
[13:12:14.617] [NocturneModernGameplay] HIDDEN9THGATE-HIT; frame=5352; seq=21; bridgeActive=False; unit=59; checkpoint=1:gate4Pass(chainC!=null).
[13:12:14.617] [NocturneModernGameplay] HIDDEN9THGATE-HIT; frame=5352; seq=21; bridgeActive=False; unit=59; checkpoint=2:gate5Pass(stateTag==0x15).
[13:12:14.617] [NocturneModernGameplay] HIDDEN9THGATE-HIT; frame=5352; seq=21; bridgeActive=False; unit=59; checkpoint=3:gate6Pass(field0x88!=null).
[13:12:14.650] [NocturneModernGameplay] SKILLCUROBJ-SETACTIVE; frame=5358; index=0; value=False; seq=21; bridgeActive=False.
[13:12:14.651] [NocturneModernGameplay] SKILLCUROBJ-SETACTIVE; frame=5358; index=0; value=True; seq=21; bridgeActive=False.
[13:12:14.651] [NocturneModernGameplay] HIDDEN9THGATE-HIT; frame=5357; seq=21; bridgeActive=False; unit=59; checkpoint=1:gate4Pass(chainC!=null).
[13:12:14.651] [NocturneModernGameplay] HIDDEN9THGATE-HIT; frame=5357; seq=21; bridgeActive=False; unit=59; checkpoint=2:gate5Pass(stateTag==0x15).
[13:12:14.651] [NocturneModernGameplay] HIDDEN9THGATE-HIT; frame=5357; seq=21; bridgeActive=False; unit=59; checkpoint=3:gate6Pass(field0x88!=null).
[13:12:14.685] [NocturneModernGameplay] SKILLCUROBJ-SETACTIVE; frame=5363; index=0; value=False; seq=21; bridgeActive=False.
[13:12:14.685] [NocturneModernGameplay] SKILLCUROBJ-SETACTIVE; frame=5363; index=0; value=True; seq=21; bridgeActive=False.
[13:12:14.686] [NocturneModernGameplay] HIDDEN9THGATE-HIT; frame=5362; seq=21; bridgeActive=False; unit=59; checkpoint=1:gate4Pass(chainC!=null).
[13:12:14.686] [NocturneModernGameplay] HIDDEN9THGATE-HIT; frame=5362; seq=21; bridgeActive=False; unit=59; checkpoint=2:gate5Pass(stateTag==0x15).
[13:12:14.686] [NocturneModernGameplay] HIDDEN9THGATE-HIT; frame=5362; seq=21; bridgeActive=False; unit=59; checkpoint=3:gate6Pass(field0x88!=null).
[13:12:14.713] [NocturneModernGameplay] SKILLCUROBJ-SETACTIVE; frame=5367; index=0; value=False; seq=21; bridgeActive=False.
[13:12:14.713] [NocturneModernGameplay] SKILLCUROBJ-SETACTIVE; frame=5367; index=0; value=True; seq=21; bridgeActive=False.
[13:12:14.714] [NocturneModernGameplay] HIDDEN9THGATE-HIT; frame=5366; seq=21; bridgeActive=False; unit=59; checkpoint=1:gate4Pass(chainC!=null).
[13:12:14.714] [NocturneModernGameplay] HIDDEN9THGATE-HIT; frame=5366; seq=21; bridgeActive=False; unit=59; checkpoint=2:gate5Pass(stateTag==0x15).
[13:12:14.714] [NocturneModernGameplay] HIDDEN9THGATE-HIT; frame=5366; seq=21; bridgeActive=False; unit=59; checkpoint=3:gate6Pass(field0x88!=null).
[13:12:14.747] [NocturneModernGameplay] SKILLCURSOR-FIELD-TRACE; frame=5372; seq=21; bridgeActive=False; unit=59; listNums=8; invisibleListNums=0; index=0; shift=1; drawShift=1; shiftMax=8; stopFlag=0; stepY=0.
[13:12:14.748] [Nocturne_Detailed_Skill_Info] AUTO_HELP id=16 name="マハジオ" before="敵全体に電撃属性の / 小ダメージ" after="敵全体に電撃属性の / 小ダメージ　威力:20　命中:100　感電付与値:10"
[13:12:14.748] [NocturneModernGameplay] SKILLCUROBJ-SETACTIVE; frame=5372; index=0; value=False; seq=21; bridgeActive=False.
[13:12:14.749] [NocturneModernGameplay] SKILLCUROBJ-SETACTIVE; frame=5372; index=1; value=True; seq=21; bridgeActive=False.
[13:12:14.749] [NocturneModernGameplay] HIDDEN9THGATE-HIT; frame=5371; seq=21; bridgeActive=False; unit=59; checkpoint=1:gate4Pass(chainC!=null).
[13:12:14.750] [NocturneModernGameplay] HIDDEN9THGATE-HIT; frame=5371; seq=21; bridgeActive=False; unit=59; checkpoint=2:gate5Pass(stateTag==0x15).
[13:12:14.750] [NocturneModernGameplay] HIDDEN9THGATE-HIT; frame=5371; seq=21; bridgeActive=False; unit=59; checkpoint=3:gate6Pass(field0x88!=null).
[13:12:14.782] [NocturneModernGameplay] SKILLCUROBJ-SETACTIVE; frame=5377; index=1; value=False; seq=21; bridgeActive=False.
[13:12:14.783] [NocturneModernGameplay] SKILLCUROBJ-SETACTIVE; frame=5377; index=1; value=True; seq=21; bridgeActive=False.
[13:12:14.784] [NocturneModernGameplay] HIDDEN9THGATE-HIT; frame=5376; seq=21; bridgeActive=False; unit=59; checkpoint=1:gate4Pass(chainC!=null).
[13:12:14.784] [NocturneModernGameplay] HIDDEN9THGATE-HIT; frame=5376; seq=21; bridgeActive=False; unit=59; checkpoint=2:gate5Pass(stateTag==0x15).
[13:12:14.784] [NocturneModernGameplay] HIDDEN9THGATE-HIT; frame=5376; seq=21; bridgeActive=False; unit=59; checkpoint=3:gate6Pass(field0x88!=null).
[13:12:14.817] [NocturneModernGameplay] SKILLCUROBJ-SETACTIVE; frame=5382; index=1; value=False; seq=21; bridgeActive=False.
[13:12:14.817] [NocturneModernGameplay] SKILLCUROBJ-SETACTIVE; frame=5382; index=1; value=True; seq=21; bridgeActive=False.
[13:12:14.818] [NocturneModernGameplay] HIDDEN9THGATE-HIT; frame=5381; seq=21; bridgeActive=False; unit=59; checkpoint=1:gate4Pass(chainC!=null).
[13:12:14.818] [NocturneModernGameplay] HIDDEN9THGATE-HIT; frame=5381; seq=21; bridgeActive=False; unit=59; checkpoint=2:gate5Pass(stateTag==0x15).
[13:12:14.818] [NocturneModernGameplay] HIDDEN9THGATE-HIT; frame=5381; seq=21; bridgeActive=False; unit=59; checkpoint=3:gate6Pass(field0x88!=null).
[13:12:14.852] [NocturneModernGameplay] SKILLCUROBJ-SETACTIVE; frame=5387; index=1; value=False; seq=21; bridgeActive=False.
[13:12:14.852] [NocturneModernGameplay] SKILLCUROBJ-SETACTIVE; frame=5387; index=1; value=True; seq=21; bridgeActive=False.
[13:12:14.853] [NocturneModernGameplay] HIDDEN9THGATE-HIT; frame=5386; seq=21; bridgeActive=False; unit=59; checkpoint=1:gate4Pass(chainC!=null).
[13:12:14.853] [NocturneModernGameplay] HIDDEN9THGATE-HIT; frame=5386; seq=21; bridgeActive=False; unit=59; checkpoint=2:gate5Pass(stateTag==0x15).
[13:12:14.853] [NocturneModernGameplay] HIDDEN9THGATE-HIT; frame=5386; seq=21; bridgeActive=False; unit=59; checkpoint=3:gate6Pass(field0x88!=null).
[13:12:14.879] [NocturneModernGameplay] SKILLCUROBJ-SETACTIVE; frame=5391; index=1; value=False; seq=21; bridgeActive=False.
[13:12:14.880] [NocturneModernGameplay] SKILLCUROBJ-SETACTIVE; frame=5391; index=1; value=True; seq=21; bridgeActive=False.
[13:12:14.880] [NocturneModernGameplay] HIDDEN9THGATE-HIT; frame=5390; seq=21; bridgeActive=False; unit=59; checkpoint=1:gate4Pass(chainC!=null).
[13:12:14.880] [NocturneModernGameplay] HIDDEN9THGATE-HIT; frame=5390; seq=21; bridgeActive=False; unit=59; checkpoint=2:gate5Pass(stateTag==0x15).
[13:12:14.881] [NocturneModernGameplay] HIDDEN9THGATE-HIT; frame=5390; seq=21; bridgeActive=False; unit=59; checkpoint=3:gate6Pass(field0x88!=null).
[13:12:14.914] [NocturneModernGameplay] SKILLCURSOR-FIELD-TRACE; frame=5396; seq=21; bridgeActive=False; unit=59; listNums=8; invisibleListNums=0; index=0; shift=2; drawShift=2; shiftMax=8; stopFlag=0; stepY=0.
[13:12:14.914] [NocturneModernGameplay] SKILLCUROBJ-SETACTIVE; frame=5396; index=1; value=False; seq=21; bridgeActive=False.
[13:12:14.915] [NocturneModernGameplay] SKILLCUROBJ-SETACTIVE; frame=5396; index=2; value=True; seq=21; bridgeActive=False.
[13:12:14.915] [NocturneModernGameplay] HIDDEN9THGATE-HIT; frame=5395; seq=21; bridgeActive=False; unit=59; checkpoint=1:gate4Pass(chainC!=null).
[13:12:14.916] [NocturneModernGameplay] HIDDEN9THGATE-HIT; frame=5395; seq=21; bridgeActive=False; unit=59; checkpoint=2:gate5Pass(stateTag==0x15).
[13:12:14.916] [NocturneModernGameplay] HIDDEN9THGATE-HIT; frame=5395; seq=21; bridgeActive=False; unit=59; checkpoint=3:gate6Pass(field0x88!=null).
[13:12:14.949] [NocturneModernGameplay] SKILLCUROBJ-SETACTIVE; frame=5401; index=2; value=False; seq=21; bridgeActive=False.
[13:12:14.949] [NocturneModernGameplay] SKILLCUROBJ-SETACTIVE; frame=5401; index=2; value=True; seq=21; bridgeActive=False.
[13:12:14.950] [NocturneModernGameplay] HIDDEN9THGATE-HIT; frame=5400; seq=21; bridgeActive=False; unit=59; checkpoint=1:gate4Pass(chainC!=null).
[13:12:14.950] [NocturneModernGameplay] HIDDEN9THGATE-HIT; frame=5400; seq=21; bridgeActive=False; unit=59; checkpoint=2:gate5Pass(stateTag==0x15).
[13:12:14.950] [NocturneModernGameplay] HIDDEN9THGATE-HIT; frame=5400; seq=21; bridgeActive=False; unit=59; checkpoint=3:gate6Pass(field0x88!=null).
[13:12:14.984] [NocturneModernGameplay] SKILLCUROBJ-SETACTIVE; frame=5406; index=2; value=False; seq=21; bridgeActive=False.
[13:12:14.984] [NocturneModernGameplay] SKILLCUROBJ-SETACTIVE; frame=5406; index=2; value=True; seq=21; bridgeActive=False.
[13:12:14.985] [NocturneModernGameplay] HIDDEN9THGATE-HIT; frame=5405; seq=21; bridgeActive=False; unit=59; checkpoint=1:gate4Pass(chainC!=null).
[13:12:14.985] [NocturneModernGameplay] HIDDEN9THGATE-HIT; frame=5405; seq=21; bridgeActive=False; unit=59; checkpoint=2:gate5Pass(stateTag==0x15).
[13:12:14.985] [NocturneModernGameplay] HIDDEN9THGATE-HIT; frame=5405; seq=21; bridgeActive=False; unit=59; checkpoint=3:gate6Pass(field0x88!=null).
[13:12:15.018] [NocturneModernGameplay] SKILLCUROBJ-SETACTIVE; frame=5411; index=2; value=False; seq=21; bridgeActive=False.
[13:12:15.019] [NocturneModernGameplay] SKILLCUROBJ-SETACTIVE; frame=5411; index=2; value=True; seq=21; bridgeActive=False.
[13:12:15.019] [NocturneModernGameplay] HIDDEN9THGATE-HIT; frame=5410; seq=21; bridgeActive=False; unit=59; checkpoint=1:gate4Pass(chainC!=null).
[13:12:15.019] [NocturneModernGameplay] HIDDEN9THGATE-HIT; frame=5410; seq=21; bridgeActive=False; unit=59; checkpoint=2:gate5Pass(stateTag==0x15).
[13:12:15.020] [NocturneModernGameplay] HIDDEN9THGATE-HIT; frame=5410; seq=21; bridgeActive=False; unit=59; checkpoint=3:gate6Pass(field0x88!=null).
[13:12:15.033] [Nocturne_Modern_Gameplay] [NocturneModernGameplay] SKILLCUROBJ-CACHE-REFRESH; frame=5413; trackedCount=16; arrayLen=16.
[13:12:15.047] [NocturneModernGameplay] FORGETUI-TMP-TRACE; frame=5415; seq=21; bridgeActive=False; path=Canvas_UI/campUIBase/statusUI(Clone)/sskill/sskill_await2_01/TextTM; activeSelf=True; activeInHierarchy=True; text="<material="TMC14">おねだり"; selfComponents=[UnityEngine.RectTransform,UnityEngine.CanvasRenderer,TMPro.TextMeshProUGUI,ChangeFont]; ancestors=(sskill_await2_01:[UnityEngine.RectTransform,UnityEngine.Animator] > sskill:[UnityEngine.RectTransform,SteamColliders] > statusUI(Clone):[UnityEngine.RectTransform,statusUI,UiHD] > campUIBase:[UnityEngine.RectTransform]).
[13:12:15.047] [NocturneModernGameplay] FORGETUI-TMP-TRACE; frame=5415; seq=21; bridgeActive=False; path=Canvas_UI/campUIBase/statusUI(Clone)/sskill/sskill_obtained03/TextTM; activeSelf=True; activeInHierarchy=True; text="<material="TMC21">誘惑"; selfComponents=[UnityEngine.RectTransform,UnityEngine.CanvasRenderer,TMPro.TextMeshProUGUI,ChangeFont]; ancestors=(sskill_obtained03:[UnityEngine.RectTransform,UnityEngine.Animator] > sskill:[UnityEngine.RectTransform,SteamColliders] > statusUI(Clone):[UnityEngine.RectTransform,statusUI,UiHD] > campUIBase:[UnityEngine.RectTransform]).
[13:12:15.047] [NocturneModernGameplay] FORGETUI-TMP-TRACE; frame=5415; seq=21; bridgeActive=False; path=Canvas_UI/campUIBase/statusUI(Clone)/sfeature/skillhelp_mask/TextTM_full; activeSelf=True; activeInHierarchy=True; text="<material="TMC21">仲魔になるよう求める"; selfComponents=[UnityEngine.RectTransform,UnityEngine.CanvasRenderer,TMPro.TextMeshProUGUI,ChangeFont,ScrollText]; ancestors=(skillhelp_mask:[UnityEngine.RectTransform,UnityEngine.UI.RectMask2D] > sfeature:[UnityEngine.RectTransform,UnityEngine.Animator] > statusUI(Clone):[UnityEngine.RectTransform,statusUI,UiHD] > campUIBase:[UnityEngine.RectTransform]).
[13:12:15.048] [NocturneModernGameplay] STATUSUI-ARRAY-TRACE; frame=5415; seq=21; bridgeActive=False; unit=59; eventParam=396; eventNums=2; eventOfs=9; obtainedTextLen=8; obtainedObjLen=8; skillCurObjLen=16; skill_baseLen=8; update_skillLen=8; awaitTextLen=8; awaitObjLen=8; await2ObjLen=8;  | [0] text="<material="TMC00">ディア" obtainedObjActive=True curObjActive=False baseObjActive=False updObjActive=False | [1] text="<material="TMC00">マハジオ" obtainedObjActive=True curObjActive=False baseObjActive=False updObjActive=False | [2] text="<material="TMC21">誘惑" obtainedObjActive=True curObjActive=True baseObjActive=False updObjActive=False | [3] text="<material="TMC00">ラクンダ" obtainedObjActive=True curObjActive=False baseObjActive=False updObjActive=False | [4] text="<material="TMC00">ポズムディ" obtainedObjActive=True curObjActive=False baseObjActive=False updObjActive=False | [5] text="<material="TMC00">羽ばたき" obtainedObjActive=True curObjActive=False baseObjActive=False updObjActive=False | [6] text="<material="TMC00">パララディ" obtainedObjActive=True curObjActive=False baseObjActive=False updObjActive=False | [7] text="<material="TMC00">メパトラ" obtainedObjActive=True curObjActive=False baseObjActive=False updObjActive=False | skillCurObj[8] active=False inHierarchy=False alpha=-1.00 anchoredPos=(0.0, 0.0) localPos=(0.0, 0.0, 0.0) localScale=(1.0, 1.0, 1.0) sizeDelta=(434.0, 56.0) renderer=n/a noMaskAncestor | await[0] text="<material="TMC14">おねだり" active=True inHierarchy=True alpha=-1.00 animState=noAnimator anchoredPos=(964.0, -12.0) localPos=(964.0, -12.0, 0.0) localScale=(1.0, 1.0, 1.0) sizeDelta=(100.0, 56.0) cull=False rendererAlpha=1.00 noMaskAncestor | await[1] text="<material="TMC14">？" active=True inHierarchy=True alpha=-1.00 animState=noAnimator anchoredPos=(964.0, -64.0) localPos=(964.0, -64.0, 0.0) localScale=(1.0, 1.0, 1.0) sizeDelta=(100.0, 56.0) cull=False rendererAlpha=1.00 noMaskAncestor | await[2] text="<material="TMC14">？" active=True inHierarchy=True alpha=-1.00 animState=noAnimator anchoredPos=(964.0, -116.0) localPos=(964.0, -116.0, 0.0) localScale=(1.0, 1.0, 1.0) sizeDelta=(100.0, 56.0) cull=False rendererAlpha=1.00 noMaskAncestor | await[3] text="" active=False inHierarchy=False alpha=-1.00 animState=noAnimator anchoredPos=(964.0, -168.0) localPos=(964.0, -168.0, 0.0) localScale=(1.0, 1.0, 1.0) sizeDelta=(100.0, 56.0) cull=False rendererAlpha=1.00 noMaskAncestor | await[4] text="" active=False inHierarchy=False alpha=-1.00 animState=noAnimator anchoredPos=(1398.0, -12.0) localPos=(1398.0, -12.0, 0.0) localScale=(1.0, 1.0, 1.0) sizeDelta=(100.0, 56.0) cull=False rendererAlpha=1.00 noMaskAncestor | await[5] text="" active=False inHierarchy=False alpha=-1.00 animState=noAnimator anchoredPos=(1398.0, -64.0) localPos=(1398.0, -64.0, 0.0) localScale=(1.0, 1.0, 1.0) sizeDelta=(100.0, 56.0) cull=False rendererAlpha=1.00 noMaskAncestor | await[6] text="" active=False inHierarchy=False alpha=-1.00 animState=noAnimator anchoredPos=(1398.0, -116.0) localPos=(1398.0, -116.0, 0.0) localScale=(1.0, 1.0, 1.0) sizeDelta=(100.0, 56.0) cull=False rendererAlpha=1.00 noMaskAncestor | await[7] text="" active=False inHierarchy=False alpha=-1.00 animState=noAnimator anchoredPos=(1398.0, -168.0) localPos=(1398.0, -168.0, 0.0) localScale=(1.0, 1.0, 1.0) sizeDelta=(100.0, 56.0) cull=False rendererAlpha=1.00 noMaskAncestor | await2[0] active=True inHierarchy=True alpha=-1.00 text="<material="TMC14">おねだり" animState=hash=1231206115;t=53.74 | await2[1] active=True inHierarchy=True alpha=-1.00 text="<material="TMC14">？" animState=hash=1231206115;t=441.66 | await2[2] active=True inHierarchy=True alpha=-1.00 text="<material="TMC14">？" animState=hash=1231206115;t=441.66 | await2[3] active=False inHierarchy=False alpha=-1.00 text="" animState=hash=0;t=0.00 | await2[4] active=False inHierarchy=False alpha=-1.00 text="" animState=hash=0;t=0.00 | await2[5] active=False inHierarchy=False alpha=-1.00 text="" animState=hash=0;t=0.00 | await2[6] active=False inHierarchy=False alpha=-1.00 text="" animState=hash=0;t=0.00 | await2[7] active=False inHierarchy=False alpha=-1.00 text="" animState=hash=0;t=0.00.
[13:12:15.049] [NocturneModernGameplay] SKILLCUROBJ-SETACTIVE; frame=5415; index=2; value=False; seq=21; bridgeActive=False.
[13:12:15.049] [NocturneModernGameplay] SKILLCUROBJ-SETACTIVE; frame=5415; index=2; value=True; seq=21; bridgeActive=False.
[13:12:15.050] [NocturneModernGameplay] HIDDEN9THGATE-HIT; frame=5414; seq=21; bridgeActive=False; unit=59; checkpoint=1:gate4Pass(chainC!=null).
[13:12:15.050] [NocturneModernGameplay] HIDDEN9THGATE-HIT; frame=5414; seq=21; bridgeActive=False; unit=59; checkpoint=2:gate5Pass(stateTag==0x15).
[13:12:15.050] [NocturneModernGameplay] HIDDEN9THGATE-HIT; frame=5414; seq=21; bridgeActive=False; unit=59; checkpoint=3:gate6Pass(field0x88!=null).
[13:12:15.081] [NocturneModernGameplay] SKILLCUROBJ-SETACTIVE; frame=5420; index=2; value=False; seq=21; bridgeActive=False.
[13:12:15.081] [NocturneModernGameplay] SKILLCUROBJ-SETACTIVE; frame=5420; index=2; value=True; seq=21; bridgeActive=False.
[13:12:15.082] [NocturneModernGameplay] HIDDEN9THGATE-HIT; frame=5419; seq=21; bridgeActive=False; unit=59; checkpoint=1:gate4Pass(chainC!=null).
[13:12:15.082] [NocturneModernGameplay] HIDDEN9THGATE-HIT; frame=5419; seq=21; bridgeActive=False; unit=59; checkpoint=2:gate5Pass(stateTag==0x15).
[13:12:15.082] [NocturneModernGameplay] HIDDEN9THGATE-HIT; frame=5419; seq=21; bridgeActive=False; unit=59; checkpoint=3:gate6Pass(field0x88!=null).
[13:12:15.116] [NocturneModernGameplay] SKILLCUROBJ-SETACTIVE; frame=5425; index=2; value=False; seq=21; bridgeActive=False.
[13:12:15.116] [NocturneModernGameplay] SKILLCUROBJ-SETACTIVE; frame=5425; index=2; value=True; seq=21; bridgeActive=False.
[13:12:15.116] [NocturneModernGameplay] HIDDEN9THGATE-HIT; frame=5424; seq=21; bridgeActive=False; unit=59; checkpoint=1:gate4Pass(chainC!=null).
[13:12:15.117] [NocturneModernGameplay] HIDDEN9THGATE-HIT; frame=5424; seq=21; bridgeActive=False; unit=59; checkpoint=2:gate5Pass(stateTag==0x15).
[13:12:15.117] [NocturneModernGameplay] HIDDEN9THGATE-HIT; frame=5424; seq=21; bridgeActive=False; unit=59; checkpoint=3:gate6Pass(field0x88!=null).
[13:12:15.151] [NocturneModernGameplay] FORGETUI-TMP-TRACE; frame=5430; seq=21; bridgeActive=False; path=Canvas_UI/talkUI/talk01/talk_window/Text02TM; activeSelf=True; activeInHierarchy=True; text="<alpha=#00>あああああ</alpha>"; selfComponents=[UnityEngine.RectTransform,UnityEngine.CanvasRenderer,ChangeFont,TMPro.TextMeshProUGUI,UnityEngine.Canvas,ChangeFont]; ancestors=(talk_window:[UnityEngine.RectTransform,UnityEngine.CanvasRenderer,UnityEngine.UI.Image] > talk01:[UnityEngine.RectTransform,UnityEngine.CanvasGroup,UnityEngine.Animator,talkUI] > talkUI:[UnityEngine.RectTransform,UnityEngine.Canvas,UnityEngine.CanvasGroup,UiHD] > Canvas_UI:[UnityEngine.RectTransform,UnityEngine.Canvas,UnityEngine.UI.CanvasScaler,UnityEngine.UI.GraphicRaycaster,SteamKeyboard]).
[13:12:15.151] [NocturneModernGameplay] FORGETUI-TMP-TRACE; frame=5430; seq=21; bridgeActive=False; path=Canvas_UI/talkUI/talk01/talk_window/Text01TM; activeSelf=True; activeInHierarchy=True; text="<alpha=#00>あああああ</alpha>"; selfComponents=[UnityEngine.RectTransform,UnityEngine.CanvasRenderer,ChangeFont,TMPro.TextMeshProUGUI,UnityEngine.Canvas,ChangeFont]; ancestors=(talk_window:[UnityEngine.RectTransform,UnityEngine.CanvasRenderer,UnityEngine.UI.Image] > talk01:[UnityEngine.RectTransform,UnityEngine.CanvasGroup,UnityEngine.Animator,talkUI] > talkUI:[UnityEngine.RectTransform,UnityEngine.Canvas,UnityEngine.CanvasGroup,UiHD] > Canvas_UI:[UnityEngine.RectTransform,UnityEngine.Canvas,UnityEngine.UI.CanvasScaler,UnityEngine.UI.GraphicRaycaster,SteamKeyboard]).
[13:12:15.153] [NocturneModernGameplay] STATUSUI-ARRAY-TRACE; frame=5430; seq=21; bridgeActive=False; unit=59; eventParam=396; eventNums=2; eventOfs=9; obtainedTextLen=8; obtainedObjLen=8; skillCurObjLen=16; skill_baseLen=8; update_skillLen=8; awaitTextLen=8; awaitObjLen=8; await2ObjLen=8;  | [0] text="<material="TMC00">ディア" obtainedObjActive=True curObjActive=False baseObjActive=False updObjActive=False | [1] text="<material="TMC00">マハジオ" obtainedObjActive=True curObjActive=False baseObjActive=False updObjActive=False | [2] text="<material="TMC21">誘惑" obtainedObjActive=True curObjActive=True baseObjActive=False updObjActive=False | [3] text="<material="TMC00">ラクンダ" obtainedObjActive=True curObjActive=False baseObjActive=False updObjActive=False | [4] text="<material="TMC00">ポズムディ" obtainedObjActive=True curObjActive=False baseObjActive=False updObjActive=False | [5] text="<material="TMC00">羽ばたき" obtainedObjActive=True curObjActive=False baseObjActive=False updObjActive=False | [6] text="<material="TMC00">パララディ" obtainedObjActive=True curObjActive=False baseObjActive=False updObjActive=False | [7] text="<material="TMC00">メパトラ" obtainedObjActive=True curObjActive=False baseObjActive=False updObjActive=False | skillCurObj[8] active=False inHierarchy=False alpha=-1.00 anchoredPos=(0.0, 0.0) localPos=(0.0, 0.0, 0.0) localScale=(1.0, 1.0, 1.0) sizeDelta=(434.0, 56.0) renderer=n/a noMaskAncestor | await[0] text="<material="TMC14">おねだり" active=True inHierarchy=True alpha=-1.00 animState=noAnimator anchoredPos=(964.0, -12.0) localPos=(964.0, -12.0, 0.0) localScale=(1.0, 1.0, 1.0) sizeDelta=(100.0, 56.0) cull=False rendererAlpha=1.00 noMaskAncestor | await[1] text="<material="TMC14">？" active=True inHierarchy=True alpha=-1.00 animState=noAnimator anchoredPos=(964.0, -64.0) localPos=(964.0, -64.0, 0.0) localScale=(1.0, 1.0, 1.0) sizeDelta=(100.0, 56.0) cull=False rendererAlpha=1.00 noMaskAncestor | await[2] text="<material="TMC14">？" active=True inHierarchy=True alpha=-1.00 animState=noAnimator anchoredPos=(964.0, -116.0) localPos=(964.0, -116.0, 0.0) localScale=(1.0, 1.0, 1.0) sizeDelta=(100.0, 56.0) cull=False rendererAlpha=1.00 noMaskAncestor | await[3] text="" active=False inHierarchy=False alpha=-1.00 animState=noAnimator anchoredPos=(964.0, -168.0) localPos=(964.0, -168.0, 0.0) localScale=(1.0, 1.0, 1.0) sizeDelta=(100.0, 56.0) cull=False rendererAlpha=1.00 noMaskAncestor | await[4] text="" active=False inHierarchy=False alpha=-1.00 animState=noAnimator anchoredPos=(1398.0, -12.0) localPos=(1398.0, -12.0, 0.0) localScale=(1.0, 1.0, 1.0) sizeDelta=(100.0, 56.0) cull=False rendererAlpha=1.00 noMaskAncestor | await[5] text="" active=False inHierarchy=False alpha=-1.00 animState=noAnimator anchoredPos=(1398.0, -64.0) localPos=(1398.0, -64.0, 0.0) localScale=(1.0, 1.0, 1.0) sizeDelta=(100.0, 56.0) cull=False rendererAlpha=1.00 noMaskAncestor | await[6] text="" active=False inHierarchy=False alpha=-1.00 animState=noAnimator anchoredPos=(1398.0, -116.0) localPos=(1398.0, -116.0, 0.0) localScale=(1.0, 1.0, 1.0) sizeDelta=(100.0, 56.0) cull=False rendererAlpha=1.00 noMaskAncestor | await[7] text="" active=False inHierarchy=False alpha=-1.00 animState=noAnimator anchoredPos=(1398.0, -168.0) localPos=(1398.0, -168.0, 0.0) localScale=(1.0, 1.0, 1.0) sizeDelta=(100.0, 56.0) cull=False rendererAlpha=1.00 noMaskAncestor | await2[0] active=True inHierarchy=True alpha=-1.00 text="<material="TMC14">おねだり" animState=hash=1231206115;t=56.87 | await2[1] active=True inHierarchy=True alpha=-1.00 text="<material="TMC14">？" animState=hash=1231206115;t=444.78 | await2[2] active=True inHierarchy=True alpha=-1.00 text="<material="TMC14">？" animState=hash=1231206115;t=444.78 | await2[3] active=False inHierarchy=False alpha=-1.00 text="" animState=hash=0;t=0.00 | await2[4] active=False inHierarchy=False alpha=-1.00 text="" animState=hash=0;t=0.00 | await2[5] active=False inHierarchy=False alpha=-1.00 text="" animState=hash=0;t=0.00 | await2[6] active=False inHierarchy=False alpha=-1.00 text="" animState=hash=0;t=0.00 | await2[7] active=False inHierarchy=False alpha=-1.00 text="" animState=hash=0;t=0.00.
[13:12:15.153] [NocturneModernGameplay] SKILLCUROBJ-SETACTIVE; frame=5430; index=2; value=False; seq=21; bridgeActive=False.
[13:12:15.154] [NocturneModernGameplay] SKILLCUROBJ-SETACTIVE; frame=5430; index=2; value=True; seq=21; bridgeActive=False.
[13:12:15.154] [NocturneModernGameplay] HIDDEN9THGATE-HIT; frame=5429; seq=21; bridgeActive=False; unit=59; checkpoint=1:gate4Pass(chainC!=null).
[13:12:15.155] [NocturneModernGameplay] HIDDEN9THGATE-HIT; frame=5429; seq=21; bridgeActive=False; unit=59; checkpoint=2:gate5Pass(stateTag==0x15).
[13:12:15.155] [NocturneModernGameplay] HIDDEN9THGATE-HIT; frame=5429; seq=21; bridgeActive=False; unit=59; checkpoint=3:gate6Pass(field0x88!=null).
[13:12:15.185] [NocturneModernGameplay] SKILLCURSOR-FIELD-TRACE; frame=5435; seq=22; bridgeActive=False; unit=59; listNums=8; invisibleListNums=0; index=0; shift=2; drawShift=2; shiftMax=8; stopFlag=0; stepY=0.
[13:12:15.185] [NocturneModernGameplay] FORGET-SEQ-CHANGE; frame=5435; unit=59; from=21; to=22.
[13:12:15.186] [NocturneModernGameplay] FORGET-TRACE; frame=5435; seq=22; flag=0; unit=59; skillCnt=8; pUpResult=0; pUpIndex=0; pUpId=0.
[13:12:15.186] [NocturneModernGameplay] SKILLCUROBJ-SETACTIVE; frame=5435; index=2; value=False; seq=22; bridgeActive=False.
[13:12:15.187] [Nocturne_Modern_Gameplay] [NocturneModernGameplay] SELECTSKILLID-OFFSET-PROBE; sample=2; currentValue=387; thisSampleMatchCount=1; remainingCandidateCount=1; remainingCandidates=[0x9C].
[13:12:15.187] [Nocturne_Modern_Gameplay] [NocturneModernGameplay] SELECTSKILLID-OFFSET-PROBE-DONE; samples=2; finalCandidateCount=1; finalCandidates=[0x9C].
[13:12:15.187] [NocturneModernGameplay] HIDDEN9THGATE-HIT; frame=5434; seq=21; bridgeActive=False; unit=59; checkpoint=1:gate4Pass(chainC!=null).
[13:12:15.223] [NocturneModernGameplay] HIDDEN9THGATE-HIT; frame=5438; seq=22; bridgeActive=False; unit=59; checkpoint=1:gate4Pass(chainC!=null).
[13:12:15.248] [NocturneModernGameplay] HIDDEN9THGATE-HIT; frame=5443; seq=22; bridgeActive=False; unit=59; checkpoint=1:gate4Pass(chainC!=null).
[13:12:15.283] [NocturneModernGameplay] HIDDEN9THGATE-HIT; frame=5448; seq=22; bridgeActive=False; unit=59; checkpoint=1:gate4Pass(chainC!=null).
[13:12:15.317] [NocturneModernGameplay] HIDDEN9THGATE-HIT; frame=5453; seq=22; bridgeActive=False; unit=59; checkpoint=1:gate4Pass(chainC!=null).
[13:12:15.352] [NocturneModernGameplay] HIDDEN9THGATE-HIT; frame=5458; seq=22; bridgeActive=False; unit=59; checkpoint=1:gate4Pass(chainC!=null).
[13:12:15.380] [NocturneModernGameplay] HIDDEN9THGATE-HIT; frame=5462; seq=22; bridgeActive=False; unit=59; checkpoint=1:gate4Pass(chainC!=null).
[13:12:15.415] [NocturneModernGameplay] HIDDEN9THGATE-HIT; frame=5467; seq=22; bridgeActive=False; unit=59; checkpoint=1:gate4Pass(chainC!=null).
[13:12:15.449] [NocturneModernGameplay] HIDDEN9THGATE-HIT; frame=5472; seq=22; bridgeActive=False; unit=59; checkpoint=1:gate4Pass(chainC!=null).
[13:12:15.484] [NocturneModernGameplay] HIDDEN9THGATE-HIT; frame=5477; seq=22; bridgeActive=False; unit=59; checkpoint=1:gate4Pass(chainC!=null).
[13:12:15.519] [NocturneModernGameplay] HIDDEN9THGATE-HIT; frame=5482; seq=22; bridgeActive=False; unit=59; checkpoint=1:gate4Pass(chainC!=null).
[13:12:15.547] [NocturneModernGameplay] HIDDEN9THGATE-HIT; frame=5486; seq=22; bridgeActive=False; unit=59; checkpoint=1:gate4Pass(chainC!=null).
[13:12:15.581] [NocturneModernGameplay] HIDDEN9THGATE-HIT; frame=5491; seq=22; bridgeActive=False; unit=59; checkpoint=1:gate4Pass(chainC!=null).
[13:12:15.616] [NocturneModernGameplay] HIDDEN9THGATE-HIT; frame=5496; seq=22; bridgeActive=False; unit=59; checkpoint=1:gate4Pass(chainC!=null).
[13:12:15.651] [NocturneModernGameplay] HIDDEN9THGATE-HIT; frame=5501; seq=22; bridgeActive=False; unit=59; checkpoint=1:gate4Pass(chainC!=null).
[13:12:15.686] [NocturneModernGameplay] HIDDEN9THGATE-HIT; frame=5506; seq=22; bridgeActive=False; unit=59; checkpoint=1:gate4Pass(chainC!=null).
[13:12:15.713] [NocturneModernGameplay] HIDDEN9THGATE-HIT; frame=5510; seq=22; bridgeActive=False; unit=59; checkpoint=1:gate4Pass(chainC!=null).
[13:12:15.748] [NocturneModernGameplay] HIDDEN9THGATE-HIT; frame=5515; seq=22; bridgeActive=False; unit=59; checkpoint=1:gate4Pass(chainC!=null).
[13:12:15.783] [NocturneModernGameplay] HIDDEN9THGATE-HIT; frame=5520; seq=22; bridgeActive=False; unit=59; checkpoint=1:gate4Pass(chainC!=null).
[13:12:15.817] [NocturneModernGameplay] HIDDEN9THGATE-HIT; frame=5525; seq=22; bridgeActive=False; unit=59; checkpoint=1:gate4Pass(chainC!=null).
[13:12:15.852] [NocturneModernGameplay] HIDDEN9THGATE-HIT; frame=5530; seq=22; bridgeActive=False; unit=59; checkpoint=1:gate4Pass(chainC!=null).
[13:12:15.880] [NocturneModernGameplay] FORGETUI-TMP-TRACE; frame=5535; seq=22; bridgeActive=False; path=Canvas_UI/talkUI/talk01_choice/choice_answer02/answer01TM; activeSelf=True; activeInHierarchy=True; text="<material="TMC22">いいえ"; selfComponents=[UnityEngine.RectTransform,UnityEngine.CanvasRenderer,ChangeFont,TMPro.TextMeshProUGUI]; ancestors=(choice_answer02:[UnityEngine.RectTransform,UnityEngine.UI.LayoutElement,SteamCollider,UnityEngine.BoxCollider2D,UnityEngine.UI.LayoutElement] > talk01_choice:[UnityEngine.RectTransform,UnityEngine.UI.VerticalLayoutGroup,UnityEngine.UI.ContentSizeFitter,UnityEngine.Animator,UnityEngine.CanvasGroup,talkChoice,SteamColliders] > talkUI:[UnityEngine.RectTransform,UnityEngine.Canvas,UnityEngine.CanvasGroup,UiHD] > Canvas_UI:[UnityEngine.RectTransform,UnityEngine.Canvas,UnityEngine.UI.CanvasScaler,UnityEngine.UI.GraphicRaycaster,SteamKeyboard]).
[13:12:15.880] [NocturneModernGameplay] FORGETUI-TMP-TRACE; frame=5535; seq=22; bridgeActive=False; path=Canvas_UI/talkUI/talk01_choice/choice_answer01/answer01TM; activeSelf=True; activeInHierarchy=True; text="<material="TMC22">はい"; selfComponents=[UnityEngine.RectTransform,UnityEngine.CanvasRenderer,ChangeFont,TMPro.TextMeshProUGUI]; ancestors=(choice_answer01:[UnityEngine.RectTransform,UnityEngine.UI.LayoutElement,SteamCollider,UnityEngine.BoxCollider2D,UnityEngine.UI.LayoutElement] > talk01_choice:[UnityEngine.RectTransform,UnityEngine.UI.VerticalLayoutGroup,UnityEngine.UI.ContentSizeFitter,UnityEngine.Animator,UnityEngine.CanvasGroup,talkChoice,SteamColliders] > talkUI:[UnityEngine.RectTransform,UnityEngine.Canvas,UnityEngine.CanvasGroup,UiHD] > Canvas_UI:[UnityEngine.RectTransform,UnityEngine.Canvas,UnityEngine.UI.CanvasScaler,UnityEngine.UI.GraphicRaycaster,SteamKeyboard]).
[13:12:15.921] [NocturneModernGameplay] FORGETUI-TMP-TRACE; frame=5535; seq=22; bridgeActive=False; path=Canvas_UI/talkUI/talk01/talk_window/Text01TM; activeSelf=True; activeInHierarchy=True; text="<material="MsgFont3">＞<material="MsgFont3">誘惑<material="MsgFont3">をあきらめますか？"; selfComponents=[UnityEngine.RectTransform,UnityEngine.CanvasRenderer,ChangeFont,TMPro.TextMeshProUGUI,UnityEngine.Canvas,ChangeFont]; ancestors=(talk_window:[UnityEngine.RectTransform,UnityEngine.CanvasRenderer,UnityEngine.UI.Image] > talk01:[UnityEngine.RectTransform,UnityEngine.CanvasGroup,UnityEngine.Animator,talkUI] > talkUI:[UnityEngine.RectTransform,UnityEngine.Canvas,UnityEngine.CanvasGroup,UiHD] > Canvas_UI:[UnityEngine.RectTransform,UnityEngine.Canvas,UnityEngine.UI.CanvasScaler,UnityEngine.UI.GraphicRaycaster,SteamKeyboard]).
[13:12:15.921] [NocturneModernGameplay] FORGETUI-TMP-TRACE; frame=5535; seq=22; bridgeActive=False; path=Canvas_UI/campUIBase/statusUI(Clone)/sskill/sskill_obtained03/TextTM; activeSelf=True; activeInHierarchy=True; text="<material="TMC00">誘惑"; selfComponents=[UnityEngine.RectTransform,UnityEngine.CanvasRenderer,TMPro.TextMeshProUGUI,ChangeFont]; ancestors=(sskill_obtained03:[UnityEngine.RectTransform,UnityEngine.Animator] > sskill:[UnityEngine.RectTransform,SteamColliders] > statusUI(Clone):[UnityEngine.RectTransform,statusUI,UiHD] > campUIBase:[UnityEngine.RectTransform]).
[13:12:15.923] [NocturneModernGameplay] FORGETUI-TMP-TRACE; frame=5535; seq=22; bridgeActive=False; path=Canvas_UI/buttonguide01/guide/buttonguide_set01/guidetext/Text_buttonTM; activeSelf=True; activeInHierarchy=True; text="<material="TMC00">選択"; selfComponents=[UnityEngine.RectTransform,UnityEngine.CanvasRenderer,TMPro.TextMeshProUGUI,ChangeFont]; ancestors=(guidetext:[UnityEngine.RectTransform,UnityEngine.UI.HorizontalLayoutGroup] > buttonguide_set01:[UnityEngine.RectTransform,UnityEngine.UI.HorizontalLayoutGroup] > guide:[UnityEngine.RectTransform,UnityEngine.UI.HorizontalLayoutGroup,UnityEngine.UI.ContentSizeFitter] > buttonguide01:[UnityEngine.RectTransform,buttonguideUI,UnityEngine.Animator,UnityEngine.CanvasGroup,UnityEngine.Canvas,UiHD,SteamColliders]).
[13:12:15.923] [NocturneModernGameplay] FORGETUI-TMP-TRACE; frame=5535; seq=22; bridgeActive=False; path=Canvas_UI/buttonguide01/guide/buttonguide_set02/guidetext/Text_buttonTM; activeSelf=True; activeInHierarchy=True; text="<material="TMC00">キャンセル"; selfComponents=[UnityEngine.RectTransform,UnityEngine.CanvasRenderer,TMPro.TextMeshProUGUI,ChangeFont]; ancestors=(guidetext:[UnityEngine.RectTransform,UnityEngine.UI.HorizontalLayoutGroup] > buttonguide_set02:[UnityEngine.RectTransform,UnityEngine.UI.HorizontalLayoutGroup] > guide:[UnityEngine.RectTransform,UnityEngine.UI.HorizontalLayoutGroup,UnityEngine.UI.ContentSizeFitter] > buttonguide01:[UnityEngine.RectTransform,buttonguideUI,UnityEngine.Animator,UnityEngine.CanvasGroup,UnityEngine.Canvas,UiHD,SteamColliders]).
[13:12:15.923] [NocturneModernGameplay] FORGETUI-TMP-TRACE; frame=5535; seq=22; bridgeActive=False; path=Canvas_UI/buttonguide01/guide/buttonguide_set03/guidetext/Text_buttonTM; activeSelf=True; activeInHierarchy=True; text="<material="TMC00">決定"; selfComponents=[UnityEngine.RectTransform,UnityEngine.CanvasRenderer,TMPro.TextMeshProUGUI,ChangeFont]; ancestors=(guidetext:[UnityEngine.RectTransform,UnityEngine.UI.HorizontalLayoutGroup] > buttonguide_set03:[UnityEngine.RectTransform,UnityEngine.UI.HorizontalLayoutGroup] > guide:[UnityEngine.RectTransform,UnityEngine.UI.HorizontalLayoutGroup,UnityEngine.UI.ContentSizeFitter] > buttonguide01:[UnityEngine.RectTransform,buttonguideUI,UnityEngine.Animator,UnityEngine.CanvasGroup,UnityEngine.Canvas,UiHD,SteamColliders]).
[13:12:15.925] [NocturneModernGameplay] STATUSUI-ARRAY-TRACE; frame=5535; seq=22; bridgeActive=False; unit=59; eventParam=396; eventNums=2; eventOfs=9; obtainedTextLen=8; obtainedObjLen=8; skillCurObjLen=16; skill_baseLen=8; update_skillLen=8; awaitTextLen=8; awaitObjLen=8; await2ObjLen=8;  | [0] text="<material="TMC00">ディア" obtainedObjActive=True curObjActive=False baseObjActive=False updObjActive=False | [1] text="<material="TMC00">マハジオ" obtainedObjActive=True curObjActive=False baseObjActive=False updObjActive=False | [2] text="<material="TMC00">誘惑" obtainedObjActive=True curObjActive=False baseObjActive=False updObjActive=False | [3] text="<material="TMC00">ラクンダ" obtainedObjActive=True curObjActive=False baseObjActive=False updObjActive=False | [4] text="<material="TMC00">ポズムディ" obtainedObjActive=True curObjActive=False baseObjActive=False updObjActive=False | [5] text="<material="TMC00">羽ばたき" obtainedObjActive=True curObjActive=False baseObjActive=False updObjActive=False | [6] text="<material="TMC00">パララディ" obtainedObjActive=True curObjActive=False baseObjActive=False updObjActive=False | [7] text="<material="TMC00">メパトラ" obtainedObjActive=True curObjActive=False baseObjActive=False updObjActive=False | skillCurObj[8] active=False inHierarchy=False alpha=-1.00 anchoredPos=(0.0, 0.0) localPos=(0.0, 0.0, 0.0) localScale=(1.0, 1.0, 1.0) sizeDelta=(434.0, 56.0) renderer=n/a noMaskAncestor | await[0] text="<material="TMC14">おねだり" active=True inHierarchy=True alpha=-1.00 animState=noAnimator anchoredPos=(964.0, -12.0) localPos=(964.0, -12.0, 0.0) localScale=(1.0, 1.0, 1.0) sizeDelta=(100.0, 56.0) cull=False rendererAlpha=1.00 noMaskAncestor | await[1] text="<material="TMC14">？" active=True inHierarchy=True alpha=-1.00 animState=noAnimator anchoredPos=(964.0, -64.0) localPos=(964.0, -64.0, 0.0) localScale=(1.0, 1.0, 1.0) sizeDelta=(100.0, 56.0) cull=False rendererAlpha=1.00 noMaskAncestor | await[2] text="<material="TMC14">？" active=True inHierarchy=True alpha=-1.00 animState=noAnimator anchoredPos=(964.0, -116.0) localPos=(964.0, -116.0, 0.0) localScale=(1.0, 1.0, 1.0) sizeDelta=(100.0, 56.0) cull=False rendererAlpha=1.00 noMaskAncestor | await[3] text="" active=False inHierarchy=False alpha=-1.00 animState=noAnimator anchoredPos=(964.0, -168.0) localPos=(964.0, -168.0, 0.0) localScale=(1.0, 1.0, 1.0) sizeDelta=(100.0, 56.0) cull=False rendererAlpha=1.00 noMaskAncestor | await[4] text="" active=False inHierarchy=False alpha=-1.00 animState=noAnimator anchoredPos=(1398.0, -12.0) localPos=(1398.0, -12.0, 0.0) localScale=(1.0, 1.0, 1.0) sizeDelta=(100.0, 56.0) cull=False rendererAlpha=1.00 noMaskAncestor | await[5] text="" active=False inHierarchy=False alpha=-1.00 animState=noAnimator anchoredPos=(1398.0, -64.0) localPos=(1398.0, -64.0, 0.0) localScale=(1.0, 1.0, 1.0) sizeDelta=(100.0, 56.0) cull=False rendererAlpha=1.00 noMaskAncestor | await[6] text="" active=False inHierarchy=False alpha=-1.00 animState=noAnimator anchoredPos=(1398.0, -116.0) localPos=(1398.0, -116.0, 0.0) localScale=(1.0, 1.0, 1.0) sizeDelta=(100.0, 56.0) cull=False rendererAlpha=1.00 noMaskAncestor | await[7] text="" active=False inHierarchy=False alpha=-1.00 animState=noAnimator anchoredPos=(1398.0, -168.0) localPos=(1398.0, -168.0, 0.0) localScale=(1.0, 1.0, 1.0) sizeDelta=(100.0, 56.0) cull=False rendererAlpha=1.00 noMaskAncestor | await2[0] active=True inHierarchy=True alpha=-1.00 text="<material="TMC14">おねだり" animState=hash=1231206115;t=78.74 | await2[1] active=True inHierarchy=True alpha=-1.00 text="<material="TMC14">？" animState=hash=1231206115;t=466.66 | await2[2] active=True inHierarchy=True alpha=-1.00 text="<material="TMC14">？" animState=hash=1231206115;t=466.66 | await2[3] active=False inHierarchy=False alpha=-1.00 text="" animState=hash=0;t=0.00 | await2[4] active=False inHierarchy=False alpha=-1.00 text="" animState=hash=0;t=0.00 | await2[5] active=False inHierarchy=False alpha=-1.00 text="" animState=hash=0;t=0.00 | await2[6] active=False inHierarchy=False alpha=-1.00 text="" animState=hash=0;t=0.00 | await2[7] active=False inHierarchy=False alpha=-1.00 text="" animState=hash=0;t=0.00.
[13:12:15.934] [NocturneModernGameplay] HIDDEN9THGATE-HIT; frame=5534; seq=22; bridgeActive=False; unit=59; checkpoint=1:gate4Pass(chainC!=null).
[13:12:15.938] [NocturneModernGameplay] HIDDEN9THGATE-HIT; frame=5535; seq=22; bridgeActive=False; unit=59; checkpoint=1:gate4Pass(chainC!=null).
[13:12:15.972] [NocturneModernGameplay] HIDDEN9THGATE-HIT; frame=5540; seq=22; bridgeActive=False; unit=59; checkpoint=1:gate4Pass(chainC!=null).
[13:12:16.007] [NocturneModernGameplay] HIDDEN9THGATE-HIT; frame=5545; seq=22; bridgeActive=False; unit=59; checkpoint=1:gate4Pass(chainC!=null).
[13:12:16.041] [NocturneModernGameplay] HIDDEN9THGATE-HIT; frame=5550; seq=22; bridgeActive=False; unit=59; checkpoint=1:gate4Pass(chainC!=null).
[13:12:16.076] [NocturneModernGameplay] HIDDEN9THGATE-HIT; frame=5555; seq=22; bridgeActive=False; unit=59; checkpoint=1:gate4Pass(chainC!=null).
[13:12:16.111] [NocturneModernGameplay] HIDDEN9THGATE-HIT; frame=5560; seq=22; bridgeActive=False; unit=59; checkpoint=1:gate4Pass(chainC!=null).
[13:12:16.139] [NocturneModernGameplay] FORGETUI-TMP-TRACE; frame=5565; seq=22; bridgeActive=False; path=Canvas_UI/talkUI/talk01_choice/choice_answer01/answer01TM; activeSelf=True; activeInHierarchy=True; text="<material="TMC08">はい"; selfComponents=[UnityEngine.RectTransform,UnityEngine.CanvasRenderer,ChangeFont,TMPro.TextMeshProUGUI]; ancestors=(choice_answer01:[UnityEngine.RectTransform,UnityEngine.UI.LayoutElement,SteamCollider,UnityEngine.BoxCollider2D,UnityEngine.UI.LayoutElement] > talk01_choice:[UnityEngine.RectTransform,UnityEngine.UI.VerticalLayoutGroup,UnityEngine.UI.ContentSizeFitter,UnityEngine.Animator,UnityEngine.CanvasGroup,talkChoice,SteamColliders] > talkUI:[UnityEngine.RectTransform,UnityEngine.Canvas,UnityEngine.CanvasGroup,UiHD] > Canvas_UI:[UnityEngine.RectTransform,UnityEngine.Canvas,UnityEngine.UI.CanvasScaler,UnityEngine.UI.GraphicRaycaster,SteamKeyboard]).
[13:12:16.140] [NocturneModernGameplay] STATUSUI-ARRAY-TRACE; frame=5565; seq=22; bridgeActive=False; unit=59; eventParam=396; eventNums=2; eventOfs=9; obtainedTextLen=8; obtainedObjLen=8; skillCurObjLen=16; skill_baseLen=8; update_skillLen=8; awaitTextLen=8; awaitObjLen=8; await2ObjLen=8;  | [0] text="<material="TMC00">ディア" obtainedObjActive=True curObjActive=False baseObjActive=False updObjActive=False | [1] text="<material="TMC00">マハジオ" obtainedObjActive=True curObjActive=False baseObjActive=False updObjActive=False | [2] text="<material="TMC00">誘惑" obtainedObjActive=True curObjActive=False baseObjActive=False updObjActive=False | [3] text="<material="TMC00">ラクンダ" obtainedObjActive=True curObjActive=False baseObjActive=False updObjActive=False | [4] text="<material="TMC00">ポズムディ" obtainedObjActive=True curObjActive=False baseObjActive=False updObjActive=False | [5] text="<material="TMC00">羽ばたき" obtainedObjActive=True curObjActive=False baseObjActive=False updObjActive=False | [6] text="<material="TMC00">パララディ" obtainedObjActive=True curObjActive=False baseObjActive=False updObjActive=False | [7] text="<material="TMC00">メパトラ" obtainedObjActive=True curObjActive=False baseObjActive=False updObjActive=False | skillCurObj[8] active=False inHierarchy=False alpha=-1.00 anchoredPos=(0.0, 0.0) localPos=(0.0, 0.0, 0.0) localScale=(1.0, 1.0, 1.0) sizeDelta=(434.0, 56.0) renderer=n/a noMaskAncestor | await[0] text="<material="TMC14">おねだり" active=True inHierarchy=True alpha=-1.00 animState=noAnimator anchoredPos=(964.0, -12.0) localPos=(964.0, -12.0, 0.0) localScale=(1.0, 1.0, 1.0) sizeDelta=(100.0, 56.0) cull=False rendererAlpha=1.00 noMaskAncestor | await[1] text="<material="TMC14">？" active=True inHierarchy=True alpha=-1.00 animState=noAnimator anchoredPos=(964.0, -64.0) localPos=(964.0, -64.0, 0.0) localScale=(1.0, 1.0, 1.0) sizeDelta=(100.0, 56.0) cull=False rendererAlpha=1.00 noMaskAncestor | await[2] text="<material="TMC14">？" active=True inHierarchy=True alpha=-1.00 animState=noAnimator anchoredPos=(964.0, -116.0) localPos=(964.0, -116.0, 0.0) localScale=(1.0, 1.0, 1.0) sizeDelta=(100.0, 56.0) cull=False rendererAlpha=1.00 noMaskAncestor | await[3] text="" active=False inHierarchy=False alpha=-1.00 animState=noAnimator anchoredPos=(964.0, -168.0) localPos=(964.0, -168.0, 0.0) localScale=(1.0, 1.0, 1.0) sizeDelta=(100.0, 56.0) cull=False rendererAlpha=1.00 noMaskAncestor | await[4] text="" active=False inHierarchy=False alpha=-1.00 animState=noAnimator anchoredPos=(1398.0, -12.0) localPos=(1398.0, -12.0, 0.0) localScale=(1.0, 1.0, 1.0) sizeDelta=(100.0, 56.0) cull=False rendererAlpha=1.00 noMaskAncestor | await[5] text="" active=False inHierarchy=False alpha=-1.00 animState=noAnimator anchoredPos=(1398.0, -64.0) localPos=(1398.0, -64.0, 0.0) localScale=(1.0, 1.0, 1.0) sizeDelta=(100.0, 56.0) cull=False rendererAlpha=1.00 noMaskAncestor | await[6] text="" active=False inHierarchy=False alpha=-1.00 animState=noAnimator anchoredPos=(1398.0, -116.0) localPos=(1398.0, -116.0, 0.0) localScale=(1.0, 1.0, 1.0) sizeDelta=(100.0, 56.0) cull=False rendererAlpha=1.00 noMaskAncestor | await[7] text="" active=False inHierarchy=False alpha=-1.00 animState=noAnimator anchoredPos=(1398.0, -168.0) localPos=(1398.0, -168.0, 0.0) localScale=(1.0, 1.0, 1.0) sizeDelta=(100.0, 56.0) cull=False rendererAlpha=1.00 noMaskAncestor | await2[0] active=True inHierarchy=True alpha=-1.00 text="<material="TMC14">おねだり" animState=hash=1231206115;t=85.76 | await2[1] active=True inHierarchy=True alpha=-1.00 text="<material="TMC14">？" animState=hash=1231206115;t=473.68 | await2[2] active=True inHierarchy=True alpha=-1.00 text="<material="TMC14">？" animState=hash=1231206115;t=473.68 | await2[3] active=False inHierarchy=False alpha=-1.00 text="" animState=hash=0;t=0.00 | await2[4] active=False inHierarchy=False alpha=-1.00 text="" animState=hash=0;t=0.00 | await2[5] active=False inHierarchy=False alpha=-1.00 text="" animState=hash=0;t=0.00 | await2[6] active=False inHierarchy=False alpha=-1.00 text="" animState=hash=0;t=0.00 | await2[7] active=False inHierarchy=False alpha=-1.00 text="" animState=hash=0;t=0.00.
[13:12:16.141] [NocturneModernGameplay] HIDDEN9THGATE-HIT; frame=5564; seq=22; bridgeActive=False; unit=59; checkpoint=1:gate4Pass(chainC!=null).
[13:12:16.173] [NocturneModernGameplay] HIDDEN9THGATE-HIT; frame=5569; seq=22; bridgeActive=False; unit=59; checkpoint=1:gate4Pass(chainC!=null).
[13:12:16.208] [NocturneModernGameplay] HIDDEN9THGATE-HIT; frame=5574; seq=22; bridgeActive=False; unit=59; checkpoint=1:gate4Pass(chainC!=null).
[13:12:16.244] [NocturneModernGameplay] STATUSUI-ARRAY-TRACE; frame=5580; seq=22; bridgeActive=False; unit=59; eventParam=396; eventNums=2; eventOfs=9; obtainedTextLen=8; obtainedObjLen=8; skillCurObjLen=16; skill_baseLen=8; update_skillLen=8; awaitTextLen=8; awaitObjLen=8; await2ObjLen=8;  | [0] text="<material="TMC00">ディア" obtainedObjActive=True curObjActive=False baseObjActive=False updObjActive=False | [1] text="<material="TMC00">マハジオ" obtainedObjActive=True curObjActive=False baseObjActive=False updObjActive=False | [2] text="<material="TMC00">誘惑" obtainedObjActive=True curObjActive=False baseObjActive=False updObjActive=False | [3] text="<material="TMC00">ラクンダ" obtainedObjActive=True curObjActive=False baseObjActive=False updObjActive=False | [4] text="<material="TMC00">ポズムディ" obtainedObjActive=True curObjActive=False baseObjActive=False updObjActive=False | [5] text="<material="TMC00">羽ばたき" obtainedObjActive=True curObjActive=False baseObjActive=False updObjActive=False | [6] text="<material="TMC00">パララディ" obtainedObjActive=True curObjActive=False baseObjActive=False updObjActive=False | [7] text="<material="TMC00">メパトラ" obtainedObjActive=True curObjActive=False baseObjActive=False updObjActive=False | skillCurObj[8] active=False inHierarchy=False alpha=-1.00 anchoredPos=(0.0, 0.0) localPos=(0.0, 0.0, 0.0) localScale=(1.0, 1.0, 1.0) sizeDelta=(434.0, 56.0) renderer=n/a noMaskAncestor | await[0] text="<material="TMC14">おねだり" active=True inHierarchy=True alpha=-1.00 animState=noAnimator anchoredPos=(964.0, -12.0) localPos=(964.0, -12.0, 0.0) localScale=(1.0, 1.0, 1.0) sizeDelta=(100.0, 56.0) cull=False rendererAlpha=1.00 noMaskAncestor | await[1] text="<material="TMC14">？" active=True inHierarchy=True alpha=-1.00 animState=noAnimator anchoredPos=(964.0, -64.0) localPos=(964.0, -64.0, 0.0) localScale=(1.0, 1.0, 1.0) sizeDelta=(100.0, 56.0) cull=False rendererAlpha=1.00 noMaskAncestor | await[2] text="<material="TMC14">？" active=True inHierarchy=True alpha=-1.00 animState=noAnimator anchoredPos=(964.0, -116.0) localPos=(964.0, -116.0, 0.0) localScale=(1.0, 1.0, 1.0) sizeDelta=(100.0, 56.0) cull=False rendererAlpha=1.00 noMaskAncestor | await[3] text="" active=False inHierarchy=False alpha=-1.00 animState=noAnimator anchoredPos=(964.0, -168.0) localPos=(964.0, -168.0, 0.0) localScale=(1.0, 1.0, 1.0) sizeDelta=(100.0, 56.0) cull=False rendererAlpha=1.00 noMaskAncestor | await[4] text="" active=False inHierarchy=False alpha=-1.00 animState=noAnimator anchoredPos=(1398.0, -12.0) localPos=(1398.0, -12.0, 0.0) localScale=(1.0, 1.0, 1.0) sizeDelta=(100.0, 56.0) cull=False rendererAlpha=1.00 noMaskAncestor | await[5] text="" active=False inHierarchy=False alpha=-1.00 animState=noAnimator anchoredPos=(1398.0, -64.0) localPos=(1398.0, -64.0, 0.0) localScale=(1.0, 1.0, 1.0) sizeDelta=(100.0, 56.0) cull=False rendererAlpha=1.00 noMaskAncestor | await[6] text="" active=False inHierarchy=False alpha=-1.00 animState=noAnimator anchoredPos=(1398.0, -116.0) localPos=(1398.0, -116.0, 0.0) localScale=(1.0, 1.0, 1.0) sizeDelta=(100.0, 56.0) cull=False rendererAlpha=1.00 noMaskAncestor | await[7] text="" active=False inHierarchy=False alpha=-1.00 animState=noAnimator anchoredPos=(1398.0, -168.0) localPos=(1398.0, -168.0, 0.0) localScale=(1.0, 1.0, 1.0) sizeDelta=(100.0, 56.0) cull=False rendererAlpha=1.00 noMaskAncestor | await2[0] active=True inHierarchy=True alpha=-1.00 text="<material="TMC14">おねだり" animState=hash=1231206115;t=88.89 | await2[1] active=True inHierarchy=True alpha=-1.00 text="<material="TMC14">？" animState=hash=1231206115;t=476.80 | await2[2] active=True inHierarchy=True alpha=-1.00 text="<material="TMC14">？" animState=hash=1231206115;t=476.80 | await2[3] active=False inHierarchy=False alpha=-1.00 text="" animState=hash=0;t=0.00 | await2[4] active=False inHierarchy=False alpha=-1.00 text="" animState=hash=0;t=0.00 | await2[5] active=False inHierarchy=False alpha=-1.00 text="" animState=hash=0;t=0.00 | await2[6] active=False inHierarchy=False alpha=-1.00 text="" animState=hash=0;t=0.00 | await2[7] active=False inHierarchy=False alpha=-1.00 text="" animState=hash=0;t=0.00.
[13:12:16.246] [NocturneModernGameplay] HIDDEN9THGATE-HIT; frame=5579; seq=22; bridgeActive=False; unit=59; checkpoint=1:gate4Pass(chainC!=null).
[13:12:16.277] [NocturneModernGameplay] HIDDEN9THGATE-HIT; frame=5584; seq=22; bridgeActive=False; unit=59; checkpoint=1:gate4Pass(chainC!=null).
[13:12:16.305] [NocturneModernGameplay] HIDDEN9THGATE-HIT; frame=5588; seq=22; bridgeActive=False; unit=59; checkpoint=1:gate4Pass(chainC!=null).
[13:12:16.342] [NocturneModernGameplay] DESTROYCONFIRM-STATE-DIFF; invocation=34; frame=5594; unit=59; stockPtr=0x1653730A370; skillCnt 8->8; flag 0->1; seqCurrent 22->22; seqLast 21->21; seqChange 0->0; defSkillResult 2->2; eventParam 396->396; eventNums 2->2; eventOfs 9->9; pUpResult 0->0; pUpIndex 0->0; pUpId 0->0; candidateSlot -1->7; bridgeActive=False; bridgeTarget=0; targetPresent=False.
[13:12:16.342] [NocturneModernGameplay] FORGET-FLAG-CHANGE; frame=5594; seq=22; unit=59; from=0; to=1.
[13:12:16.342] [NocturneModernGameplay] FORGET-TRACE; frame=5594; seq=22; flag=1; unit=59; skillCnt=8; pUpResult=0; pUpIndex=0; pUpId=0.
[13:12:16.343] [NocturneModernGameplay] HIDDEN9THGATE-HIT; frame=5593; seq=22; bridgeActive=False; unit=59; checkpoint=1:gate4Pass(chainC!=null).
[13:12:16.374] [NocturneModernGameplay] DESTROYCONFIRM-STATE-DIFF; invocation=35; frame=5599; unit=59; stockPtr=0x1653730A370; skillCnt 8->8; flag 1->3; seqCurrent 22->22; seqLast 21->21; seqChange 0->0; defSkillResult 2->2; eventParam 396->396; eventNums 2->2; eventOfs 9->9; pUpResult 0->0; pUpIndex 0->0; pUpId 0->0; candidateSlot 7->7; bridgeActive=False; bridgeTarget=0; targetPresent=False.
[13:12:16.375] [NocturneModernGameplay] FORGET-FLAG-CHANGE; frame=5599; seq=22; unit=59; from=1; to=3.
[13:12:16.375] [NocturneModernGameplay] FORGET-TRACE; frame=5599; seq=22; flag=3; unit=59; skillCnt=8; pUpResult=0; pUpIndex=0; pUpId=0.
[13:12:16.375] [NocturneModernGameplay] HIDDEN9THGATE-HIT; frame=5598; seq=22; bridgeActive=False; unit=59; checkpoint=1:gate4Pass(chainC!=null).
[13:12:16.409] [NocturneModernGameplay] HIDDEN9THGATE-HIT; frame=5603; seq=22; bridgeActive=False; unit=59; checkpoint=1:gate4Pass(chainC!=null).
[13:12:16.444] [NocturneModernGameplay] HIDDEN9THGATE-HIT; frame=5608; seq=22; bridgeActive=False; unit=59; checkpoint=1:gate4Pass(chainC!=null).
[13:12:16.472] [NocturneModernGameplay] HIDDEN9THGATE-HIT; frame=5612; seq=22; bridgeActive=False; unit=59; checkpoint=1:gate4Pass(chainC!=null).
[13:12:16.507] [NocturneModernGameplay] HIDDEN9THGATE-HIT; frame=5617; seq=22; bridgeActive=False; unit=59; checkpoint=1:gate4Pass(chainC!=null).
[13:12:16.541] [NocturneModernGameplay] HIDDEN9THGATE-HIT; frame=5622; seq=22; bridgeActive=False; unit=59; checkpoint=1:gate4Pass(chainC!=null).
[13:12:16.576] [NocturneModernGameplay] HIDDEN9THGATE-HIT; frame=5627; seq=22; bridgeActive=False; unit=59; checkpoint=1:gate4Pass(chainC!=null).
[13:12:16.611] [NocturneModernGameplay] HIDDEN9THGATE-HIT; frame=5632; seq=22; bridgeActive=False; unit=59; checkpoint=1:gate4Pass(chainC!=null).
[13:12:16.639] [NocturneModernGameplay] HIDDEN9THGATE-HIT; frame=5636; seq=22; bridgeActive=False; unit=59; checkpoint=1:gate4Pass(chainC!=null).
[13:12:16.673] [NocturneModernGameplay] HIDDEN9THGATE-HIT; frame=5641; seq=22; bridgeActive=False; unit=59; checkpoint=1:gate4Pass(chainC!=null).
[13:12:16.708] [NocturneModernGameplay] HIDDEN9THGATE-HIT; frame=5646; seq=22; bridgeActive=False; unit=59; checkpoint=1:gate4Pass(chainC!=null).
[13:12:16.743] [NocturneModernGameplay] HIDDEN9THGATE-HIT; frame=5651; seq=22; bridgeActive=False; unit=59; checkpoint=1:gate4Pass(chainC!=null).
[13:12:16.778] [NocturneModernGameplay] HIDDEN9THGATE-HIT; frame=5656; seq=22; bridgeActive=False; unit=59; checkpoint=1:gate4Pass(chainC!=null).
[13:12:16.805] [NocturneModernGameplay] HIDDEN9THGATE-HIT; frame=5660; seq=22; bridgeActive=False; unit=59; checkpoint=1:gate4Pass(chainC!=null).
[13:12:16.840] [NocturneModernGameplay] HIDDEN9THGATE-HIT; frame=5665; seq=22; bridgeActive=False; unit=59; checkpoint=1:gate4Pass(chainC!=null).
[13:12:16.875] [NocturneModernGameplay] HIDDEN9THGATE-HIT; frame=5670; seq=22; bridgeActive=False; unit=59; checkpoint=1:gate4Pass(chainC!=null).
[13:12:16.910] [NocturneModernGameplay] HIDDEN9THGATE-HIT; frame=5675; seq=22; bridgeActive=False; unit=59; checkpoint=1:gate4Pass(chainC!=null).
[13:12:16.944] [NocturneModernGameplay] HIDDEN9THGATE-HIT; frame=5680; seq=22; bridgeActive=False; unit=59; checkpoint=1:gate4Pass(chainC!=null).
[13:12:16.972] [NocturneModernGameplay] FORGETUI-TMP-TRACE; frame=5685; seq=22; bridgeActive=False; path=Canvas_UI/talkUI/talk01/talk_window/Text02TM; activeSelf=True; activeInHierarchy=True; text="<material="MsgFont4"><alpha=#00>誘<alpha=#00>惑<material="MsgFont0"><alpha=#00>を<alpha=#00>捨<alpha=#00>て<alpha=#00>た<alpha=#00>。"; selfComponents=[UnityEngine.RectTransform,UnityEngine.CanvasRenderer,ChangeFont,TMPro.TextMeshProUGUI,UnityEngine.Canvas,ChangeFont]; ancestors=(talk_window:[UnityEngine.RectTransform,UnityEngine.CanvasRenderer,UnityEngine.UI.Image] > talk01:[UnityEngine.RectTransform,UnityEngine.CanvasGroup,UnityEngine.Animator,talkUI] > talkUI:[UnityEngine.RectTransform,UnityEngine.Canvas,UnityEngine.CanvasGroup,UiHD] > Canvas_UI:[UnityEngine.RectTransform,UnityEngine.Canvas,UnityEngine.UI.CanvasScaler,UnityEngine.UI.GraphicRaycaster,SteamKeyboard]).
[13:12:16.972] [NocturneModernGameplay] FORGETUI-TMP-TRACE; frame=5685; seq=22; bridgeActive=False; path=Canvas_UI/talkUI/talk01/talk_window/Text01TM; activeSelf=True; activeInHierarchy=True; text="<material="MsgFont0">＞ハイ<alpha=#00>ピ<alpha=#00>ク<alpha=#00>シ<alpha=#00>ー<alpha=#00>は"; selfComponents=[UnityEngine.RectTransform,UnityEngine.CanvasRenderer,ChangeFont,TMPro.TextMeshProUGUI,UnityEngine.Canvas,ChangeFont]; ancestors=(talk_window:[UnityEngine.RectTransform,UnityEngine.CanvasRenderer,UnityEngine.UI.Image] > talk01:[UnityEngine.RectTransform,UnityEngine.CanvasGroup,UnityEngine.Animator,talkUI] > talkUI:[UnityEngine.RectTransform,UnityEngine.Canvas,UnityEngine.CanvasGroup,UiHD] > Canvas_UI:[UnityEngine.RectTransform,UnityEngine.Canvas,UnityEngine.UI.CanvasScaler,UnityEngine.UI.GraphicRaycaster,SteamKeyboard]).
[13:12:16.973] [NocturneModernGameplay] FORGETUI-TMP-TRACE; frame=5685; seq=22; bridgeActive=False; path=Canvas_UI/campUIBase/statusUI(Clone)/sskill/sskill_await2_01/TextTM; activeSelf=True; activeInHierarchy=True; text="<material="TMC14">宝探し"; selfComponents=[UnityEngine.RectTransform,UnityEngine.CanvasRenderer,TMPro.TextMeshProUGUI,ChangeFont]; ancestors=(sskill_await2_01:[UnityEngine.RectTransform,UnityEngine.Animator] > sskill:[UnityEngine.RectTransform,SteamColliders] > statusUI(Clone):[UnityEngine.RectTransform,statusUI,UiHD] > campUIBase:[UnityEngine.RectTransform]).
[13:12:16.973] [NocturneModernGameplay] FORGETUI-TMP-TRACE; frame=5685; seq=22; bridgeActive=False; path=Canvas_UI/campUIBase/statusUI(Clone)/sskill/sskill_obtained08/TextTM; activeSelf=True; activeInHierarchy=True; text="<material="TMC00">おねだり"; selfComponents=[UnityEngine.RectTransform,UnityEngine.CanvasRenderer,TMPro.TextMeshProUGUI,ChangeFont]; ancestors=(sskill_obtained08:[UnityEngine.RectTransform,UnityEngine.Animator] > sskill:[UnityEngine.RectTransform,SteamColliders] > statusUI(Clone):[UnityEngine.RectTransform,statusUI,UiHD] > campUIBase:[UnityEngine.RectTransform]).
[13:12:16.973] [NocturneModernGameplay] FORGETUI-TMP-TRACE; frame=5685; seq=22; bridgeActive=False; path=Canvas_UI/campUIBase/statusUI(Clone)/sskill/sskill_obtained07/TextTM; activeSelf=True; activeInHierarchy=True; text="<material="TMC00">メパトラ"; selfComponents=[UnityEngine.RectTransform,UnityEngine.CanvasRenderer,TMPro.TextMeshProUGUI,ChangeFont]; ancestors=(sskill_obtained07:[UnityEngine.RectTransform,UnityEngine.Animator] > sskill:[UnityEngine.RectTransform,SteamColliders] > statusUI(Clone):[UnityEngine.RectTransform,statusUI,UiHD] > campUIBase:[UnityEngine.RectTransform]).
[13:12:16.973] [NocturneModernGameplay] FORGETUI-TMP-TRACE; frame=5685; seq=22; bridgeActive=False; path=Canvas_UI/campUIBase/statusUI(Clone)/sskill/sskill_obtained06/TextTM; activeSelf=True; activeInHierarchy=True; text="<material="TMC00">パララディ"; selfComponents=[UnityEngine.RectTransform,UnityEngine.CanvasRenderer,TMPro.TextMeshProUGUI,ChangeFont]; ancestors=(sskill_obtained06:[UnityEngine.RectTransform,UnityEngine.Animator] > sskill:[UnityEngine.RectTransform,SteamColliders] > statusUI(Clone):[UnityEngine.RectTransform,statusUI,UiHD] > campUIBase:[UnityEngine.RectTransform]).
[13:12:16.974] [NocturneModernGameplay] FORGETUI-TMP-TRACE; frame=5685; seq=22; bridgeActive=False; path=Canvas_UI/campUIBase/statusUI(Clone)/sskill/sskill_obtained05/TextTM; activeSelf=True; activeInHierarchy=True; text="<material="TMC00">羽ばたき"; selfComponents=[UnityEngine.RectTransform,UnityEngine.CanvasRenderer,TMPro.TextMeshProUGUI,ChangeFont]; ancestors=(sskill_obtained05:[UnityEngine.RectTransform,UnityEngine.Animator] > sskill:[UnityEngine.RectTransform,SteamColliders] > statusUI(Clone):[UnityEngine.RectTransform,statusUI,UiHD] > campUIBase:[UnityEngine.RectTransform]).
[13:12:16.974] [NocturneModernGameplay] FORGETUI-TMP-TRACE; frame=5685; seq=22; bridgeActive=False; path=Canvas_UI/campUIBase/statusUI(Clone)/sskill/sskill_obtained04/TextTM; activeSelf=True; activeInHierarchy=True; text="<material="TMC00">ポズムディ"; selfComponents=[UnityEngine.RectTransform,UnityEngine.CanvasRenderer,TMPro.TextMeshProUGUI,ChangeFont]; ancestors=(sskill_obtained04:[UnityEngine.RectTransform,UnityEngine.Animator] > sskill:[UnityEngine.RectTransform,SteamColliders] > statusUI(Clone):[UnityEngine.RectTransform,statusUI,UiHD] > campUIBase:[UnityEngine.RectTransform]).
[13:12:16.974] [NocturneModernGameplay] FORGETUI-TMP-TRACE; frame=5685; seq=22; bridgeActive=False; path=Canvas_UI/campUIBase/statusUI(Clone)/sskill/sskill_obtained03/TextTM; activeSelf=True; activeInHierarchy=True; text="<material="TMC00">ラクンダ"; selfComponents=[UnityEngine.RectTransform,UnityEngine.CanvasRenderer,TMPro.TextMeshProUGUI,ChangeFont]; ancestors=(sskill_obtained03:[UnityEngine.RectTransform,UnityEngine.Animator] > sskill:[UnityEngine.RectTransform,SteamColliders] > statusUI(Clone):[UnityEngine.RectTransform,statusUI,UiHD] > campUIBase:[UnityEngine.RectTransform]).
[13:12:16.975] [NocturneModernGameplay] STATUSUI-ARRAY-TRACE; frame=5685; seq=22; bridgeActive=False; unit=59; eventParam=396; eventNums=2; eventOfs=9; obtainedTextLen=8; obtainedObjLen=8; skillCurObjLen=16; skill_baseLen=8; update_skillLen=8; awaitTextLen=8; awaitObjLen=8; await2ObjLen=8;  | [0] text="<material="TMC00">ディア" obtainedObjActive=True curObjActive=False baseObjActive=False updObjActive=False | [1] text="<material="TMC00">マハジオ" obtainedObjActive=True curObjActive=False baseObjActive=False updObjActive=False | [2] text="<material="TMC00">ラクンダ" obtainedObjActive=True curObjActive=False baseObjActive=False updObjActive=False | [3] text="<material="TMC00">ポズムディ" obtainedObjActive=True curObjActive=False baseObjActive=False updObjActive=False | [4] text="<material="TMC00">羽ばたき" obtainedObjActive=True curObjActive=False baseObjActive=False updObjActive=False | [5] text="<material="TMC00">パララディ" obtainedObjActive=True curObjActive=False baseObjActive=False updObjActive=False | [6] text="<material="TMC00">メパトラ" obtainedObjActive=True curObjActive=False baseObjActive=False updObjActive=False | [7] text="<material="TMC00">おねだり" obtainedObjActive=True curObjActive=False baseObjActive=False updObjActive=False | skillCurObj[8] active=False inHierarchy=False alpha=-1.00 anchoredPos=(0.0, 0.0) localPos=(0.0, 0.0, 0.0) localScale=(1.0, 1.0, 1.0) sizeDelta=(434.0, 56.0) renderer=n/a noMaskAncestor | await[0] text="<material="TMC14">宝探し" active=True inHierarchy=True alpha=-1.00 animState=noAnimator anchoredPos=(964.0, -12.0) localPos=(964.0, -12.0, 0.0) localScale=(1.0, 1.0, 1.0) sizeDelta=(100.0, 56.0) cull=False rendererAlpha=1.00 noMaskAncestor | await[1] text="<material="TMC14">？" active=True inHierarchy=True alpha=-1.00 animState=noAnimator anchoredPos=(964.0, -64.0) localPos=(964.0, -64.0, 0.0) localScale=(1.0, 1.0, 1.0) sizeDelta=(100.0, 56.0) cull=False rendererAlpha=1.00 noMaskAncestor | await[2] text="" active=False inHierarchy=False alpha=-1.00 animState=noAnimator anchoredPos=(964.0, -116.0) localPos=(964.0, -116.0, 0.0) localScale=(1.0, 1.0, 1.0) sizeDelta=(100.0, 56.0) cull=False rendererAlpha=1.00 noMaskAncestor | await[3] text="" active=False inHierarchy=False alpha=-1.00 animState=noAnimator anchoredPos=(964.0, -168.0) localPos=(964.0, -168.0, 0.0) localScale=(1.0, 1.0, 1.0) sizeDelta=(100.0, 56.0) cull=False rendererAlpha=1.00 noMaskAncestor | await[4] text="" active=False inHierarchy=False alpha=-1.00 animState=noAnimator anchoredPos=(1398.0, -12.0) localPos=(1398.0, -12.0, 0.0) localScale=(1.0, 1.0, 1.0) sizeDelta=(100.0, 56.0) cull=False rendererAlpha=1.00 noMaskAncestor | await[5] text="" active=False inHierarchy=False alpha=-1.00 animState=noAnimator anchoredPos=(1398.0, -64.0) localPos=(1398.0, -64.0, 0.0) localScale=(1.0, 1.0, 1.0) sizeDelta=(100.0, 56.0) cull=False rendererAlpha=1.00 noMaskAncestor | await[6] text="" active=False inHierarchy=False alpha=-1.00 animState=noAnimator anchoredPos=(1398.0, -116.0) localPos=(1398.0, -116.0, 0.0) localScale=(1.0, 1.0, 1.0) sizeDelta=(100.0, 56.0) cull=False rendererAlpha=1.00 noMaskAncestor | await[7] text="" active=False inHierarchy=False alpha=-1.00 animState=noAnimator anchoredPos=(1398.0, -168.0) localPos=(1398.0, -168.0, 0.0) localScale=(1.0, 1.0, 1.0) sizeDelta=(100.0, 56.0) cull=False rendererAlpha=1.00 noMaskAncestor | await2[0] active=True inHierarchy=True alpha=-1.00 text="<material="TMC14">宝探し" animState=hash=1231206115;t=110.76 | await2[1] active=True inHierarchy=True alpha=-1.00 text="<material="TMC14">？" animState=hash=1231206115;t=498.67 | await2[2] active=False inHierarchy=False alpha=-1.00 text="" animState=hash=0;t=0.00 | await2[3] active=False inHierarchy=False alpha=-1.00 text="" animState=hash=0;t=0.00 | await2[4] active=False inHierarchy=False alpha=-1.00 text="" animState=hash=0;t=0.00 | await2[5] active=False inHierarchy=False alpha=-1.00 text="" animState=hash=0;t=0.00 | await2[6] active=False inHierarchy=False alpha=-1.00 text="" animState=hash=0;t=0.00 | await2[7] active=False inHierarchy=False alpha=-1.00 text="" animState=hash=0;t=0.00.
[13:12:16.976] [NocturneModernGameplay] HIDDEN9THGATE-HIT; frame=5684; seq=22; bridgeActive=False; unit=59; checkpoint=1:gate4Pass(chainC!=null).
[13:12:17.007] [NocturneModernGameplay] HIDDEN9THGATE-HIT; frame=5689; seq=22; bridgeActive=False; unit=59; checkpoint=1:gate4Pass(chainC!=null).
[13:12:17.041] [NocturneModernGameplay] HIDDEN9THGATE-HIT; frame=5694; seq=22; bridgeActive=False; unit=59; checkpoint=1:gate4Pass(chainC!=null).
[13:12:17.076] [NocturneModernGameplay] FORGETUI-TMP-TRACE; frame=5700; seq=22; bridgeActive=False; path=Canvas_UI/talkUI/talk01/talk_window/Text02TM; activeSelf=True; activeInHierarchy=True; text="<material="MsgFont4">誘惑<material="MsgFont0">を捨てた。"; selfComponents=[UnityEngine.RectTransform,UnityEngine.CanvasRenderer,ChangeFont,TMPro.TextMeshProUGUI,UnityEngine.Canvas,ChangeFont]; ancestors=(talk_window:[UnityEngine.RectTransform,UnityEngine.CanvasRenderer,UnityEngine.UI.Image] > talk01:[UnityEngine.RectTransform,UnityEngine.CanvasGroup,UnityEngine.Animator,talkUI] > talkUI:[UnityEngine.RectTransform,UnityEngine.Canvas,UnityEngine.CanvasGroup,UiHD] > Canvas_UI:[UnityEngine.RectTransform,UnityEngine.Canvas,UnityEngine.UI.CanvasScaler,UnityEngine.UI.GraphicRaycaster,SteamKeyboard]).
[13:12:17.076] [NocturneModernGameplay] FORGETUI-TMP-TRACE; frame=5700; seq=22; bridgeActive=False; path=Canvas_UI/talkUI/talk01/talk_window/Text01TM; activeSelf=True; activeInHierarchy=True; text="<material="MsgFont0">＞ハイピクシーは"; selfComponents=[UnityEngine.RectTransform,UnityEngine.CanvasRenderer,ChangeFont,TMPro.TextMeshProUGUI,UnityEngine.Canvas,ChangeFont]; ancestors=(talk_window:[UnityEngine.RectTransform,UnityEngine.CanvasRenderer,UnityEngine.UI.Image] > talk01:[UnityEngine.RectTransform,UnityEngine.CanvasGroup,UnityEngine.Animator,talkUI] > talkUI:[UnityEngine.RectTransform,UnityEngine.Canvas,UnityEngine.CanvasGroup,UiHD] > Canvas_UI:[UnityEngine.RectTransform,UnityEngine.Canvas,UnityEngine.UI.CanvasScaler,UnityEngine.UI.GraphicRaycaster,SteamKeyboard]).
[13:12:17.078] [NocturneModernGameplay] STATUSUI-ARRAY-TRACE; frame=5700; seq=22; bridgeActive=False; unit=59; eventParam=396; eventNums=2; eventOfs=9; obtainedTextLen=8; obtainedObjLen=8; skillCurObjLen=16; skill_baseLen=8; update_skillLen=8; awaitTextLen=8; awaitObjLen=8; await2ObjLen=8;  | [0] text="<material="TMC00">ディア" obtainedObjActive=True curObjActive=False baseObjActive=False updObjActive=False | [1] text="<material="TMC00">マハジオ" obtainedObjActive=True curObjActive=False baseObjActive=False updObjActive=False | [2] text="<material="TMC00">ラクンダ" obtainedObjActive=True curObjActive=False baseObjActive=False updObjActive=False | [3] text="<material="TMC00">ポズムディ" obtainedObjActive=True curObjActive=False baseObjActive=False updObjActive=False | [4] text="<material="TMC00">羽ばたき" obtainedObjActive=True curObjActive=False baseObjActive=False updObjActive=False | [5] text="<material="TMC00">パララディ" obtainedObjActive=True curObjActive=False baseObjActive=False updObjActive=False | [6] text="<material="TMC00">メパトラ" obtainedObjActive=True curObjActive=False baseObjActive=False updObjActive=False | [7] text="<material="TMC00">おねだり" obtainedObjActive=True curObjActive=False baseObjActive=False updObjActive=False | skillCurObj[8] active=False inHierarchy=False alpha=-1.00 anchoredPos=(0.0, 0.0) localPos=(0.0, 0.0, 0.0) localScale=(1.0, 1.0, 1.0) sizeDelta=(434.0, 56.0) renderer=n/a noMaskAncestor | await[0] text="<material="TMC14">宝探し" active=True inHierarchy=True alpha=-1.00 animState=noAnimator anchoredPos=(964.0, -12.0) localPos=(964.0, -12.0, 0.0) localScale=(1.0, 1.0, 1.0) sizeDelta=(100.0, 56.0) cull=False rendererAlpha=1.00 noMaskAncestor | await[1] text="<material="TMC14">？" active=True inHierarchy=True alpha=-1.00 animState=noAnimator anchoredPos=(964.0, -64.0) localPos=(964.0, -64.0, 0.0) localScale=(1.0, 1.0, 1.0) sizeDelta=(100.0, 56.0) cull=False rendererAlpha=1.00 noMaskAncestor | await[2] text="" active=False inHierarchy=False alpha=-1.00 animState=noAnimator anchoredPos=(964.0, -116.0) localPos=(964.0, -116.0, 0.0) localScale=(1.0, 1.0, 1.0) sizeDelta=(100.0, 56.0) cull=False rendererAlpha=1.00 noMaskAncestor | await[3] text="" active=False inHierarchy=False alpha=-1.00 animState=noAnimator anchoredPos=(964.0, -168.0) localPos=(964.0, -168.0, 0.0) localScale=(1.0, 1.0, 1.0) sizeDelta=(100.0, 56.0) cull=False rendererAlpha=1.00 noMaskAncestor | await[4] text="" active=False inHierarchy=False alpha=-1.00 animState=noAnimator anchoredPos=(1398.0, -12.0) localPos=(1398.0, -12.0, 0.0) localScale=(1.0, 1.0, 1.0) sizeDelta=(100.0, 56.0) cull=False rendererAlpha=1.00 noMaskAncestor | await[5] text="" active=False inHierarchy=False alpha=-1.00 animState=noAnimator anchoredPos=(1398.0, -64.0) localPos=(1398.0, -64.0, 0.0) localScale=(1.0, 1.0, 1.0) sizeDelta=(100.0, 56.0) cull=False rendererAlpha=1.00 noMaskAncestor | await[6] text="" active=False inHierarchy=False alpha=-1.00 animState=noAnimator anchoredPos=(1398.0, -116.0) localPos=(1398.0, -116.0, 0.0) localScale=(1.0, 1.0, 1.0) sizeDelta=(100.0, 56.0) cull=False rendererAlpha=1.00 noMaskAncestor | await[7] text="" active=False inHierarchy=False alpha=-1.00 animState=noAnimator anchoredPos=(1398.0, -168.0) localPos=(1398.0, -168.0, 0.0) localScale=(1.0, 1.0, 1.0) sizeDelta=(100.0, 56.0) cull=False rendererAlpha=1.00 noMaskAncestor | await2[0] active=True inHierarchy=True alpha=-1.00 text="<material="TMC14">宝探し" animState=hash=1231206115;t=113.89 | await2[1] active=True inHierarchy=True alpha=-1.00 text="<material="TMC14">？" animState=hash=1231206115;t=501.80 | await2[2] active=False inHierarchy=False alpha=-1.00 text="" animState=hash=0;t=0.00 | await2[3] active=False inHierarchy=False alpha=-1.00 text="" animState=hash=0;t=0.00 | await2[4] active=False inHierarchy=False alpha=-1.00 text="" animState=hash=0;t=0.00 | await2[5] active=False inHierarchy=False alpha=-1.00 text="" animState=hash=0;t=0.00 | await2[6] active=False inHierarchy=False alpha=-1.00 text="" animState=hash=0;t=0.00 | await2[7] active=False inHierarchy=False alpha=-1.00 text="" animState=hash=0;t=0.00.
[13:12:17.079] [NocturneModernGameplay] HIDDEN9THGATE-HIT; frame=5699; seq=22; bridgeActive=False; unit=59; checkpoint=1:gate4Pass(chainC!=null).
[13:12:17.111] [NocturneModernGameplay] HIDDEN9THGATE-HIT; frame=5704; seq=22; bridgeActive=False; unit=59; checkpoint=1:gate4Pass(chainC!=null).
[13:12:17.138] [NocturneModernGameplay] HIDDEN9THGATE-HIT; frame=5708; seq=22; bridgeActive=False; unit=59; checkpoint=1:gate4Pass(chainC!=null).
[13:12:17.167] [Nocturne_Modern_Gameplay] [NocturneModernGameplay] SKILLCUROBJ-CACHE-REFRESH; frame=5713; trackedCount=16; arrayLen=16.
[13:12:17.173] [NocturneModernGameplay] HIDDEN9THGATE-HIT; frame=5713; seq=22; bridgeActive=False; unit=59; checkpoint=1:gate4Pass(chainC!=null).
[13:12:17.208] [NocturneModernGameplay] HIDDEN9THGATE-HIT; frame=5718; seq=22; bridgeActive=False; unit=59; checkpoint=1:gate4Pass(chainC!=null).
[13:12:17.243] [NocturneModernGameplay] HIDDEN9THGATE-HIT; frame=5723; seq=22; bridgeActive=False; unit=59; checkpoint=1:gate4Pass(chainC!=null).
[13:12:17.278] [NocturneModernGameplay] HIDDEN9THGATE-HIT; frame=5728; seq=22; bridgeActive=False; unit=59; checkpoint=1:gate4Pass(chainC!=null).
[13:12:17.305] [NocturneModernGameplay] HIDDEN9THGATE-HIT; frame=5732; seq=22; bridgeActive=False; unit=59; checkpoint=1:gate4Pass(chainC!=null).
[13:12:17.340] [NocturneModernGameplay] HIDDEN9THGATE-HIT; frame=5737; seq=22; bridgeActive=False; unit=59; checkpoint=1:gate4Pass(chainC!=null).
[13:12:17.374] [NocturneModernGameplay] DESTROYCONFIRM-STATE-DIFF; invocation=65; frame=5743; unit=59; stockPtr=0x1653730A370; skillCnt 8->8; flag 3->3; seqCurrent 22->8; seqLast 21->21; seqChange 0->1; defSkillResult 2->2; eventParam 396->396; eventNums 2->2; eventOfs 9->9; pUpResult 0->0; pUpIndex 0->0; pUpId 0->0; candidateSlot 7->7; bridgeActive=False; bridgeTarget=0; targetPresent=False.
[13:12:17.376] [NocturneModernGameplay] HANDLEDCANDIDATES-CHECK; frame=5743; unit=59; stockPtr=0x1653730A370; eventParam=396; wouldSuppress=False; firstSeenFrame=5743; framesSinceFirstSeen=0; seqCurrentAfter=8; setSize=0; lifecycleId=NOT-YET-WIRED (rstCreateTargetList boundary not implemented).
[13:12:17.378] [NocturneModernGameplay] DEFAULTSKILL-EXTERNAL-STATE; frame=5743; counterOk=True/True; counter 7->0; counterObj 0x16537304BE0->0x16537304BE0; refOk=True/True; refIndex 13->14; refTableObj 0x16511F8B840->0x16511F8B840; tableBuiltFlag 2->0; obj2 0x1688A82BF00->0x1688A82BF00; gbwkPtr 0x1688A82BF00->0x1688A82BF00; obj2Plus0x60ReadOk=True; obj2Plus0x60=0x1653730A370; matchesGbwkPtr=False; stockFlagsOk=True/True; stockFlags 0x1443->0x1443; bit0x200 False->False.
[13:12:17.378] [NocturneModernGameplay] DEFAULTSKILL-ITERATOR-CALL; frame=5743; unit=59->59; stockPtr=0x1653730A370; eventParam 396->396; eventNums 2->0; eventOfs 9->9; defSkillResult 2->2; seqCurrent 8->8; seqLast 21->21; flag 3->3; levelUpCnt 0->0; pUpResult 0->0; resultEventType=-1.
[13:12:17.380] [NocturneModernGameplay] CORE-CONSUMPTION; frame=5743; unit=59; stockPtr=0x1653730A370; candidate=396; action=ALLOW-FIRST.
[13:12:17.391] [Nocturne_Modern_Gameplay] [NocturneModernGameplay] MUTATION-CANDIDATE-RESOLVER entry; moduleBase=0x7FFF3DF60000 rva=0x227B6B0 runtimeEntry=0x7FFF401DB6B0 runtimeEntryBytes=FF 25 9A 4D F7 80 B5 3D.
[13:12:17.464] [Nocturne_Modern_Gameplay] [NocturneModernGameplay] MUTATION-CANDIDATE-TABLE resolved read-only; runtimeEntry=0x7FFF401DB6B0 runtimeEntryBytes=FF 25 9A 4D F7 80 B5 3D helperRva=0x16538F20 helper=0x7FFF54498F20 classSlot=0x7FFF40D915C0 array=0x167F9676000 count=227.
[13:12:17.467] [NocturneModernGameplay] MUTATION-VALID-CANDIDATES; frame=5743 unit=59 original=36 nativeResult=320 candidateCount=227 validCount=22 validCandidates=[4,10,22,28,32,48,60,61,65,71,113,115,198,205,214,293,320,321,322,385,392,400] rejectedOwned=8 rejectedEligibility=32 rejectedSameSkill=0 rejectedGrade=165.
[13:12:17.467] [NocturneModernGameplay] CORE-REENTRY-HANDLED-CHECK; frame=5743; unit=59; stockPtr=0x1653730A370; eventParam=396; action=ALLOW-FIRST; coreResult=2; seq 9->9; pUpId 0->320; pUpIndex 0->0.
[13:12:17.468] [NocturneModernGameplay] FORGET-SEQ-CHANGE; frame=5743; unit=59; from=22; to=10.
[13:12:17.468] [NocturneModernGameplay] FORGET-FLAG-CHANGE; frame=5743; seq=10; unit=59; from=3; to=0.
[13:12:17.469] [NocturneModernGameplay] FORGET-PUPSKILL-CHANGE; frame=5743; seq=10; unit=59; pUpResultBefore=0; pUpResultAfter=2; pUpIndexBefore=0; pUpIndexAfter=0; pUpIdBefore=0; pUpIdAfter=320.
[13:12:17.470] [NocturneModernGameplay] FORGET-TRACE; frame=5743; seq=10; flag=0; unit=59; skillCnt=8; pUpResult=2; pUpIndex=0; pUpId=320.
[13:12:17.470] [NocturneModernGameplay] RSTCALC-HANDLED-RECLASSIFY; frame=5743; unit=59; stockPtr=0x1653730A370; eventParam 396->396; handled True->True; defSkillResult 2->0; eventNums 2->0; eventOfs 9->9; levelUpCnt 0->0; seqCurrent 8->10; seqLast 21->21; seqChange 1->0; pUpSkillResult 0->2; RECLASSIFY-EVENT=False.
[13:12:17.471] [NocturneModernGameplay] HIDDEN9THGATE-HIT; frame=5742; seq=22; bridgeActive=False; unit=59; checkpoint=1:gate4Pass(chainC!=null).
[13:12:17.484] [NocturneModernGameplay] HIDDEN9THGATE-HIT; frame=5743; seq=10; bridgeActive=False; unit=59; checkpoint=1:gate4Pass(chainC!=null).
[13:12:17.505] [NocturneModernGameplay] HIDDEN9THGATE-HIT; frame=5747; seq=10; bridgeActive=False; unit=59; checkpoint=1:gate4Pass(chainC!=null).
[13:12:17.540] [NocturneModernGameplay] HIDDEN9THGATE-HIT; frame=5752; seq=10; bridgeActive=False; unit=59; checkpoint=1:gate4Pass(chainC!=null).
[13:12:17.574] [NocturneModernGameplay] HIDDEN9THGATE-HIT; frame=5757; seq=10; bridgeActive=False; unit=59; checkpoint=1:gate4Pass(chainC!=null).
[13:12:17.609] [NocturneModernGameplay] HIDDEN9THGATE-HIT; frame=5762; seq=10; bridgeActive=False; unit=59; checkpoint=1:gate4Pass(chainC!=null).
[13:12:17.644] [NocturneModernGameplay] HIDDEN9THGATE-HIT; frame=5767; seq=10; bridgeActive=False; unit=59; checkpoint=1:gate4Pass(chainC!=null).
[13:12:17.672] [NocturneModernGameplay] HIDDEN9THGATE-HIT; frame=5771; seq=10; bridgeActive=False; unit=59; checkpoint=1:gate4Pass(chainC!=null).
[13:12:17.706] [NocturneModernGameplay] HIDDEN9THGATE-HIT; frame=5776; seq=10; bridgeActive=False; unit=59; checkpoint=1:gate4Pass(chainC!=null).
[13:12:17.741] [NocturneModernGameplay] HIDDEN9THGATE-HIT; frame=5781; seq=10; bridgeActive=False; unit=59; checkpoint=1:gate4Pass(chainC!=null).
[13:12:17.776] [NocturneModernGameplay] HIDDEN9THGATE-HIT; frame=5786; seq=10; bridgeActive=False; unit=59; checkpoint=1:gate4Pass(chainC!=null).
[13:12:17.811] [NocturneModernGameplay] HIDDEN9THGATE-HIT; frame=5791; seq=10; bridgeActive=False; unit=59; checkpoint=1:gate4Pass(chainC!=null).
[13:12:17.838] [NocturneModernGameplay] HIDDEN9THGATE-HIT; frame=5795; seq=10; bridgeActive=False; unit=59; checkpoint=1:gate4Pass(chainC!=null).
[13:12:17.873] [NocturneModernGameplay] HIDDEN9THGATE-HIT; frame=5800; seq=10; bridgeActive=False; unit=59; checkpoint=1:gate4Pass(chainC!=null).
[13:12:17.908] [NocturneModernGameplay] HIDDEN9THGATE-HIT; frame=5805; seq=10; bridgeActive=False; unit=59; checkpoint=1:gate4Pass(chainC!=null).
[13:12:17.942] [NocturneModernGameplay] HIDDEN9THGATE-HIT; frame=5810; seq=10; bridgeActive=False; unit=59; checkpoint=1:gate4Pass(chainC!=null).
[13:12:17.977] [NocturneModernGameplay] HIDDEN9THGATE-HIT; frame=5815; seq=10; bridgeActive=False; unit=59; checkpoint=1:gate4Pass(chainC!=null).
[13:12:18.005] [NocturneModernGameplay] HIDDEN9THGATE-HIT; frame=5819; seq=10; bridgeActive=False; unit=59; checkpoint=1:gate4Pass(chainC!=null).
[13:12:18.040] [NocturneModernGameplay] HIDDEN9THGATE-HIT; frame=5824; seq=10; bridgeActive=False; unit=59; checkpoint=1:gate4Pass(chainC!=null).
[13:12:18.074] [NocturneModernGameplay] HIDDEN9THGATE-HIT; frame=5829; seq=10; bridgeActive=False; unit=59; checkpoint=1:gate4Pass(chainC!=null).
[13:12:18.109] [NocturneModernGameplay] HIDDEN9THGATE-HIT; frame=5834; seq=10; bridgeActive=False; unit=59; checkpoint=1:gate4Pass(chainC!=null).
[13:12:18.144] [NocturneModernGameplay] HIDDEN9THGATE-HIT; frame=5839; seq=10; bridgeActive=False; unit=59; checkpoint=1:gate4Pass(chainC!=null).
[13:12:18.172] [NocturneModernGameplay] HIDDEN9THGATE-HIT; frame=5843; seq=10; bridgeActive=False; unit=59; checkpoint=1:gate4Pass(chainC!=null).
[13:12:18.206] [NocturneModernGameplay] HIDDEN9THGATE-HIT; frame=5848; seq=10; bridgeActive=False; unit=59; checkpoint=1:gate4Pass(chainC!=null).
[13:12:18.241] [NocturneModernGameplay] HIDDEN9THGATE-HIT; frame=5853; seq=10; bridgeActive=False; unit=59; checkpoint=1:gate4Pass(chainC!=null).
[13:12:18.276] [NocturneModernGameplay] HIDDEN9THGATE-HIT; frame=5858; seq=10; bridgeActive=False; unit=59; checkpoint=1:gate4Pass(chainC!=null).
[13:12:18.311] [NocturneModernGameplay] HIDDEN9THGATE-HIT; frame=5863; seq=10; bridgeActive=False; unit=59; checkpoint=1:gate4Pass(chainC!=null).
[13:12:18.338] [NocturneModernGameplay] HIDDEN9THGATE-HIT; frame=5867; seq=10; bridgeActive=False; unit=59; checkpoint=1:gate4Pass(chainC!=null).
[13:12:18.373] [NocturneModernGameplay] HIDDEN9THGATE-HIT; frame=5872; seq=10; bridgeActive=False; unit=59; checkpoint=1:gate4Pass(chainC!=null).
[13:12:18.408] [NocturneModernGameplay] HIDDEN9THGATE-HIT; frame=5877; seq=10; bridgeActive=False; unit=59; checkpoint=1:gate4Pass(chainC!=null).
[13:12:18.442] [NocturneModernGameplay] HIDDEN9THGATE-HIT; frame=5882; seq=10; bridgeActive=False; unit=59; checkpoint=1:gate4Pass(chainC!=null).
[13:12:18.477] [NocturneModernGameplay] HIDDEN9THGATE-HIT; frame=5887; seq=10; bridgeActive=False; unit=59; checkpoint=1:gate4Pass(chainC!=null).
[13:12:18.505] [NocturneModernGameplay] HIDDEN9THGATE-HIT; frame=5891; seq=10; bridgeActive=False; unit=59; checkpoint=1:gate4Pass(chainC!=null).
[13:12:18.540] [NocturneModernGameplay] HIDDEN9THGATE-HIT; frame=5896; seq=10; bridgeActive=False; unit=59; checkpoint=1:gate4Pass(chainC!=null).
[13:12:18.574] [NocturneModernGameplay] HIDDEN9THGATE-HIT; frame=5901; seq=10; bridgeActive=False; unit=59; checkpoint=1:gate4Pass(chainC!=null).
[13:12:18.609] [NocturneModernGameplay] HIDDEN9THGATE-HIT; frame=5906; seq=10; bridgeActive=False; unit=59; checkpoint=1:gate4Pass(chainC!=null).
[13:12:18.644] [NocturneModernGameplay] HIDDEN9THGATE-HIT; frame=5911; seq=10; bridgeActive=False; unit=59; checkpoint=1:gate4Pass(chainC!=null).
[13:12:18.672] [NocturneModernGameplay] HIDDEN9THGATE-HIT; frame=5915; seq=10; bridgeActive=False; unit=59; checkpoint=1:gate4Pass(chainC!=null).
[13:12:18.706] [NocturneModernGameplay] HIDDEN9THGATE-HIT; frame=5920; seq=10; bridgeActive=False; unit=59; checkpoint=1:gate4Pass(chainC!=null).
[13:12:18.741] [NocturneModernGameplay] HIDDEN9THGATE-HIT; frame=5925; seq=10; bridgeActive=False; unit=59; checkpoint=1:gate4Pass(chainC!=null).
[13:12:18.776] [NocturneModernGameplay] HIDDEN9THGATE-HIT; frame=5930; seq=10; bridgeActive=False; unit=59; checkpoint=1:gate4Pass(chainC!=null).
[13:12:18.811] [NocturneModernGameplay] HIDDEN9THGATE-HIT; frame=5935; seq=10; bridgeActive=False; unit=59; checkpoint=1:gate4Pass(chainC!=null).
[13:12:18.838] [NocturneModernGameplay] HIDDEN9THGATE-HIT; frame=5939; seq=10; bridgeActive=False; unit=59; checkpoint=1:gate4Pass(chainC!=null).
[13:12:18.873] [NocturneModernGameplay] HIDDEN9THGATE-HIT; frame=5944; seq=10; bridgeActive=False; unit=59; checkpoint=1:gate4Pass(chainC!=null).
[13:12:18.908] [NocturneModernGameplay] HIDDEN9THGATE-HIT; frame=5949; seq=10; bridgeActive=False; unit=59; checkpoint=1:gate4Pass(chainC!=null).
[13:12:18.942] [NocturneModernGameplay] HIDDEN9THGATE-HIT; frame=5954; seq=10; bridgeActive=False; unit=59; checkpoint=1:gate4Pass(chainC!=null).
[13:12:18.977] [NocturneModernGameplay] HIDDEN9THGATE-HIT; frame=5959; seq=10; bridgeActive=False; unit=59; checkpoint=1:gate4Pass(chainC!=null).
[13:12:19.005] [NocturneModernGameplay] HIDDEN9THGATE-HIT; frame=5963; seq=10; bridgeActive=False; unit=59; checkpoint=1:gate4Pass(chainC!=null).
[13:12:19.040] [NocturneModernGameplay] HIDDEN9THGATE-HIT; frame=5968; seq=10; bridgeActive=False; unit=59; checkpoint=1:gate4Pass(chainC!=null).
[13:12:19.075] [NocturneModernGameplay] HIDDEN9THGATE-HIT; frame=5973; seq=10; bridgeActive=False; unit=59; checkpoint=1:gate4Pass(chainC!=null).
[13:12:19.110] [NocturneModernGameplay] HIDDEN9THGATE-HIT; frame=5978; seq=10; bridgeActive=False; unit=59; checkpoint=1:gate4Pass(chainC!=null).
[13:12:19.144] [NocturneModernGameplay] HIDDEN9THGATE-HIT; frame=5983; seq=10; bridgeActive=False; unit=59; checkpoint=1:gate4Pass(chainC!=null).
[13:12:19.172] [NocturneModernGameplay] HIDDEN9THGATE-HIT; frame=5987; seq=10; bridgeActive=False; unit=59; checkpoint=1:gate4Pass(chainC!=null).
[13:12:19.206] [NocturneModernGameplay] HIDDEN9THGATE-HIT; frame=5992; seq=10; bridgeActive=False; unit=59; checkpoint=1:gate4Pass(chainC!=null).
[13:12:19.241] [NocturneModernGameplay] HIDDEN9THGATE-HIT; frame=5997; seq=10; bridgeActive=False; unit=59; checkpoint=1:gate4Pass(chainC!=null).
[13:12:19.276] [NocturneModernGameplay] HIDDEN9THGATE-HIT; frame=6002; seq=10; bridgeActive=False; unit=59; checkpoint=1:gate4Pass(chainC!=null).
[13:12:19.311] [NocturneModernGameplay] HIDDEN9THGATE-HIT; frame=6007; seq=10; bridgeActive=False; unit=59; checkpoint=1:gate4Pass(chainC!=null).
[13:12:19.338] [NocturneModernGameplay] HIDDEN9THGATE-HIT; frame=6011; seq=10; bridgeActive=False; unit=59; checkpoint=1:gate4Pass(chainC!=null).
[13:12:19.346] [Nocturne_Modern_Gameplay] [NocturneModernGameplay] SKILLCUROBJ-CACHE-REFRESH; frame=6013; trackedCount=16; arrayLen=16.
[13:12:19.373] [NocturneModernGameplay] HIDDEN9THGATE-HIT; frame=6016; seq=10; bridgeActive=False; unit=59; checkpoint=1:gate4Pass(chainC!=null).
[13:12:19.408] [NocturneModernGameplay] HIDDEN9THGATE-HIT; frame=6021; seq=10; bridgeActive=False; unit=59; checkpoint=1:gate4Pass(chainC!=null).
[13:12:19.442] [NocturneModernGameplay] HIDDEN9THGATE-HIT; frame=6026; seq=10; bridgeActive=False; unit=59; checkpoint=1:gate4Pass(chainC!=null).
[13:12:19.477] [NocturneModernGameplay] HIDDEN9THGATE-HIT; frame=6031; seq=10; bridgeActive=False; unit=59; checkpoint=1:gate4Pass(chainC!=null).
[13:12:19.505] [NocturneModernGameplay] HIDDEN9THGATE-HIT; frame=6035; seq=10; bridgeActive=False; unit=59; checkpoint=1:gate4Pass(chainC!=null).
[13:12:19.540] [NocturneModernGameplay] HIDDEN9THGATE-HIT; frame=6040; seq=10; bridgeActive=False; unit=59; checkpoint=1:gate4Pass(chainC!=null).
[13:12:19.574] [NocturneModernGameplay] HIDDEN9THGATE-HIT; frame=6045; seq=10; bridgeActive=False; unit=59; checkpoint=1:gate4Pass(chainC!=null).
[13:12:19.609] [NocturneModernGameplay] HIDDEN9THGATE-HIT; frame=6050; seq=10; bridgeActive=False; unit=59; checkpoint=1:gate4Pass(chainC!=null).
[13:12:19.644] [NocturneModernGameplay] HIDDEN9THGATE-HIT; frame=6055; seq=10; bridgeActive=False; unit=59; checkpoint=1:gate4Pass(chainC!=null).
[13:12:19.672] [NocturneModernGameplay] HIDDEN9THGATE-HIT; frame=6059; seq=10; bridgeActive=False; unit=59; checkpoint=1:gate4Pass(chainC!=null).
[13:12:19.706] [NocturneModernGameplay] HIDDEN9THGATE-HIT; frame=6064; seq=10; bridgeActive=False; unit=59; checkpoint=1:gate4Pass(chainC!=null).
[13:12:19.741] [NocturneModernGameplay] HIDDEN9THGATE-HIT; frame=6069; seq=10; bridgeActive=False; unit=59; checkpoint=1:gate4Pass(chainC!=null).
[13:12:19.776] [NocturneModernGameplay] HIDDEN9THGATE-HIT; frame=6074; seq=10; bridgeActive=False; unit=59; checkpoint=1:gate4Pass(chainC!=null).
[13:12:19.811] [NocturneModernGameplay] HIDDEN9THGATE-HIT; frame=6079; seq=10; bridgeActive=False; unit=59; checkpoint=1:gate4Pass(chainC!=null).
[13:12:19.838] [NocturneModernGameplay] HIDDEN9THGATE-HIT; frame=6083; seq=10; bridgeActive=False; unit=59; checkpoint=1:gate4Pass(chainC!=null).
[13:12:19.873] [NocturneModernGameplay] FORGET-FLAG-CHANGE; frame=6089; seq=10; unit=59; from=0; to=2.
[13:12:19.873] [NocturneModernGameplay] FORGET-PUPSKILL-CHANGE; frame=6089; seq=10; unit=59; pUpResultBefore=2; pUpResultAfter=-1; pUpIndexBefore=0; pUpIndexAfter=0; pUpIdBefore=320; pUpIdAfter=320.
[13:12:19.874] [NocturneModernGameplay] FORGET-TRACE; frame=6089; seq=10; flag=2; unit=59; skillCnt=8; pUpResult=-1; pUpIndex=0; pUpId=320.
[13:12:19.874] [NocturneModernGameplay] HIDDEN9THGATE-HIT; frame=6088; seq=10; bridgeActive=False; unit=59; checkpoint=1:gate4Pass(chainC!=null).
[13:12:19.908] [NocturneModernGameplay] HIDDEN9THGATE-HIT; frame=6093; seq=10; bridgeActive=False; unit=59; checkpoint=1:gate4Pass(chainC!=null).
[13:12:19.942] [NocturneModernGameplay] HIDDEN9THGATE-HIT; frame=6098; seq=10; bridgeActive=False; unit=59; checkpoint=1:gate4Pass(chainC!=null).
[13:12:19.977] [NocturneModernGameplay] HIDDEN9THGATE-HIT; frame=6103; seq=10; bridgeActive=False; unit=59; checkpoint=1:gate4Pass(chainC!=null).
[13:12:20.005] [NocturneModernGameplay] HIDDEN9THGATE-HIT; frame=6107; seq=10; bridgeActive=False; unit=59; checkpoint=1:gate4Pass(chainC!=null).
[13:12:20.040] [NocturneModernGameplay] HIDDEN9THGATE-HIT; frame=6112; seq=10; bridgeActive=False; unit=59; checkpoint=1:gate4Pass(chainC!=null).
[13:12:20.074] [NocturneModernGameplay] HIDDEN9THGATE-HIT; frame=6117; seq=10; bridgeActive=False; unit=59; checkpoint=1:gate4Pass(chainC!=null).
[13:12:20.109] [NocturneModernGameplay] HIDDEN9THGATE-HIT; frame=6122; seq=10; bridgeActive=False; unit=59; checkpoint=1:gate4Pass(chainC!=null).
[13:12:20.144] [NocturneModernGameplay] HIDDEN9THGATE-HIT; frame=6127; seq=10; bridgeActive=False; unit=59; checkpoint=1:gate4Pass(chainC!=null).
[13:12:20.172] [NocturneModernGameplay] HIDDEN9THGATE-HIT; frame=6131; seq=10; bridgeActive=False; unit=59; checkpoint=1:gate4Pass(chainC!=null).
[13:12:20.206] [NocturneModernGameplay] HIDDEN9THGATE-HIT; frame=6136; seq=10; bridgeActive=False; unit=59; checkpoint=1:gate4Pass(chainC!=null).
[13:12:20.241] [NocturneModernGameplay] HIDDEN9THGATE-HIT; frame=6141; seq=10; bridgeActive=False; unit=59; checkpoint=1:gate4Pass(chainC!=null).
[13:12:20.276] [NocturneModernGameplay] HIDDEN9THGATE-HIT; frame=6146; seq=10; bridgeActive=False; unit=59; checkpoint=1:gate4Pass(chainC!=null).
[13:12:20.311] [NocturneModernGameplay] HIDDEN9THGATE-HIT; frame=6151; seq=10; bridgeActive=False; unit=59; checkpoint=1:gate4Pass(chainC!=null).
[13:12:20.338] [NocturneModernGameplay] HIDDEN9THGATE-HIT; frame=6155; seq=10; bridgeActive=False; unit=59; checkpoint=1:gate4Pass(chainC!=null).
[13:12:20.373] [NocturneModernGameplay] HIDDEN9THGATE-HIT; frame=6160; seq=10; bridgeActive=False; unit=59; checkpoint=1:gate4Pass(chainC!=null).
[13:12:20.408] [NocturneModernGameplay] HIDDEN9THGATE-HIT; frame=6165; seq=10; bridgeActive=False; unit=59; checkpoint=1:gate4Pass(chainC!=null).
[13:12:20.442] [NocturneModernGameplay] HIDDEN9THGATE-HIT; frame=6170; seq=10; bridgeActive=False; unit=59; checkpoint=1:gate4Pass(chainC!=null).
[13:12:20.477] [NocturneModernGameplay] HIDDEN9THGATE-HIT; frame=6175; seq=10; bridgeActive=False; unit=59; checkpoint=1:gate4Pass(chainC!=null).
[13:12:20.505] [NocturneModernGameplay] HIDDEN9THGATE-HIT; frame=6179; seq=10; bridgeActive=False; unit=59; checkpoint=1:gate4Pass(chainC!=null).
[13:12:20.540] [NocturneModernGameplay] HIDDEN9THGATE-HIT; frame=6184; seq=10; bridgeActive=False; unit=59; checkpoint=1:gate4Pass(chainC!=null).
[13:12:20.574] [NocturneModernGameplay] HIDDEN9THGATE-HIT; frame=6189; seq=10; bridgeActive=False; unit=59; checkpoint=1:gate4Pass(chainC!=null).
[13:12:20.609] [NocturneModernGameplay] HIDDEN9THGATE-HIT; frame=6194; seq=10; bridgeActive=False; unit=59; checkpoint=1:gate4Pass(chainC!=null).
[13:12:20.644] [NocturneModernGameplay] HIDDEN9THGATE-HIT; frame=6199; seq=10; bridgeActive=False; unit=59; checkpoint=1:gate4Pass(chainC!=null).
[13:12:20.861] [NocturneModernGameplay] FORGET-FLAG-CHANGE; frame=6204; seq=10; unit=59; from=2; to=0.
[13:12:20.862] [NocturneModernGameplay] FORGET-TRACE; frame=6204; seq=10; flag=0; unit=59; skillCnt=8; pUpResult=-1; pUpIndex=0; pUpId=320.
[13:12:20.863] [NocturneModernGameplay] HIDDEN9THGATE-HIT; frame=6203; seq=10; bridgeActive=False; unit=59; checkpoint=1:gate4Pass(chainC!=null).
[13:12:20.867] [NocturneModernGameplay] HIDDEN9THGATE-HIT; frame=6204; seq=10; bridgeActive=False; unit=59; checkpoint=1:gate4Pass(chainC!=null).
[13:12:20.906] [NocturneModernGameplay] HIDDEN9THGATE-HIT; frame=6210; seq=10; bridgeActive=False; unit=59; checkpoint=1:gate4Pass(chainC!=null).
[13:12:20.933] [NocturneModernGameplay] HIDDEN9THGATE-HIT; frame=6214; seq=10; bridgeActive=False; unit=59; checkpoint=1:gate4Pass(chainC!=null).
[13:12:20.968] [NocturneModernGameplay] HIDDEN9THGATE-HIT; frame=6219; seq=10; bridgeActive=False; unit=59; checkpoint=1:gate4Pass(chainC!=null).
[13:12:21.003] [NocturneModernGameplay] HIDDEN9THGATE-HIT; frame=6224; seq=10; bridgeActive=False; unit=59; checkpoint=1:gate4Pass(chainC!=null).
[13:12:21.038] [NocturneModernGameplay] HIDDEN9THGATE-HIT; frame=6229; seq=10; bridgeActive=False; unit=59; checkpoint=1:gate4Pass(chainC!=null).
[13:12:21.072] [NocturneModernGameplay] HIDDEN9THGATE-HIT; frame=6234; seq=10; bridgeActive=False; unit=59; checkpoint=1:gate4Pass(chainC!=null).
[13:12:21.100] [NocturneModernGameplay] HIDDEN9THGATE-HIT; frame=6238; seq=10; bridgeActive=False; unit=59; checkpoint=1:gate4Pass(chainC!=null).
[13:12:21.135] [NocturneModernGameplay] HIDDEN9THGATE-HIT; frame=6243; seq=10; bridgeActive=False; unit=59; checkpoint=1:gate4Pass(chainC!=null).
[13:12:21.170] [NocturneModernGameplay] HIDDEN9THGATE-HIT; frame=6248; seq=10; bridgeActive=False; unit=59; checkpoint=1:gate4Pass(chainC!=null).
[13:12:21.204] [NocturneModernGameplay] HIDDEN9THGATE-HIT; frame=6253; seq=10; bridgeActive=False; unit=59; checkpoint=1:gate4Pass(chainC!=null).
[13:12:21.239] [NocturneModernGameplay] HIDDEN9THGATE-HIT; frame=6258; seq=10; bridgeActive=False; unit=59; checkpoint=1:gate4Pass(chainC!=null).
[13:12:21.267] [NocturneModernGameplay] HIDDEN9THGATE-HIT; frame=6262; seq=10; bridgeActive=False; unit=59; checkpoint=1:gate4Pass(chainC!=null).
[13:12:21.301] [NocturneModernGameplay] HIDDEN9THGATE-HIT; frame=6267; seq=10; bridgeActive=False; unit=59; checkpoint=1:gate4Pass(chainC!=null).
[13:12:21.336] [NocturneModernGameplay] HIDDEN9THGATE-HIT; frame=6272; seq=10; bridgeActive=False; unit=59; checkpoint=1:gate4Pass(chainC!=null).
[13:12:21.371] [NocturneModernGameplay] HIDDEN9THGATE-HIT; frame=6277; seq=10; bridgeActive=False; unit=59; checkpoint=1:gate4Pass(chainC!=null).
[13:12:21.405] [NocturneModernGameplay] HIDDEN9THGATE-HIT; frame=6282; seq=10; bridgeActive=False; unit=59; checkpoint=1:gate4Pass(chainC!=null).
[13:12:21.433] [NocturneModernGameplay] HIDDEN9THGATE-HIT; frame=6286; seq=10; bridgeActive=False; unit=59; checkpoint=1:gate4Pass(chainC!=null).
[13:12:21.468] [NocturneModernGameplay] HIDDEN9THGATE-HIT; frame=6291; seq=10; bridgeActive=False; unit=59; checkpoint=1:gate4Pass(chainC!=null).
[13:12:21.502] [NocturneModernGameplay] DEFAULTSKILL-CROSSCALL-DIFF; unit=59->59; frame=5743->6297; seq=8->16; refObjSame=True; refTableObj 0x16511F8B840->0x16511F8B840; refIndex 14->13; counterObjSame=True; counterObj 0x16537304BE0->0x16537304BE0; counter 0->0; tableBuiltFlag 0->0; stockPtr 0x1653730A370->0x1653730A370; stockFlagsOk=True/True; stockFlags 0x1443->0x1443; bit0x200 False->False; eventNums 0->0; eventOfs 9->9; rollbackMatchesBit200Theory=False.
[13:12:21.502] [NocturneModernGameplay] DEFAULTSKILL-EXTERNAL-STATE; frame=6297; counterOk=True/True; counter 0->7; counterObj 0x16537304BE0->0x16537304BE0; refOk=True/True; refIndex 13->13; refTableObj 0x16511F8B840->0x16511F8B840; tableBuiltFlag 0->2; obj2 0x1688A82BF00->0x1688A82BF00; gbwkPtr 0x1688A82BF00->0x1688A82BF00; obj2Plus0x60ReadOk=True; obj2Plus0x60=0x1653730A370; matchesGbwkPtr=False; stockFlagsOk=True/True; stockFlags 0x1443->0x1443; bit0x200 False->False.
[13:12:21.503] [NocturneModernGameplay] DEFAULTSKILL-ITERATOR-CALL; frame=6297; unit=59->59; stockPtr=0x1653730A370; eventParam 396->396; eventNums 0->2; eventOfs 9->8; defSkillResult 0->0; seqCurrent 16->16; seqLast 10->10; flag 0->0; levelUpCnt 0->0; pUpResult -1->-1; resultEventType=1.
[13:12:21.503] [NocturneModernGameplay] DEFAULTSKILL-ITERATOR-CALL; frame=6297; unit=59->59; stockPtr=0x1653730A370; eventParam 387->387; eventNums 2->2; eventOfs 8->9; defSkillResult 0->0; seqCurrent 16->16; seqLast 10->10; flag 0->0; levelUpCnt 0->0; pUpResult -1->-1; resultEventType=6.
[13:12:21.503] [NocturneModernGameplay] DEFAULTSKILL-EXTERNAL-STATE; frame=6297; counterOk=True/True; counter 7->0; counterObj 0x16537304BE0->0x16537304BE0; refOk=True/True; refIndex 13->14; refTableObj 0x16511F8B840->0x16511F8B840; tableBuiltFlag 2->0; obj2 0x1688A82BF00->0x1688A82BF00; gbwkPtr 0x1688A82BF00->0x1688A82BF00; obj2Plus0x60ReadOk=True; obj2Plus0x60=0x1653730A370; matchesGbwkPtr=False; stockFlagsOk=True/True; stockFlags 0x1443->0x1443; bit0x200 False->False.
[13:12:21.504] [NocturneModernGameplay] DEFAULTSKILL-ITERATOR-CALL; frame=6297; unit=59->59; stockPtr=0x1653730A370; eventParam 396->396; eventNums 2->0; eventOfs 9->9; defSkillResult 0->0; seqCurrent 16->16; seqLast 10->10; flag 0->0; levelUpCnt 0->0; pUpResult -1->-1; resultEventType=-1.
[13:12:21.504] [NocturneModernGameplay] FORGET-SEQ-CHANGE; frame=6297; unit=60; from=10; to=6.
[13:12:21.504] [NocturneModernGameplay] FORGET-TRACE; frame=6297; seq=6; flag=0; unit=60; skillCnt=8; pUpResult=-1; pUpIndex=0; pUpId=320.
[13:12:21.504] [NocturneModernGameplay] RSTCALC-HANDLED-RECLASSIFY; frame=6297; unit=59; stockPtr=0x1653730A370; eventParam 396->396; handled True->False; defSkillResult 0->0; eventNums 0->0; eventOfs 9->9; levelUpCnt 0->1; seqCurrent 11->6; seqLast 10->10; seqChange 1->0; pUpSkillResult -1->-1; RECLASSIFY-EVENT=False.
[13:12:21.505] [NocturneModernGameplay] HIDDEN9THGATE-HIT; frame=6296; seq=10; bridgeActive=False; unit=59; checkpoint=1:gate4Pass(chainC!=null).
[13:12:21.537] [NocturneModernGameplay] REFINDEX-FRAME-CHANGE; frame=6302; unit=60; refTableObjSame=True; refTableObj 0x16511F8B840->0x16511F8B840; refIndex 13->14; seqCurrent=6; seqLast=10; seqChange=0; eventNums=0; eventOfs=9; eventParam=396; defSkillResult=0; flag=0; pUpSkillResult=-1.
[13:12:21.538] [NocturneModernGameplay] HIDDEN9THGATE-HIT; frame=6301; seq=6; bridgeActive=False; unit=60; checkpoint=1:gate4Pass(chainC!=null).
[13:12:21.574] [NocturneModernGameplay] HIDDEN9THGATE-HIT; frame=6306; seq=6; bridgeActive=False; unit=60; checkpoint=1:gate4Pass(chainC!=null).
[13:12:21.600] [NocturneModernGameplay] FORGET-FLAG-CHANGE; frame=6311; seq=6; unit=60; from=0; to=1.
[13:12:21.600] [NocturneModernGameplay] FORGET-TRACE; frame=6311; seq=6; flag=1; unit=60; skillCnt=8; pUpResult=-1; pUpIndex=0; pUpId=320.
[13:12:21.601] [NocturneModernGameplay] HIDDEN9THGATE-HIT; frame=6310; seq=6; bridgeActive=False; unit=60; checkpoint=1:gate4Pass(chainC!=null).
[13:12:21.614] [Nocturne_Modern_Gameplay] [NocturneModernGameplay] SKILLCUROBJ-CACHE-REFRESH; frame=6313; trackedCount=16; arrayLen=16.
[13:12:21.635] [NocturneModernGameplay] HIDDEN9THGATE-HIT; frame=6315; seq=6; bridgeActive=False; unit=60; checkpoint=1:gate4Pass(chainC!=null).
[13:12:21.669] [NocturneModernGameplay] HIDDEN9THGATE-HIT; frame=6320; seq=6; bridgeActive=False; unit=60; checkpoint=1:gate4Pass(chainC!=null).
[13:12:21.704] [NocturneModernGameplay] HIDDEN9THGATE-HIT; frame=6325; seq=6; bridgeActive=False; unit=60; checkpoint=1:gate4Pass(chainC!=null).
[13:12:21.739] [NocturneModernGameplay] HIDDEN9THGATE-HIT; frame=6330; seq=6; bridgeActive=False; unit=60; checkpoint=1:gate4Pass(chainC!=null).
[13:12:21.767] [NocturneModernGameplay] HIDDEN9THGATE-HIT; frame=6334; seq=6; bridgeActive=False; unit=60; checkpoint=1:gate4Pass(chainC!=null).
[13:12:21.802] [NocturneModernGameplay] HIDDEN9THGATE-HIT; frame=6339; seq=6; bridgeActive=False; unit=60; checkpoint=1:gate4Pass(chainC!=null).
[13:12:21.836] [NocturneModernGameplay] HIDDEN9THGATE-HIT; frame=6344; seq=6; bridgeActive=False; unit=60; checkpoint=1:gate4Pass(chainC!=null).
[13:12:21.871] [NocturneModernGameplay] HIDDEN9THGATE-HIT; frame=6349; seq=6; bridgeActive=False; unit=60; checkpoint=1:gate4Pass(chainC!=null).
[13:12:21.906] [NocturneModernGameplay] HIDDEN9THGATE-HIT; frame=6354; seq=6; bridgeActive=False; unit=60; checkpoint=1:gate4Pass(chainC!=null).
[13:12:21.933] [NocturneModernGameplay] HIDDEN9THGATE-HIT; frame=6358; seq=6; bridgeActive=False; unit=60; checkpoint=1:gate4Pass(chainC!=null).
[13:12:21.968] [NocturneModernGameplay] HIDDEN9THGATE-HIT; frame=6363; seq=6; bridgeActive=False; unit=60; checkpoint=1:gate4Pass(chainC!=null).
[13:12:22.003] [NocturneModernGameplay] HIDDEN9THGATE-HIT; frame=6368; seq=6; bridgeActive=False; unit=60; checkpoint=1:gate4Pass(chainC!=null).
[13:12:22.038] [NocturneModernGameplay] HIDDEN9THGATE-HIT; frame=6373; seq=6; bridgeActive=False; unit=60; checkpoint=1:gate4Pass(chainC!=null).
[13:12:22.072] [NocturneModernGameplay] HIDDEN9THGATE-HIT; frame=6378; seq=6; bridgeActive=False; unit=60; checkpoint=1:gate4Pass(chainC!=null).
[13:12:22.100] [NocturneModernGameplay] HIDDEN9THGATE-HIT; frame=6382; seq=6; bridgeActive=False; unit=60; checkpoint=1:gate4Pass(chainC!=null).
[13:12:22.135] [NocturneModernGameplay] HIDDEN9THGATE-HIT; frame=6387; seq=6; bridgeActive=False; unit=60; checkpoint=1:gate4Pass(chainC!=null).
[13:12:22.170] [NocturneModernGameplay] HIDDEN9THGATE-HIT; frame=6392; seq=6; bridgeActive=False; unit=60; checkpoint=1:gate4Pass(chainC!=null).
[13:12:22.204] [NocturneModernGameplay] HIDDEN9THGATE-HIT; frame=6397; seq=6; bridgeActive=False; unit=60; checkpoint=1:gate4Pass(chainC!=null).
[13:12:22.239] [NocturneModernGameplay] HIDDEN9THGATE-HIT; frame=6402; seq=6; bridgeActive=False; unit=60; checkpoint=1:gate4Pass(chainC!=null).
[13:12:22.267] [NocturneModernGameplay] HIDDEN9THGATE-HIT; frame=6406; seq=6; bridgeActive=False; unit=60; checkpoint=1:gate4Pass(chainC!=null).
[13:12:22.302] [NocturneModernGameplay] HIDDEN9THGATE-HIT; frame=6411; seq=6; bridgeActive=False; unit=60; checkpoint=1:gate4Pass(chainC!=null).
[13:12:22.336] [NocturneModernGameplay] HIDDEN9THGATE-HIT; frame=6416; seq=6; bridgeActive=False; unit=60; checkpoint=1:gate4Pass(chainC!=null).
[13:12:22.371] [NocturneModernGameplay] HIDDEN9THGATE-HIT; frame=6421; seq=6; bridgeActive=False; unit=60; checkpoint=1:gate4Pass(chainC!=null).
[13:12:22.405] [NocturneModernGameplay] DEFAULTSKILL-CROSSCALL-DIFF; unit=59->60; frame=6297->6427; seq=16->8; refObjSame=True; refTableObj 0x16511F8B840->0x16511F8B840; refIndex 14->11; counterObjSame=True; counterObj 0x16537304BE0->0x16537304BE0; counter 0->0; tableBuiltFlag 0->0; stockPtr 0x1653730A370->0x1653730A210; stockFlagsOk=True/True; stockFlags 0x1443->0x3; bit0x200 False->False; eventNums 0->0; eventOfs 9->9; rollbackMatchesBit200Theory=False.
[13:12:22.405] [NocturneModernGameplay] DEFAULTSKILL-EXTERNAL-STATE; frame=6427; counterOk=True/True; counter 0->6; counterObj 0x16537304BE0->0x16537304BE0; refOk=True/True; refIndex 11->11; refTableObj 0x16511F8B840->0x16511F8B840; tableBuiltFlag 0->1; obj2 0x1688A82BF00->0x1688A82BF00; gbwkPtr 0x1688A82BF00->0x1688A82BF00; obj2Plus0x60ReadOk=True; obj2Plus0x60=0x1653730A210; matchesGbwkPtr=False; stockFlagsOk=True/True; stockFlags 0x3->0x3; bit0x200 False->False.
[13:12:22.406] [NocturneModernGameplay] DEFAULTSKILL-ITERATOR-CALL; frame=6427; unit=60->60; stockPtr=0x1653730A210; eventParam 396->396; eventNums 0->1; eventOfs 9->7; defSkillResult 0->0; seqCurrent 8->8; seqLast 6->6; flag 1->1; levelUpCnt 1->1; pUpResult -1->-1; resultEventType=1.
[13:12:22.406] [NocturneModernGameplay] FORGET-SEQ-CHANGE; frame=6427; unit=60; from=6; to=8.
[13:12:22.406] [NocturneModernGameplay] FORGET-TRACE; frame=6427; seq=8; flag=1; unit=60; skillCnt=8; pUpResult=-1; pUpIndex=0; pUpId=320.
[13:12:22.407] [NocturneModernGameplay] HIDDEN9THGATE-HIT; frame=6426; seq=6; bridgeActive=False; unit=60; checkpoint=1:gate4Pass(chainC!=null).
[13:12:22.433] [NocturneModernGameplay] REFINDEX-FRAME-CHANGE; frame=6431; unit=60; refTableObjSame=True; refTableObj 0x16511F8B840->0x16511F8B840; refIndex 14->11; seqCurrent=8; seqLast=6; seqChange=0; eventNums=1; eventOfs=7; eventParam=349; defSkillResult=2; flag=1; pUpSkillResult=-1.
[13:12:22.433] [NocturneModernGameplay] HIDDEN9THGATE-HIT; frame=6430; seq=8; bridgeActive=False; unit=60; checkpoint=1:gate4Pass(chainC!=null).
[13:12:22.468] [NocturneModernGameplay] HIDDEN9THGATE-HIT; frame=6435; seq=8; bridgeActive=False; unit=60; checkpoint=1:gate4Pass(chainC!=null).
[13:12:22.684] [NocturneModernGameplay] HIDDEN9THGATE-HIT; frame=6440; seq=8; bridgeActive=False; unit=60; checkpoint=1:gate4Pass(chainC!=null).
[13:12:22.687] [NocturneModernGameplay] HIDDEN9THGATE-HIT; frame=6441; seq=8; bridgeActive=False; unit=60; checkpoint=1:gate4Pass(chainC!=null).
[13:12:22.721] [NocturneModernGameplay] HIDDEN9THGATE-HIT; frame=6446; seq=8; bridgeActive=False; unit=60; checkpoint=1:gate4Pass(chainC!=null).
[13:12:22.755] [NocturneModernGameplay] HIDDEN9THGATE-HIT; frame=6451; seq=8; bridgeActive=False; unit=60; checkpoint=1:gate4Pass(chainC!=null).
[13:12:22.790] [NocturneModernGameplay] HIDDEN9THGATE-HIT; frame=6456; seq=8; bridgeActive=False; unit=60; checkpoint=1:gate4Pass(chainC!=null).
[13:12:22.818] [NocturneModernGameplay] HIDDEN9THGATE-HIT; frame=6460; seq=8; bridgeActive=False; unit=60; checkpoint=1:gate4Pass(chainC!=null).
[13:12:22.853] [NocturneModernGameplay] HIDDEN9THGATE-HIT; frame=6465; seq=8; bridgeActive=False; unit=60; checkpoint=1:gate4Pass(chainC!=null).
[13:12:22.887] [NocturneModernGameplay] HIDDEN9THGATE-HIT; frame=6470; seq=8; bridgeActive=False; unit=60; checkpoint=1:gate4Pass(chainC!=null).
[13:12:22.922] [NocturneModernGameplay] HIDDEN9THGATE-HIT; frame=6475; seq=8; bridgeActive=False; unit=60; checkpoint=1:gate4Pass(chainC!=null).
[13:12:22.957] [NocturneModernGameplay] HIDDEN9THGATE-HIT; frame=6480; seq=8; bridgeActive=False; unit=60; checkpoint=1:gate4Pass(chainC!=null).
[13:12:22.985] [NocturneModernGameplay] HIDDEN9THGATE-HIT; frame=6484; seq=8; bridgeActive=False; unit=60; checkpoint=1:gate4Pass(chainC!=null).
[13:12:23.019] [NocturneModernGameplay] HIDDEN9THGATE-HIT; frame=6489; seq=8; bridgeActive=False; unit=60; checkpoint=1:gate4Pass(chainC!=null).
[13:12:23.054] [NocturneModernGameplay] HIDDEN9THGATE-HIT; frame=6494; seq=8; bridgeActive=False; unit=60; checkpoint=1:gate4Pass(chainC!=null).
[13:12:23.089] [NocturneModernGameplay] HIDDEN9THGATE-HIT; frame=6499; seq=8; bridgeActive=False; unit=60; checkpoint=1:gate4Pass(chainC!=null).
[13:12:23.124] [NocturneModernGameplay] HIDDEN9THGATE-HIT; frame=6504; seq=8; bridgeActive=False; unit=60; checkpoint=1:gate4Pass(chainC!=null).
[13:12:23.151] [NocturneModernGameplay] HIDDEN9THGATE-HIT; frame=6508; seq=8; bridgeActive=False; unit=60; checkpoint=1:gate4Pass(chainC!=null).
[13:12:23.186] [NocturneModernGameplay] HIDDEN9THGATE-HIT; frame=6513; seq=8; bridgeActive=False; unit=60; checkpoint=1:gate4Pass(chainC!=null).
[13:12:23.221] [NocturneModernGameplay] HIDDEN9THGATE-HIT; frame=6518; seq=8; bridgeActive=False; unit=60; checkpoint=1:gate4Pass(chainC!=null).
[13:12:23.255] [NocturneModernGameplay] HIDDEN9THGATE-HIT; frame=6523; seq=8; bridgeActive=False; unit=60; checkpoint=1:gate4Pass(chainC!=null).
[13:12:23.290] [NocturneModernGameplay] HIDDEN9THGATE-HIT; frame=6528; seq=8; bridgeActive=False; unit=60; checkpoint=1:gate4Pass(chainC!=null).
[13:12:23.318] [NocturneModernGameplay] SKILLCURSOR-FIELD-TRACE; frame=6533; seq=21; bridgeActive=False; unit=60; listNums=8; invisibleListNums=0; index=0; shift=8; drawShift=0; shiftMax=8; stopFlag=0; stepY=0.
[13:12:23.318] [NocturneModernGameplay] FORGET-SEQ-CHANGE; frame=6533; unit=60; from=8; to=21.
[13:12:23.318] [NocturneModernGameplay] FORGET-FLAG-CHANGE; frame=6533; seq=21; unit=60; from=1; to=0.
[13:12:23.318] [NocturneModernGameplay] FORGET-TRACE; frame=6533; seq=21; flag=0; unit=60; skillCnt=8; pUpResult=-1; pUpIndex=0; pUpId=320.
[13:12:23.319] [NocturneModernGameplay] SKILLCUROBJ-SETACTIVE; frame=6533; index=8; value=True; seq=21; bridgeActive=False.
[13:12:23.319] [NocturneModernGameplay] HIDDEN9THGATE-HIT; frame=6532; seq=8; bridgeActive=False; unit=60; checkpoint=1:gate4Pass(chainC!=null).
[13:12:23.320] [NocturneModernGameplay] HIDDEN9THGATE-HIT; frame=6532; seq=8; bridgeActive=False; unit=60; checkpoint=2:gate5Pass(stateTag==0x15).
[13:12:23.320] [NocturneModernGameplay] HIDDEN9THGATE-HIT; frame=6532; seq=8; bridgeActive=False; unit=60; checkpoint=3:gate6Pass(field0x88!=null).
[13:12:23.352] [NocturneModernGameplay] SKILLCUROBJ-SETACTIVE; frame=6538; index=8; value=False; seq=21; bridgeActive=False.
[13:12:23.353] [NocturneModernGameplay] SKILLCUROBJ-SETACTIVE; frame=6538; index=8; value=True; seq=21; bridgeActive=False.
[13:12:23.353] [NocturneModernGameplay] HIDDEN9THGATE-HIT; frame=6537; seq=21; bridgeActive=False; unit=60; checkpoint=1:gate4Pass(chainC!=null).
[13:12:23.353] [NocturneModernGameplay] HIDDEN9THGATE-HIT; frame=6537; seq=21; bridgeActive=False; unit=60; checkpoint=2:gate5Pass(stateTag==0x15).
[13:12:23.354] [NocturneModernGameplay] HIDDEN9THGATE-HIT; frame=6537; seq=21; bridgeActive=False; unit=60; checkpoint=3:gate6Pass(field0x88!=null).
[13:12:23.387] [NocturneModernGameplay] SKILLCUROBJ-SETACTIVE; frame=6543; index=8; value=False; seq=21; bridgeActive=False.
[13:12:23.387] [NocturneModernGameplay] SKILLCUROBJ-SETACTIVE; frame=6543; index=8; value=True; seq=21; bridgeActive=False.
[13:12:23.388] [NocturneModernGameplay] HIDDEN9THGATE-HIT; frame=6542; seq=21; bridgeActive=False; unit=60; checkpoint=1:gate4Pass(chainC!=null).
[13:12:23.388] [NocturneModernGameplay] HIDDEN9THGATE-HIT; frame=6542; seq=21; bridgeActive=False; unit=60; checkpoint=2:gate5Pass(stateTag==0x15).
[13:12:23.388] [NocturneModernGameplay] HIDDEN9THGATE-HIT; frame=6542; seq=21; bridgeActive=False; unit=60; checkpoint=3:gate6Pass(field0x88!=null).
[13:12:23.422] [NocturneModernGameplay] SKILLCUROBJ-SETACTIVE; frame=6548; index=8; value=False; seq=21; bridgeActive=False.
[13:12:23.422] [NocturneModernGameplay] SKILLCUROBJ-SETACTIVE; frame=6548; index=8; value=True; seq=21; bridgeActive=False.
[13:12:23.423] [NocturneModernGameplay] HIDDEN9THGATE-HIT; frame=6547; seq=21; bridgeActive=False; unit=60; checkpoint=1:gate4Pass(chainC!=null).
[13:12:23.423] [NocturneModernGameplay] HIDDEN9THGATE-HIT; frame=6547; seq=21; bridgeActive=False; unit=60; checkpoint=2:gate5Pass(stateTag==0x15).
[13:12:23.423] [NocturneModernGameplay] HIDDEN9THGATE-HIT; frame=6547; seq=21; bridgeActive=False; unit=60; checkpoint=3:gate6Pass(field0x88!=null).
[13:12:23.457] [NocturneModernGameplay] SKILLCUROBJ-SETACTIVE; frame=6553; index=8; value=False; seq=21; bridgeActive=False.
[13:12:23.457] [NocturneModernGameplay] SKILLCUROBJ-SETACTIVE; frame=6553; index=8; value=True; seq=21; bridgeActive=False.
[13:12:23.457] [NocturneModernGameplay] HIDDEN9THGATE-HIT; frame=6552; seq=21; bridgeActive=False; unit=60; checkpoint=1:gate4Pass(chainC!=null).
[13:12:23.458] [NocturneModernGameplay] HIDDEN9THGATE-HIT; frame=6552; seq=21; bridgeActive=False; unit=60; checkpoint=2:gate5Pass(stateTag==0x15).
[13:12:23.458] [NocturneModernGameplay] HIDDEN9THGATE-HIT; frame=6552; seq=21; bridgeActive=False; unit=60; checkpoint=3:gate6Pass(field0x88!=null).
[13:12:23.484] [NocturneModernGameplay] SKILLCUROBJ-SETACTIVE; frame=6557; index=8; value=False; seq=21; bridgeActive=False.
[13:12:23.485] [NocturneModernGameplay] SKILLCUROBJ-SETACTIVE; frame=6557; index=8; value=True; seq=21; bridgeActive=False.
[13:12:23.485] [NocturneModernGameplay] HIDDEN9THGATE-HIT; frame=6556; seq=21; bridgeActive=False; unit=60; checkpoint=1:gate4Pass(chainC!=null).
[13:12:23.485] [NocturneModernGameplay] HIDDEN9THGATE-HIT; frame=6556; seq=21; bridgeActive=False; unit=60; checkpoint=2:gate5Pass(stateTag==0x15).
[13:12:23.485] [NocturneModernGameplay] HIDDEN9THGATE-HIT; frame=6556; seq=21; bridgeActive=False; unit=60; checkpoint=3:gate6Pass(field0x88!=null).
[13:12:23.519] [NocturneModernGameplay] SKILLCUROBJ-SETACTIVE; frame=6562; index=8; value=False; seq=21; bridgeActive=False.
[13:12:23.519] [NocturneModernGameplay] SKILLCUROBJ-SETACTIVE; frame=6562; index=8; value=True; seq=21; bridgeActive=False.
[13:12:23.520] [NocturneModernGameplay] HIDDEN9THGATE-HIT; frame=6561; seq=21; bridgeActive=False; unit=60; checkpoint=1:gate4Pass(chainC!=null).
[13:12:23.520] [NocturneModernGameplay] HIDDEN9THGATE-HIT; frame=6561; seq=21; bridgeActive=False; unit=60; checkpoint=2:gate5Pass(stateTag==0x15).
[13:12:23.520] [NocturneModernGameplay] HIDDEN9THGATE-HIT; frame=6561; seq=21; bridgeActive=False; unit=60; checkpoint=3:gate6Pass(field0x88!=null).
[13:12:23.554] [NocturneModernGameplay] SKILLCUROBJ-SETACTIVE; frame=6567; index=8; value=False; seq=21; bridgeActive=False.
[13:12:23.554] [NocturneModernGameplay] SKILLCUROBJ-SETACTIVE; frame=6567; index=8; value=True; seq=21; bridgeActive=False.
[13:12:23.555] [NocturneModernGameplay] HIDDEN9THGATE-HIT; frame=6566; seq=21; bridgeActive=False; unit=60; checkpoint=1:gate4Pass(chainC!=null).
[13:12:23.555] [NocturneModernGameplay] HIDDEN9THGATE-HIT; frame=6566; seq=21; bridgeActive=False; unit=60; checkpoint=2:gate5Pass(stateTag==0x15).
[13:12:23.555] [NocturneModernGameplay] HIDDEN9THGATE-HIT; frame=6566; seq=21; bridgeActive=False; unit=60; checkpoint=3:gate6Pass(field0x88!=null).
[13:12:23.589] [NocturneModernGameplay] SKILLCUROBJ-SETACTIVE; frame=6572; index=8; value=False; seq=21; bridgeActive=False.
[13:12:23.589] [NocturneModernGameplay] SKILLCUROBJ-SETACTIVE; frame=6572; index=8; value=True; seq=21; bridgeActive=False.
[13:12:23.589] [NocturneModernGameplay] HIDDEN9THGATE-HIT; frame=6571; seq=21; bridgeActive=False; unit=60; checkpoint=1:gate4Pass(chainC!=null).
[13:12:23.590] [NocturneModernGameplay] HIDDEN9THGATE-HIT; frame=6571; seq=21; bridgeActive=False; unit=60; checkpoint=2:gate5Pass(stateTag==0x15).
[13:12:23.590] [NocturneModernGameplay] HIDDEN9THGATE-HIT; frame=6571; seq=21; bridgeActive=False; unit=60; checkpoint=3:gate6Pass(field0x88!=null).
[13:12:23.623] [NocturneModernGameplay] SKILLCUROBJ-SETACTIVE; frame=6577; index=8; value=False; seq=21; bridgeActive=False.
[13:12:23.623] [NocturneModernGameplay] SKILLCUROBJ-SETACTIVE; frame=6577; index=8; value=True; seq=21; bridgeActive=False.
[13:12:23.624] [NocturneModernGameplay] HIDDEN9THGATE-HIT; frame=6576; seq=21; bridgeActive=False; unit=60; checkpoint=1:gate4Pass(chainC!=null).
[13:12:23.624] [NocturneModernGameplay] HIDDEN9THGATE-HIT; frame=6576; seq=21; bridgeActive=False; unit=60; checkpoint=2:gate5Pass(stateTag==0x15).
[13:12:23.625] [NocturneModernGameplay] HIDDEN9THGATE-HIT; frame=6576; seq=21; bridgeActive=False; unit=60; checkpoint=3:gate6Pass(field0x88!=null).
[13:12:23.651] [NocturneModernGameplay] SKILLCUROBJ-SETACTIVE; frame=6581; index=8; value=False; seq=21; bridgeActive=False.
[13:12:23.651] [NocturneModernGameplay] SKILLCUROBJ-SETACTIVE; frame=6581; index=8; value=True; seq=21; bridgeActive=False.
[13:12:23.652] [NocturneModernGameplay] HIDDEN9THGATE-HIT; frame=6580; seq=21; bridgeActive=False; unit=60; checkpoint=1:gate4Pass(chainC!=null).
[13:12:23.652] [NocturneModernGameplay] HIDDEN9THGATE-HIT; frame=6580; seq=21; bridgeActive=False; unit=60; checkpoint=2:gate5Pass(stateTag==0x15).
[13:12:23.652] [NocturneModernGameplay] HIDDEN9THGATE-HIT; frame=6580; seq=21; bridgeActive=False; unit=60; checkpoint=3:gate6Pass(field0x88!=null).
[13:12:23.686] [NocturneModernGameplay] SKILLCUROBJ-SETACTIVE; frame=6586; index=8; value=False; seq=21; bridgeActive=False.
[13:12:23.686] [NocturneModernGameplay] SKILLCUROBJ-SETACTIVE; frame=6586; index=8; value=True; seq=21; bridgeActive=False.
[13:12:23.687] [NocturneModernGameplay] HIDDEN9THGATE-HIT; frame=6585; seq=21; bridgeActive=False; unit=60; checkpoint=1:gate4Pass(chainC!=null).
[13:12:23.687] [NocturneModernGameplay] HIDDEN9THGATE-HIT; frame=6585; seq=21; bridgeActive=False; unit=60; checkpoint=2:gate5Pass(stateTag==0x15).
[13:12:23.687] [NocturneModernGameplay] HIDDEN9THGATE-HIT; frame=6585; seq=21; bridgeActive=False; unit=60; checkpoint=3:gate6Pass(field0x88!=null).
[13:12:23.720] [NocturneModernGameplay] SKILLCUROBJ-SETACTIVE; frame=6591; index=8; value=False; seq=21; bridgeActive=False.
[13:12:23.721] [NocturneModernGameplay] SKILLCUROBJ-SETACTIVE; frame=6591; index=8; value=True; seq=21; bridgeActive=False.
[13:12:23.721] [NocturneModernGameplay] HIDDEN9THGATE-HIT; frame=6590; seq=21; bridgeActive=False; unit=60; checkpoint=1:gate4Pass(chainC!=null).
[13:12:23.721] [NocturneModernGameplay] HIDDEN9THGATE-HIT; frame=6590; seq=21; bridgeActive=False; unit=60; checkpoint=2:gate5Pass(stateTag==0x15).
[13:12:23.722] [NocturneModernGameplay] HIDDEN9THGATE-HIT; frame=6590; seq=21; bridgeActive=False; unit=60; checkpoint=3:gate6Pass(field0x88!=null).
[13:12:23.755] [NocturneModernGameplay] SKILLCUROBJ-SETACTIVE; frame=6596; index=8; value=False; seq=21; bridgeActive=False.
[13:12:23.755] [NocturneModernGameplay] SKILLCUROBJ-SETACTIVE; frame=6596; index=8; value=True; seq=21; bridgeActive=False.
[13:12:23.756] [NocturneModernGameplay] HIDDEN9THGATE-HIT; frame=6595; seq=21; bridgeActive=False; unit=60; checkpoint=1:gate4Pass(chainC!=null).
[13:12:23.756] [NocturneModernGameplay] HIDDEN9THGATE-HIT; frame=6595; seq=21; bridgeActive=False; unit=60; checkpoint=2:gate5Pass(stateTag==0x15).
[13:12:23.756] [NocturneModernGameplay] HIDDEN9THGATE-HIT; frame=6595; seq=21; bridgeActive=False; unit=60; checkpoint=3:gate6Pass(field0x88!=null).
[13:12:23.790] [NocturneModernGameplay] SKILLCUROBJ-SETACTIVE; frame=6601; index=8; value=False; seq=21; bridgeActive=False.
[13:12:23.790] [NocturneModernGameplay] SKILLCUROBJ-SETACTIVE; frame=6601; index=8; value=True; seq=21; bridgeActive=False.
[13:12:23.791] [NocturneModernGameplay] HIDDEN9THGATE-HIT; frame=6600; seq=21; bridgeActive=False; unit=60; checkpoint=1:gate4Pass(chainC!=null).
[13:12:23.791] [NocturneModernGameplay] HIDDEN9THGATE-HIT; frame=6600; seq=21; bridgeActive=False; unit=60; checkpoint=2:gate5Pass(stateTag==0x15).
[13:12:23.791] [NocturneModernGameplay] HIDDEN9THGATE-HIT; frame=6600; seq=21; bridgeActive=False; unit=60; checkpoint=3:gate6Pass(field0x88!=null).
[13:12:23.818] [NocturneModernGameplay] SKILLCUROBJ-SETACTIVE; frame=6605; index=8; value=False; seq=21; bridgeActive=False.
[13:12:23.818] [NocturneModernGameplay] SKILLCUROBJ-SETACTIVE; frame=6605; index=8; value=True; seq=21; bridgeActive=False.
[13:12:23.818] [NocturneModernGameplay] HIDDEN9THGATE-HIT; frame=6604; seq=21; bridgeActive=False; unit=60; checkpoint=1:gate4Pass(chainC!=null).
[13:12:23.818] [NocturneModernGameplay] HIDDEN9THGATE-HIT; frame=6604; seq=21; bridgeActive=False; unit=60; checkpoint=2:gate5Pass(stateTag==0x15).
[13:12:23.819] [NocturneModernGameplay] HIDDEN9THGATE-HIT; frame=6604; seq=21; bridgeActive=False; unit=60; checkpoint=3:gate6Pass(field0x88!=null).
[13:12:23.852] [NocturneModernGameplay] SKILLCUROBJ-SETACTIVE; frame=6610; index=8; value=False; seq=21; bridgeActive=False.
[13:12:23.853] [NocturneModernGameplay] SKILLCUROBJ-SETACTIVE; frame=6610; index=8; value=True; seq=21; bridgeActive=False.
[13:12:23.853] [NocturneModernGameplay] HIDDEN9THGATE-HIT; frame=6609; seq=21; bridgeActive=False; unit=60; checkpoint=1:gate4Pass(chainC!=null).
[13:12:23.854] [NocturneModernGameplay] HIDDEN9THGATE-HIT; frame=6609; seq=21; bridgeActive=False; unit=60; checkpoint=2:gate5Pass(stateTag==0x15).
[13:12:23.854] [NocturneModernGameplay] HIDDEN9THGATE-HIT; frame=6609; seq=21; bridgeActive=False; unit=60; checkpoint=3:gate6Pass(field0x88!=null).
[13:12:23.874] [Nocturne_Modern_Gameplay] [NocturneModernGameplay] SKILLCUROBJ-CACHE-REFRESH; frame=6613; trackedCount=16; arrayLen=16.
[13:12:23.887] [NocturneModernGameplay] FORGETUI-TMP-TRACE; frame=6615; seq=21; bridgeActive=False; path=Canvas_UI/talkUI/talk01/talk_window/Text02TM; activeSelf=True; activeInHierarchy=True; text="<material="MsgFont0">捨てるスキルを選んでください。"; selfComponents=[UnityEngine.RectTransform,UnityEngine.CanvasRenderer,ChangeFont,TMPro.TextMeshProUGUI,UnityEngine.Canvas,ChangeFont]; ancestors=(talk_window:[UnityEngine.RectTransform,UnityEngine.CanvasRenderer,UnityEngine.UI.Image] > talk01:[UnityEngine.RectTransform,UnityEngine.CanvasGroup,UnityEngine.Animator,talkUI] > talkUI:[UnityEngine.RectTransform,UnityEngine.Canvas,UnityEngine.CanvasGroup,UiHD] > Canvas_UI:[UnityEngine.RectTransform,UnityEngine.Canvas,UnityEngine.UI.CanvasScaler,UnityEngine.UI.GraphicRaycaster,SteamKeyboard]).
[13:12:23.888] [NocturneModernGameplay] FORGETUI-TMP-TRACE; frame=6615; seq=21; bridgeActive=False; path=Canvas_UI/talkUI/talk01/talk_window/Text01TM; activeSelf=True; activeInHierarchy=True; text="<material="MsgFont0">＞習得枠が一杯です。"; selfComponents=[UnityEngine.RectTransform,UnityEngine.CanvasRenderer,ChangeFont,TMPro.TextMeshProUGUI,UnityEngine.Canvas,ChangeFont]; ancestors=(talk_window:[UnityEngine.RectTransform,UnityEngine.CanvasRenderer,UnityEngine.UI.Image] > talk01:[UnityEngine.RectTransform,UnityEngine.CanvasGroup,UnityEngine.Animator,talkUI] > talkUI:[UnityEngine.RectTransform,UnityEngine.Canvas,UnityEngine.CanvasGroup,UiHD] > Canvas_UI:[UnityEngine.RectTransform,UnityEngine.Canvas,UnityEngine.UI.CanvasScaler,UnityEngine.UI.GraphicRaycaster,SteamKeyboard]).
[13:12:23.888] [NocturneModernGameplay] FORGETUI-TMP-TRACE; frame=6615; seq=21; bridgeActive=False; path=Canvas_UI/campUIBase/statusUI(Clone)/sskill/sskill_await2_01/TextTM; activeSelf=True; activeInHierarchy=True; text="<material="TMC21">息吹の具足"; selfComponents=[UnityEngine.RectTransform,UnityEngine.CanvasRenderer,TMPro.TextMeshProUGUI,ChangeFont]; ancestors=(sskill_await2_01:[UnityEngine.RectTransform,UnityEngine.Animator] > sskill:[UnityEngine.RectTransform,SteamColliders] > statusUI(Clone):[UnityEngine.RectTransform,statusUI,UiHD] > campUIBase:[UnityEngine.RectTransform]).
[13:12:23.888] [NocturneModernGameplay] FORGETUI-TMP-TRACE; frame=6615; seq=21; bridgeActive=False; path=Canvas_UI/campUIBase/statusUI(Clone)/sskill/sskill_obtained08/TextTM; activeSelf=True; activeInHierarchy=True; text="<material="TMC00">アイスブレス"; selfComponents=[UnityEngine.RectTransform,UnityEngine.CanvasRenderer,TMPro.TextMeshProUGUI,ChangeFont]; ancestors=(sskill_obtained08:[UnityEngine.RectTransform,UnityEngine.Animator] > sskill:[UnityEngine.RectTransform,SteamColliders] > statusUI(Clone):[UnityEngine.RectTransform,statusUI,UiHD] > campUIBase:[UnityEngine.RectTransform]).
[13:12:23.888] [NocturneModernGameplay] FORGETUI-TMP-TRACE; frame=6615; seq=21; bridgeActive=False; path=Canvas_UI/campUIBase/statusUI(Clone)/sskill/sskill_obtained07/TextTM; activeSelf=True; activeInHierarchy=True; text="<material="TMC00">物々交換"; selfComponents=[UnityEngine.RectTransform,UnityEngine.CanvasRenderer,TMPro.TextMeshProUGUI,ChangeFont]; ancestors=(sskill_obtained07:[UnityEngine.RectTransform,UnityEngine.Animator] > sskill:[UnityEngine.RectTransform,SteamColliders] > statusUI(Clone):[UnityEngine.RectTransform,statusUI,UiHD] > campUIBase:[UnityEngine.RectTransform]).
[13:12:23.889] [NocturneModernGameplay] FORGETUI-TMP-TRACE; frame=6615; seq=21; bridgeActive=False; path=Canvas_UI/campUIBase/statusUI(Clone)/sskill/sskill_obtained06/TextTM; activeSelf=True; activeInHierarchy=True; text="<material="TMC00">マハブフ"; selfComponents=[UnityEngine.RectTransform,UnityEngine.CanvasRenderer,TMPro.TextMeshProUGUI,ChangeFont]; ancestors=(sskill_obtained06:[UnityEngine.RectTransform,UnityEngine.Animator] > sskill:[UnityEngine.RectTransform,SteamColliders] > statusUI(Clone):[UnityEngine.RectTransform,statusUI,UiHD] > campUIBase:[UnityEngine.RectTransform]).
[13:12:23.889] [NocturneModernGameplay] FORGETUI-TMP-TRACE; frame=6615; seq=21; bridgeActive=False; path=Canvas_UI/campUIBase/statusUI(Clone)/sskill/sskill_obtained05/TextTM; activeSelf=True; activeInHierarchy=True; text="<material="TMC00">アギ"; selfComponents=[UnityEngine.RectTransform,UnityEngine.CanvasRenderer,TMPro.TextMeshProUGUI,ChangeFont]; ancestors=(sskill_obtained05:[UnityEngine.RectTransform,UnityEngine.Animator] > sskill:[UnityEngine.RectTransform,SteamColliders] > statusUI(Clone):[UnityEngine.RectTransform,statusUI,UiHD] > campUIBase:[UnityEngine.RectTransform]).
[13:12:23.889] [NocturneModernGameplay] FORGETUI-TMP-TRACE; frame=6615; seq=21; bridgeActive=False; path=Canvas_UI/campUIBase/statusUI(Clone)/sskill/sskill_obtained04/TextTM; activeSelf=True; activeInHierarchy=True; text="<material="TMC00">ジオ"; selfComponents=[UnityEngine.RectTransform,UnityEngine.CanvasRenderer,TMPro.TextMeshProUGUI,ChangeFont]; ancestors=(sskill_obtained04:[UnityEngine.RectTransform,UnityEngine.Animator] > sskill:[UnityEngine.RectTransform,SteamColliders] > statusUI(Clone):[UnityEngine.RectTransform,statusUI,UiHD] > campUIBase:[UnityEngine.RectTransform]).
[13:12:23.890] [NocturneModernGameplay] FORGETUI-TMP-TRACE; frame=6615; seq=21; bridgeActive=False; path=Canvas_UI/campUIBase/statusUI(Clone)/sskill/sskill_obtained03/TextTM; activeSelf=True; activeInHierarchy=True; text="<material="TMC00">静天の会心"; selfComponents=[UnityEngine.RectTransform,UnityEngine.CanvasRenderer,TMPro.TextMeshProUGUI,ChangeFont]; ancestors=(sskill_obtained03:[UnityEngine.RectTransform,UnityEngine.Animator] > sskill:[UnityEngine.RectTransform,SteamColliders] > statusUI(Clone):[UnityEngine.RectTransform,statusUI,UiHD] > campUIBase:[UnityEngine.RectTransform]).
[13:12:23.890] [NocturneModernGameplay] FORGETUI-TMP-TRACE; frame=6615; seq=21; bridgeActive=False; path=Canvas_UI/campUIBase/statusUI(Clone)/sskill/sskill_obtained02/TextTM; activeSelf=True; activeInHierarchy=True; text="<material="TMC00">同族のよしみ"; selfComponents=[UnityEngine.RectTransform,UnityEngine.CanvasRenderer,TMPro.TextMeshProUGUI,ChangeFont]; ancestors=(sskill_obtained02:[UnityEngine.RectTransform,UnityEngine.Animator] > sskill:[UnityEngine.RectTransform,SteamColliders] > statusUI(Clone):[UnityEngine.RectTransform,statusUI,UiHD] > campUIBase:[UnityEngine.RectTransform]).
[13:12:23.890] [NocturneModernGameplay] FORGETUI-TMP-TRACE; frame=6615; seq=21; bridgeActive=False; path=Canvas_UI/campUIBase/statusUI(Clone)/sskill/sskill_obtained01/TextTM; activeSelf=True; activeInHierarchy=True; text="<material="TMC00">ブフ"; selfComponents=[UnityEngine.RectTransform,UnityEngine.CanvasRenderer,TMPro.TextMeshProUGUI,ChangeFont]; ancestors=(sskill_obtained01:[UnityEngine.RectTransform,UnityEngine.Animator] > sskill:[UnityEngine.RectTransform,SteamColliders] > statusUI(Clone):[UnityEngine.RectTransform,statusUI,UiHD] > campUIBase:[UnityEngine.RectTransform]).
[13:12:23.890] [NocturneModernGameplay] FORGETUI-TMP-TRACE; frame=6615; seq=21; bridgeActive=False; path=Canvas_UI/campUIBase/statusUI(Clone)/sfeature/help_mask/TextTM; activeSelf=True; activeInHierarchy=True; text="<material="TMC00">氷結吸収／火炎に弱い"; selfComponents=[UnityEngine.RectTransform,UnityEngine.CanvasRenderer,TMPro.TextMeshProUGUI,ChangeFont,ScrollText]; ancestors=(help_mask:[UnityEngine.RectTransform,UnityEngine.UI.RectMask2D] > sfeature:[UnityEngine.RectTransform,UnityEngine.Animator] > statusUI(Clone):[UnityEngine.RectTransform,statusUI,UiHD] > campUIBase:[UnityEngine.RectTransform]).
[13:12:23.891] [NocturneModernGameplay] FORGETUI-TMP-TRACE; frame=6615; seq=21; bridgeActive=False; path=Canvas_UI/campUIBase/statusUI(Clone)/sinfo_basic/sstatusname/Text_nameTM; activeSelf=True; activeInHierarchy=True; text="<material="TMC00">ジャックフロスト"; selfComponents=[UnityEngine.RectTransform,UnityEngine.CanvasRenderer,TMPro.TextMeshProUGUI,ChangeFont]; ancestors=(sstatusname:[UnityEngine.RectTransform,UnityEngine.UI.HorizontalLayoutGroup,UnityEngine.UI.ContentSizeFitter,LanguagePosition] > sinfo_basic:[UnityEngine.RectTransform,UnityEngine.Animator] > statusUI(Clone):[UnityEngine.RectTransform,statusUI,UiHD] > campUIBase:[UnityEngine.RectTransform]).
[13:12:23.892] [NocturneModernGameplay] STATUSUI-ARRAY-TRACE; frame=6615; seq=21; bridgeActive=False; unit=60; eventParam=349; eventNums=1; eventOfs=7; obtainedTextLen=8; obtainedObjLen=8; skillCurObjLen=16; skill_baseLen=8; update_skillLen=8; awaitTextLen=8; awaitObjLen=8; await2ObjLen=8;  | [0] text="<material="TMC00">ブフ" obtainedObjActive=True curObjActive=False baseObjActive=False updObjActive=False | [1] text="<material="TMC00">同族のよしみ" obtainedObjActive=True curObjActive=False baseObjActive=False updObjActive=False | [2] text="<material="TMC00">静天の会心" obtainedObjActive=True curObjActive=False baseObjActive=False updObjActive=False | [3] text="<material="TMC00">ジオ" obtainedObjActive=True curObjActive=False baseObjActive=False updObjActive=False | [4] text="<material="TMC00">アギ" obtainedObjActive=True curObjActive=False baseObjActive=False updObjActive=False | [5] text="<material="TMC00">マハブフ" obtainedObjActive=True curObjActive=False baseObjActive=False updObjActive=False | [6] text="<material="TMC00">物々交換" obtainedObjActive=True curObjActive=False baseObjActive=False updObjActive=False | [7] text="<material="TMC00">アイスブレス" obtainedObjActive=True curObjActive=False baseObjActive=False updObjActive=False | skillCurObj[8] active=True inHierarchy=True alpha=-1.00 anchoredPos=(0.0, 0.0) localPos=(0.0, 0.0, 0.0) localScale=(1.0, 1.0, 1.0) sizeDelta=(434.0, 56.0) renderer=n/a noMaskAncestor | await[0] text="<material="TMC21">息吹の具足" active=True inHierarchy=True alpha=-1.00 animState=noAnimator anchoredPos=(964.0, -12.0) localPos=(964.0, -12.0, 0.0) localScale=(1.0, 1.0, 1.0) sizeDelta=(100.0, 56.0) cull=False rendererAlpha=1.00 noMaskAncestor | await[1] text="" active=False inHierarchy=False alpha=-1.00 animState=noAnimator anchoredPos=(964.0, -64.0) localPos=(964.0, -64.0, 0.0) localScale=(1.0, 1.0, 1.0) sizeDelta=(100.0, 56.0) cull=False rendererAlpha=1.00 noMaskAncestor | await[2] text="" active=False inHierarchy=False alpha=-1.00 animState=noAnimator anchoredPos=(964.0, -116.0) localPos=(964.0, -116.0, 0.0) localScale=(1.0, 1.0, 1.0) sizeDelta=(100.0, 56.0) cull=False rendererAlpha=1.00 noMaskAncestor | await[3] text="" active=False inHierarchy=False alpha=-1.00 animState=noAnimator anchoredPos=(964.0, -168.0) localPos=(964.0, -168.0, 0.0) localScale=(1.0, 1.0, 1.0) sizeDelta=(100.0, 56.0) cull=False rendererAlpha=1.00 noMaskAncestor | await[4] text="" active=False inHierarchy=False alpha=-1.00 animState=noAnimator anchoredPos=(1398.0, -12.0) localPos=(1398.0, -12.0, 0.0) localScale=(1.0, 1.0, 1.0) sizeDelta=(100.0, 56.0) cull=False rendererAlpha=1.00 noMaskAncestor | await[5] text="" active=False inHierarchy=False alpha=-1.00 animState=noAnimator anchoredPos=(1398.0, -64.0) localPos=(1398.0, -64.0, 0.0) localScale=(1.0, 1.0, 1.0) sizeDelta=(100.0, 56.0) cull=False rendererAlpha=1.00 noMaskAncestor | await[6] text="" active=False inHierarchy=False alpha=-1.00 animState=noAnimator anchoredPos=(1398.0, -116.0) localPos=(1398.0, -116.0, 0.0) localScale=(1.0, 1.0, 1.0) sizeDelta=(100.0, 56.0) cull=False rendererAlpha=1.00 noMaskAncestor | await[7] text="" active=False inHierarchy=False alpha=-1.00 animState=noAnimator anchoredPos=(1398.0, -168.0) localPos=(1398.0, -168.0, 0.0) localScale=(1.0, 1.0, 1.0) sizeDelta=(100.0, 56.0) cull=False rendererAlpha=1.00 noMaskAncestor | await2[0] active=True inHierarchy=True alpha=-1.00 text="<material="TMC21">息吹の具足" animState=hash=1231206115;t=16.87 | await2[1] active=False inHierarchy=False alpha=-1.00 text="" animState=hash=0;t=0.00 | await2[2] active=False inHierarchy=False alpha=-1.00 text="" animState=hash=0;t=0.00 | await2[3] active=False inHierarchy=False alpha=-1.00 text="" animState=hash=0;t=0.00 | await2[4] active=False inHierarchy=False alpha=-1.00 text="" animState=hash=0;t=0.00 | await2[5] active=False inHierarchy=False alpha=-1.00 text="" animState=hash=0;t=0.00 | await2[6] active=False inHierarchy=False alpha=-1.00 text="" animState=hash=0;t=0.00 | await2[7] active=False inHierarchy=False alpha=-1.00 text="" animState=hash=0;t=0.00.
[13:12:23.892] [NocturneModernGameplay] SKILLCUROBJ-SETACTIVE; frame=6615; index=8; value=False; seq=21; bridgeActive=False.
[13:12:23.893] [NocturneModernGameplay] SKILLCUROBJ-SETACTIVE; frame=6615; index=8; value=True; seq=21; bridgeActive=False.
[13:12:23.893] [NocturneModernGameplay] HIDDEN9THGATE-HIT; frame=6614; seq=21; bridgeActive=False; unit=60; checkpoint=1:gate4Pass(chainC!=null).
[13:12:23.893] [NocturneModernGameplay] HIDDEN9THGATE-HIT; frame=6614; seq=21; bridgeActive=False; unit=60; checkpoint=2:gate5Pass(stateTag==0x15).
[13:12:23.894] [NocturneModernGameplay] HIDDEN9THGATE-HIT; frame=6614; seq=21; bridgeActive=False; unit=60; checkpoint=3:gate6Pass(field0x88!=null).
[13:12:23.922] [NocturneModernGameplay] SKILLCUROBJ-SETACTIVE; frame=6620; index=8; value=False; seq=21; bridgeActive=False.
[13:12:23.922] [NocturneModernGameplay] SKILLCUROBJ-SETACTIVE; frame=6620; index=8; value=True; seq=21; bridgeActive=False.
[13:12:23.923] [NocturneModernGameplay] HIDDEN9THGATE-HIT; frame=6619; seq=21; bridgeActive=False; unit=60; checkpoint=1:gate4Pass(chainC!=null).
[13:12:23.923] [NocturneModernGameplay] HIDDEN9THGATE-HIT; frame=6619; seq=21; bridgeActive=False; unit=60; checkpoint=2:gate5Pass(stateTag==0x15).
[13:12:23.923] [NocturneModernGameplay] HIDDEN9THGATE-HIT; frame=6619; seq=21; bridgeActive=False; unit=60; checkpoint=3:gate6Pass(field0x88!=null).
[13:12:23.957] [NocturneModernGameplay] SKILLCUROBJ-SETACTIVE; frame=6625; index=8; value=False; seq=21; bridgeActive=False.
[13:12:23.957] [NocturneModernGameplay] SKILLCUROBJ-SETACTIVE; frame=6625; index=8; value=True; seq=21; bridgeActive=False.
[13:12:23.958] [NocturneModernGameplay] HIDDEN9THGATE-HIT; frame=6624; seq=21; bridgeActive=False; unit=60; checkpoint=0:cascadeStart(gate1/2=r12); r12=0x168840A6240.
[13:12:23.958] [NocturneModernGameplay] HIDDEN9THGATE-HIT; frame=6624; seq=21; bridgeActive=False; unit=60; checkpoint=1:gate4Pass(chainC!=null).
[13:12:23.958] [NocturneModernGameplay] HIDDEN9THGATE-HIT; frame=6624; seq=21; bridgeActive=False; unit=60; checkpoint=2:gate5Pass(stateTag==0x15).
[13:12:23.958] [NocturneModernGameplay] HIDDEN9THGATE-HIT; frame=6624; seq=21; bridgeActive=False; unit=60; checkpoint=3:gate6Pass(field0x88!=null).
[13:12:23.984] [NocturneModernGameplay] SKILLCUROBJ-SETACTIVE; frame=6629; index=8; value=False; seq=21; bridgeActive=False.
[13:12:23.985] [NocturneModernGameplay] SKILLCUROBJ-SETACTIVE; frame=6629; index=8; value=True; seq=21; bridgeActive=False.
[13:12:23.985] [NocturneModernGameplay] HIDDEN9THGATE-HIT; frame=6628; seq=21; bridgeActive=False; unit=60; checkpoint=0:cascadeStart(gate1/2=r12); r12=0x16883C89D40.
[13:12:23.985] [NocturneModernGameplay] HIDDEN9THGATE-HIT; frame=6628; seq=21; bridgeActive=False; unit=60; checkpoint=1:gate4Pass(chainC!=null).
[13:12:23.986] [NocturneModernGameplay] HIDDEN9THGATE-HIT; frame=6628; seq=21; bridgeActive=False; unit=60; checkpoint=2:gate5Pass(stateTag==0x15).
[13:12:23.986] [NocturneModernGameplay] HIDDEN9THGATE-HIT; frame=6628; seq=21; bridgeActive=False; unit=60; checkpoint=3:gate6Pass(field0x88!=null).
[13:12:24.019] [NocturneModernGameplay] SKILLCUROBJ-SETACTIVE; frame=6634; index=8; value=False; seq=21; bridgeActive=False.
[13:12:24.019] [NocturneModernGameplay] SKILLCUROBJ-SETACTIVE; frame=6634; index=8; value=True; seq=21; bridgeActive=False.
[13:12:24.020] [NocturneModernGameplay] HIDDEN9THGATE-HIT; frame=6633; seq=21; bridgeActive=False; unit=60; checkpoint=0:cascadeStart(gate1/2=r12); r12=0x16883859480.
[13:12:24.020] [NocturneModernGameplay] HIDDEN9THGATE-HIT; frame=6633; seq=21; bridgeActive=False; unit=60; checkpoint=1:gate4Pass(chainC!=null).
[13:12:24.020] [NocturneModernGameplay] HIDDEN9THGATE-HIT; frame=6633; seq=21; bridgeActive=False; unit=60; checkpoint=2:gate5Pass(stateTag==0x15).
[13:12:24.020] [NocturneModernGameplay] HIDDEN9THGATE-HIT; frame=6633; seq=21; bridgeActive=False; unit=60; checkpoint=3:gate6Pass(field0x88!=null).
[13:12:24.054] [NocturneModernGameplay] SKILLCURSOR-FIELD-TRACE; frame=6639; seq=22; bridgeActive=False; unit=60; listNums=8; invisibleListNums=0; index=0; shift=8; drawShift=0; shiftMax=8; stopFlag=0; stepY=0.
[13:12:24.054] [NocturneModernGameplay] FORGET-SEQ-CHANGE; frame=6639; unit=60; from=21; to=22.
[13:12:24.054] [NocturneModernGameplay] FORGET-TRACE; frame=6639; seq=22; flag=0; unit=60; skillCnt=8; pUpResult=-1; pUpIndex=0; pUpId=320.
[13:12:24.055] [NocturneModernGameplay] SKILLCUROBJ-SETACTIVE; frame=6639; index=8; value=False; seq=22; bridgeActive=False.
[13:12:24.055] [NocturneModernGameplay] HIDDEN9THGATE-HIT; frame=6638; seq=21; bridgeActive=False; unit=60; checkpoint=1:gate4Pass(chainC!=null).
[13:12:24.089] [NocturneModernGameplay] HIDDEN9THGATE-HIT; frame=6643; seq=22; bridgeActive=False; unit=60; checkpoint=1:gate4Pass(chainC!=null).
[13:12:24.123] [NocturneModernGameplay] HIDDEN9THGATE-HIT; frame=6648; seq=22; bridgeActive=False; unit=60; checkpoint=1:gate4Pass(chainC!=null).
[13:12:24.151] [NocturneModernGameplay] HIDDEN9THGATE-HIT; frame=6652; seq=22; bridgeActive=False; unit=60; checkpoint=1:gate4Pass(chainC!=null).
[13:12:24.186] [NocturneModernGameplay] HIDDEN9THGATE-HIT; frame=6657; seq=22; bridgeActive=False; unit=60; checkpoint=1:gate4Pass(chainC!=null).
[13:12:24.221] [NocturneModernGameplay] HIDDEN9THGATE-HIT; frame=6662; seq=22; bridgeActive=False; unit=60; checkpoint=1:gate4Pass(chainC!=null).
[13:12:24.255] [NocturneModernGameplay] HIDDEN9THGATE-HIT; frame=6667; seq=22; bridgeActive=False; unit=60; checkpoint=1:gate4Pass(chainC!=null).
[13:12:24.290] [NocturneModernGameplay] HIDDEN9THGATE-HIT; frame=6672; seq=22; bridgeActive=False; unit=60; checkpoint=1:gate4Pass(chainC!=null).
[13:12:24.318] [NocturneModernGameplay] HIDDEN9THGATE-HIT; frame=6676; seq=22; bridgeActive=False; unit=60; checkpoint=1:gate4Pass(chainC!=null).
[13:12:24.353] [NocturneModernGameplay] HIDDEN9THGATE-HIT; frame=6681; seq=22; bridgeActive=False; unit=60; checkpoint=1:gate4Pass(chainC!=null).
[13:12:24.387] [NocturneModernGameplay] HIDDEN9THGATE-HIT; frame=6686; seq=22; bridgeActive=False; unit=60; checkpoint=1:gate4Pass(chainC!=null).
[13:12:24.422] [NocturneModernGameplay] HIDDEN9THGATE-HIT; frame=6691; seq=22; bridgeActive=False; unit=60; checkpoint=1:gate4Pass(chainC!=null).
[13:12:24.457] [NocturneModernGameplay] HIDDEN9THGATE-HIT; frame=6696; seq=22; bridgeActive=False; unit=60; checkpoint=1:gate4Pass(chainC!=null).
[13:12:24.485] [NocturneModernGameplay] HIDDEN9THGATE-HIT; frame=6700; seq=22; bridgeActive=False; unit=60; checkpoint=1:gate4Pass(chainC!=null).
[13:12:24.519] [NocturneModernGameplay] HIDDEN9THGATE-HIT; frame=6705; seq=22; bridgeActive=False; unit=60; checkpoint=1:gate4Pass(chainC!=null).
[13:12:24.554] [NocturneModernGameplay] HIDDEN9THGATE-HIT; frame=6710; seq=22; bridgeActive=False; unit=60; checkpoint=1:gate4Pass(chainC!=null).
[13:12:24.589] [NocturneModernGameplay] HIDDEN9THGATE-HIT; frame=6715; seq=22; bridgeActive=False; unit=60; checkpoint=1:gate4Pass(chainC!=null).
[13:12:24.624] [NocturneModernGameplay] HIDDEN9THGATE-HIT; frame=6720; seq=22; bridgeActive=False; unit=60; checkpoint=1:gate4Pass(chainC!=null).
[13:12:24.651] [NocturneModernGameplay] HIDDEN9THGATE-HIT; frame=6724; seq=22; bridgeActive=False; unit=60; checkpoint=1:gate4Pass(chainC!=null).
[13:12:24.686] [NocturneModernGameplay] HIDDEN9THGATE-HIT; frame=6729; seq=22; bridgeActive=False; unit=60; checkpoint=1:gate4Pass(chainC!=null).
[13:12:24.721] [NocturneModernGameplay] FORGETUI-TMP-TRACE; frame=6735; seq=22; bridgeActive=False; path=Canvas_UI/talkUI/talk01/talk_window/Text02TM; activeSelf=True; activeInHierarchy=True; text="<alpha=#00>あああああ</alpha>"; selfComponents=[UnityEngine.RectTransform,UnityEngine.CanvasRenderer,ChangeFont,TMPro.TextMeshProUGUI,UnityEngine.Canvas,ChangeFont]; ancestors=(talk_window:[UnityEngine.RectTransform,UnityEngine.CanvasRenderer,UnityEngine.UI.Image] > talk01:[UnityEngine.RectTransform,UnityEngine.CanvasGroup,UnityEngine.Animator,talkUI] > talkUI:[UnityEngine.RectTransform,UnityEngine.Canvas,UnityEngine.CanvasGroup,UiHD] > Canvas_UI:[UnityEngine.RectTransform,UnityEngine.Canvas,UnityEngine.UI.CanvasScaler,UnityEngine.UI.GraphicRaycaster,SteamKeyboard]).
[13:12:24.721] [NocturneModernGameplay] FORGETUI-TMP-TRACE; frame=6735; seq=22; bridgeActive=False; path=Canvas_UI/talkUI/talk01/talk_window/Text01TM; activeSelf=True; activeInHierarchy=True; text="<material="MsgFont0">＞<material="MsgFont4">息吹の具足<material="MsgFont0">をあきらめますか？"; selfComponents=[UnityEngine.RectTransform,UnityEngine.CanvasRenderer,ChangeFont,TMPro.TextMeshProUGUI,UnityEngine.Canvas,ChangeFont]; ancestors=(talk_window:[UnityEngine.RectTransform,UnityEngine.CanvasRenderer,UnityEngine.UI.Image] > talk01:[UnityEngine.RectTransform,UnityEngine.CanvasGroup,UnityEngine.Animator,talkUI] > talkUI:[UnityEngine.RectTransform,UnityEngine.Canvas,UnityEngine.CanvasGroup,UiHD] > Canvas_UI:[UnityEngine.RectTransform,UnityEngine.Canvas,UnityEngine.UI.CanvasScaler,UnityEngine.UI.GraphicRaycaster,SteamKeyboard]).
[13:12:24.721] [NocturneModernGameplay] FORGETUI-TMP-TRACE; frame=6735; seq=22; bridgeActive=False; path=Canvas_UI/campUIBase/statusUI(Clone)/sskill/sskill_await2_01/TextTM; activeSelf=True; activeInHierarchy=True; text="<material="TMC14">息吹の具足"; selfComponents=[UnityEngine.RectTransform,UnityEngine.CanvasRenderer,TMPro.TextMeshProUGUI,ChangeFont]; ancestors=(sskill_await2_01:[UnityEngine.RectTransform,UnityEngine.Animator] > sskill:[UnityEngine.RectTransform,SteamColliders] > statusUI(Clone):[UnityEngine.RectTransform,statusUI,UiHD] > campUIBase:[UnityEngine.RectTransform]).
[13:12:24.723] [NocturneModernGameplay] STATUSUI-ARRAY-TRACE; frame=6735; seq=22; bridgeActive=False; unit=60; eventParam=349; eventNums=1; eventOfs=7; obtainedTextLen=8; obtainedObjLen=8; skillCurObjLen=16; skill_baseLen=8; update_skillLen=8; awaitTextLen=8; awaitObjLen=8; await2ObjLen=8;  | [0] text="<material="TMC00">ブフ" obtainedObjActive=True curObjActive=False baseObjActive=False updObjActive=False | [1] text="<material="TMC00">同族のよしみ" obtainedObjActive=True curObjActive=False baseObjActive=False updObjActive=False | [2] text="<material="TMC00">静天の会心" obtainedObjActive=True curObjActive=False baseObjActive=False updObjActive=False | [3] text="<material="TMC00">ジオ" obtainedObjActive=True curObjActive=False baseObjActive=False updObjActive=False | [4] text="<material="TMC00">アギ" obtainedObjActive=True curObjActive=False baseObjActive=False updObjActive=False | [5] text="<material="TMC00">マハブフ" obtainedObjActive=True curObjActive=False baseObjActive=False updObjActive=False | [6] text="<material="TMC00">物々交換" obtainedObjActive=True curObjActive=False baseObjActive=False updObjActive=False | [7] text="<material="TMC00">アイスブレス" obtainedObjActive=True curObjActive=False baseObjActive=False updObjActive=False | skillCurObj[8] active=False inHierarchy=False alpha=-1.00 anchoredPos=(0.0, 0.0) localPos=(0.0, 0.0, 0.0) localScale=(1.0, 1.0, 1.0) sizeDelta=(434.0, 56.0) renderer=n/a noMaskAncestor | await[0] text="<material="TMC14">息吹の具足" active=True inHierarchy=True alpha=-1.00 animState=noAnimator anchoredPos=(964.0, -12.0) localPos=(964.0, -12.0, 0.0) localScale=(1.0, 1.0, 1.0) sizeDelta=(100.0, 56.0) cull=False rendererAlpha=1.00 noMaskAncestor | await[1] text="" active=False inHierarchy=False alpha=-1.00 animState=noAnimator anchoredPos=(964.0, -64.0) localPos=(964.0, -64.0, 0.0) localScale=(1.0, 1.0, 1.0) sizeDelta=(100.0, 56.0) cull=False rendererAlpha=1.00 noMaskAncestor | await[2] text="" active=False inHierarchy=False alpha=-1.00 animState=noAnimator anchoredPos=(964.0, -116.0) localPos=(964.0, -116.0, 0.0) localScale=(1.0, 1.0, 1.0) sizeDelta=(100.0, 56.0) cull=False rendererAlpha=1.00 noMaskAncestor | await[3] text="" active=False inHierarchy=False alpha=-1.00 animState=noAnimator anchoredPos=(964.0, -168.0) localPos=(964.0, -168.0, 0.0) localScale=(1.0, 1.0, 1.0) sizeDelta=(100.0, 56.0) cull=False rendererAlpha=1.00 noMaskAncestor | await[4] text="" active=False inHierarchy=False alpha=-1.00 animState=noAnimator anchoredPos=(1398.0, -12.0) localPos=(1398.0, -12.0, 0.0) localScale=(1.0, 1.0, 1.0) sizeDelta=(100.0, 56.0) cull=False rendererAlpha=1.00 noMaskAncestor | await[5] text="" active=False inHierarchy=False alpha=-1.00 animState=noAnimator anchoredPos=(1398.0, -64.0) localPos=(1398.0, -64.0, 0.0) localScale=(1.0, 1.0, 1.0) sizeDelta=(100.0, 56.0) cull=False rendererAlpha=1.00 noMaskAncestor | await[6] text="" active=False inHierarchy=False alpha=-1.00 animState=noAnimator anchoredPos=(1398.0, -116.0) localPos=(1398.0, -116.0, 0.0) localScale=(1.0, 1.0, 1.0) sizeDelta=(100.0, 56.0) cull=False rendererAlpha=1.00 noMaskAncestor | await[7] text="" active=False inHierarchy=False alpha=-1.00 animState=noAnimator anchoredPos=(1398.0, -168.0) localPos=(1398.0, -168.0, 0.0) localScale=(1.0, 1.0, 1.0) sizeDelta=(100.0, 56.0) cull=False rendererAlpha=1.00 noMaskAncestor | await2[0] active=True inHierarchy=True alpha=-1.00 text="<material="TMC14">息吹の具足" animState=hash=1231206115;t=41.88 | await2[1] active=False inHierarchy=False alpha=-1.00 text="" animState=hash=0;t=0.00 | await2[2] active=False inHierarchy=False alpha=-1.00 text="" animState=hash=0;t=0.00 | await2[3] active=False inHierarchy=False alpha=-1.00 text="" animState=hash=0;t=0.00 | await2[4] active=False inHierarchy=False alpha=-1.00 text="" animState=hash=0;t=0.00 | await2[5] active=False inHierarchy=False alpha=-1.00 text="" animState=hash=0;t=0.00 | await2[6] active=False inHierarchy=False alpha=-1.00 text="" animState=hash=0;t=0.00 | await2[7] active=False inHierarchy=False alpha=-1.00 text="" animState=hash=0;t=0.00.
[13:12:24.724] [NocturneModernGameplay] HIDDEN9THGATE-HIT; frame=6734; seq=22; bridgeActive=False; unit=60; checkpoint=1:gate4Pass(chainC!=null).
[13:12:24.756] [NocturneModernGameplay] HIDDEN9THGATE-HIT; frame=6739; seq=22; bridgeActive=False; unit=60; checkpoint=1:gate4Pass(chainC!=null).
[13:12:24.790] [NocturneModernGameplay] HIDDEN9THGATE-HIT; frame=6744; seq=22; bridgeActive=False; unit=60; checkpoint=1:gate4Pass(chainC!=null).
[13:12:24.818] [NocturneModernGameplay] HIDDEN9THGATE-HIT; frame=6748; seq=22; bridgeActive=False; unit=60; checkpoint=1:gate4Pass(chainC!=null).
[13:12:24.853] [NocturneModernGameplay] HIDDEN9THGATE-HIT; frame=6753; seq=22; bridgeActive=False; unit=60; checkpoint=1:gate4Pass(chainC!=null).
[13:12:24.887] [NocturneModernGameplay] HIDDEN9THGATE-HIT; frame=6758; seq=22; bridgeActive=False; unit=60; checkpoint=1:gate4Pass(chainC!=null).
[13:12:24.922] [NocturneModernGameplay] HIDDEN9THGATE-HIT; frame=6763; seq=22; bridgeActive=False; unit=60; checkpoint=1:gate4Pass(chainC!=null).
[13:12:24.957] [NocturneModernGameplay] HIDDEN9THGATE-HIT; frame=6768; seq=22; bridgeActive=False; unit=60; checkpoint=1:gate4Pass(chainC!=null).
[13:12:24.985] [NocturneModernGameplay] HIDDEN9THGATE-HIT; frame=6772; seq=22; bridgeActive=False; unit=60; checkpoint=1:gate4Pass(chainC!=null).
[13:12:25.019] [NocturneModernGameplay] HIDDEN9THGATE-HIT; frame=6777; seq=22; bridgeActive=False; unit=60; checkpoint=1:gate4Pass(chainC!=null).
[13:12:25.054] [NocturneModernGameplay] HIDDEN9THGATE-HIT; frame=6782; seq=22; bridgeActive=False; unit=60; checkpoint=1:gate4Pass(chainC!=null).
[13:12:25.089] [NocturneModernGameplay] HIDDEN9THGATE-HIT; frame=6787; seq=22; bridgeActive=False; unit=60; checkpoint=1:gate4Pass(chainC!=null).
[13:12:25.124] [NocturneModernGameplay] HIDDEN9THGATE-HIT; frame=6792; seq=22; bridgeActive=False; unit=60; checkpoint=1:gate4Pass(chainC!=null).
[13:12:25.151] [NocturneModernGameplay] HIDDEN9THGATE-HIT; frame=6796; seq=22; bridgeActive=False; unit=60; checkpoint=1:gate4Pass(chainC!=null).
[13:12:25.186] [NocturneModernGameplay] HIDDEN9THGATE-HIT; frame=6801; seq=22; bridgeActive=False; unit=60; checkpoint=1:gate4Pass(chainC!=null).
[13:12:25.221] [NocturneModernGameplay] HIDDEN9THGATE-HIT; frame=6806; seq=22; bridgeActive=False; unit=60; checkpoint=1:gate4Pass(chainC!=null).
[13:12:25.255] [NocturneModernGameplay] HIDDEN9THGATE-HIT; frame=6811; seq=22; bridgeActive=False; unit=60; checkpoint=1:gate4Pass(chainC!=null).
[13:12:25.290] [NocturneModernGameplay] HIDDEN9THGATE-HIT; frame=6816; seq=22; bridgeActive=False; unit=60; checkpoint=1:gate4Pass(chainC!=null).
[13:12:25.318] [NocturneModernGameplay] HIDDEN9THGATE-HIT; frame=6820; seq=22; bridgeActive=False; unit=60; checkpoint=1:gate4Pass(chainC!=null).
[13:12:25.353] [NocturneModernGameplay] HIDDEN9THGATE-HIT; frame=6825; seq=22; bridgeActive=False; unit=60; checkpoint=1:gate4Pass(chainC!=null).
[13:12:25.387] [NocturneModernGameplay] HIDDEN9THGATE-HIT; frame=6830; seq=22; bridgeActive=False; unit=60; checkpoint=1:gate4Pass(chainC!=null).
[13:12:25.422] [NocturneModernGameplay] HIDDEN9THGATE-HIT; frame=6835; seq=22; bridgeActive=False; unit=60; checkpoint=1:gate4Pass(chainC!=null).
[13:12:25.457] [NocturneModernGameplay] HIDDEN9THGATE-HIT; frame=6840; seq=22; bridgeActive=False; unit=60; checkpoint=1:gate4Pass(chainC!=null).
[13:12:25.485] [NocturneModernGameplay] HIDDEN9THGATE-HIT; frame=6844; seq=22; bridgeActive=False; unit=60; checkpoint=1:gate4Pass(chainC!=null).
[13:12:25.519] [NocturneModernGameplay] HIDDEN9THGATE-HIT; frame=6849; seq=22; bridgeActive=False; unit=60; checkpoint=1:gate4Pass(chainC!=null).
[13:12:25.554] [NocturneModernGameplay] FORGETUI-TMP-TRACE; frame=6855; seq=22; bridgeActive=False; path=Canvas_UI/talkUI/talk01/talk_window/Text01TM; activeSelf=True; activeInHierarchy=True; text="<material="MsgFont3">＞<material="MsgFont3">息吹の具足<material="MsgFont3">をあきらめますか？"; selfComponents=[UnityEngine.RectTransform,UnityEngine.CanvasRenderer,ChangeFont,TMPro.TextMeshProUGUI,UnityEngine.Canvas,ChangeFont]; ancestors=(talk_window:[UnityEngine.RectTransform,UnityEngine.CanvasRenderer,UnityEngine.UI.Image] > talk01:[UnityEngine.RectTransform,UnityEngine.CanvasGroup,UnityEngine.Animator,talkUI] > talkUI:[UnityEngine.RectTransform,UnityEngine.Canvas,UnityEngine.CanvasGroup,UiHD] > Canvas_UI:[UnityEngine.RectTransform,UnityEngine.Canvas,UnityEngine.UI.CanvasScaler,UnityEngine.UI.GraphicRaycaster,SteamKeyboard]).
[13:12:25.556] [NocturneModernGameplay] STATUSUI-ARRAY-TRACE; frame=6855; seq=22; bridgeActive=False; unit=60; eventParam=349; eventNums=1; eventOfs=7; obtainedTextLen=8; obtainedObjLen=8; skillCurObjLen=16; skill_baseLen=8; update_skillLen=8; awaitTextLen=8; awaitObjLen=8; await2ObjLen=8;  | [0] text="<material="TMC00">ブフ" obtainedObjActive=True curObjActive=False baseObjActive=False updObjActive=False | [1] text="<material="TMC00">同族のよしみ" obtainedObjActive=True curObjActive=False baseObjActive=False updObjActive=False | [2] text="<material="TMC00">静天の会心" obtainedObjActive=True curObjActive=False baseObjActive=False updObjActive=False | [3] text="<material="TMC00">ジオ" obtainedObjActive=True curObjActive=False baseObjActive=False updObjActive=False | [4] text="<material="TMC00">アギ" obtainedObjActive=True curObjActive=False baseObjActive=False updObjActive=False | [5] text="<material="TMC00">マハブフ" obtainedObjActive=True curObjActive=False baseObjActive=False updObjActive=False | [6] text="<material="TMC00">物々交換" obtainedObjActive=True curObjActive=False baseObjActive=False updObjActive=False | [7] text="<material="TMC00">アイスブレス" obtainedObjActive=True curObjActive=False baseObjActive=False updObjActive=False | skillCurObj[8] active=False inHierarchy=False alpha=-1.00 anchoredPos=(0.0, 0.0) localPos=(0.0, 0.0, 0.0) localScale=(1.0, 1.0, 1.0) sizeDelta=(434.0, 56.0) renderer=n/a noMaskAncestor | await[0] text="<material="TMC14">息吹の具足" active=True inHierarchy=True alpha=-1.00 animState=noAnimator anchoredPos=(964.0, -12.0) localPos=(964.0, -12.0, 0.0) localScale=(1.0, 1.0, 1.0) sizeDelta=(100.0, 56.0) cull=False rendererAlpha=1.00 noMaskAncestor | await[1] text="" active=False inHierarchy=False alpha=-1.00 animState=noAnimator anchoredPos=(964.0, -64.0) localPos=(964.0, -64.0, 0.0) localScale=(1.0, 1.0, 1.0) sizeDelta=(100.0, 56.0) cull=False rendererAlpha=1.00 noMaskAncestor | await[2] text="" active=False inHierarchy=False alpha=-1.00 animState=noAnimator anchoredPos=(964.0, -116.0) localPos=(964.0, -116.0, 0.0) localScale=(1.0, 1.0, 1.0) sizeDelta=(100.0, 56.0) cull=False rendererAlpha=1.00 noMaskAncestor | await[3] text="" active=False inHierarchy=False alpha=-1.00 animState=noAnimator anchoredPos=(964.0, -168.0) localPos=(964.0, -168.0, 0.0) localScale=(1.0, 1.0, 1.0) sizeDelta=(100.0, 56.0) cull=False rendererAlpha=1.00 noMaskAncestor | await[4] text="" active=False inHierarchy=False alpha=-1.00 animState=noAnimator anchoredPos=(1398.0, -12.0) localPos=(1398.0, -12.0, 0.0) localScale=(1.0, 1.0, 1.0) sizeDelta=(100.0, 56.0) cull=False rendererAlpha=1.00 noMaskAncestor | await[5] text="" active=False inHierarchy=False alpha=-1.00 animState=noAnimator anchoredPos=(1398.0, -64.0) localPos=(1398.0, -64.0, 0.0) localScale=(1.0, 1.0, 1.0) sizeDelta=(100.0, 56.0) cull=False rendererAlpha=1.00 noMaskAncestor | await[6] text="" active=False inHierarchy=False alpha=-1.00 animState=noAnimator anchoredPos=(1398.0, -116.0) localPos=(1398.0, -116.0, 0.0) localScale=(1.0, 1.0, 1.0) sizeDelta=(100.0, 56.0) cull=False rendererAlpha=1.00 noMaskAncestor | await[7] text="" active=False inHierarchy=False alpha=-1.00 animState=noAnimator anchoredPos=(1398.0, -168.0) localPos=(1398.0, -168.0, 0.0) localScale=(1.0, 1.0, 1.0) sizeDelta=(100.0, 56.0) cull=False rendererAlpha=1.00 noMaskAncestor | await2[0] active=True inHierarchy=True alpha=-1.00 text="<material="TMC14">息吹の具足" animState=hash=1231206115;t=66.88 | await2[1] active=False inHierarchy=False alpha=-1.00 text="" animState=hash=0;t=0.00 | await2[2] active=False inHierarchy=False alpha=-1.00 text="" animState=hash=0;t=0.00 | await2[3] active=False inHierarchy=False alpha=-1.00 text="" animState=hash=0;t=0.00 | await2[4] active=False inHierarchy=False alpha=-1.00 text="" animState=hash=0;t=0.00 | await2[5] active=False inHierarchy=False alpha=-1.00 text="" animState=hash=0;t=0.00 | await2[6] active=False inHierarchy=False alpha=-1.00 text="" animState=hash=0;t=0.00 | await2[7] active=False inHierarchy=False alpha=-1.00 text="" animState=hash=0;t=0.00.
[13:12:25.557] [NocturneModernGameplay] HIDDEN9THGATE-HIT; frame=6854; seq=22; bridgeActive=False; unit=60; checkpoint=1:gate4Pass(chainC!=null).
[13:12:25.589] [NocturneModernGameplay] HIDDEN9THGATE-HIT; frame=6859; seq=22; bridgeActive=False; unit=60; checkpoint=1:gate4Pass(chainC!=null).
[13:12:25.624] [NocturneModernGameplay] HIDDEN9THGATE-HIT; frame=6864; seq=22; bridgeActive=False; unit=60; checkpoint=1:gate4Pass(chainC!=null).
[13:12:25.651] [NocturneModernGameplay] DESTROYCONFIRM-STATE-DIFF; invocation=113; frame=6869; unit=60; stockPtr=0x1653730A210; skillCnt 8->8; flag 0->2; seqCurrent 22->22; seqLast 21->21; seqChange 0->0; defSkillResult 2->2; eventParam 349->349; eventNums 1->1; eventOfs 7->7; pUpResult -1->-1; pUpIndex 0->0; pUpId 320->320; candidateSlot -1->-1; bridgeActive=False; bridgeTarget=0; targetPresent=False.
[13:12:25.651] [NocturneModernGameplay] FORGET-FLAG-CHANGE; frame=6869; seq=22; unit=60; from=0; to=2.
[13:12:25.651] [NocturneModernGameplay] FORGET-TRACE; frame=6869; seq=22; flag=2; unit=60; skillCnt=8; pUpResult=-1; pUpIndex=0; pUpId=320.
[13:12:25.686] [NocturneModernGameplay] DESTROYCONFIRM-STATE-DIFF; invocation=114; frame=6874; unit=60; stockPtr=0x1653730A210; skillCnt 8->8; flag 2->3; seqCurrent 22->22; seqLast 21->21; seqChange 0->0; defSkillResult 2->2; eventParam 349->349; eventNums 1->1; eventOfs 7->7; pUpResult -1->-1; pUpIndex 0->0; pUpId 320->320; candidateSlot -1->-1; bridgeActive=False; bridgeTarget=0; targetPresent=False.
[13:12:25.686] [NocturneModernGameplay] FORGET-FLAG-CHANGE; frame=6874; seq=22; unit=60; from=2; to=3.
[13:12:25.686] [NocturneModernGameplay] FORGET-TRACE; frame=6874; seq=22; flag=3; unit=60; skillCnt=8; pUpResult=-1; pUpIndex=0; pUpId=320.
[13:12:25.958] [Nocturne_Modern_Gameplay] [NocturneModernGameplay] SKILLCUROBJ-CACHE-REFRESH; frame=6913; trackedCount=16; arrayLen=16.
[13:12:26.318] [NocturneModernGameplay] DESTROYCONFIRM-STATE-DIFF; invocation=133; frame=6965; unit=60; stockPtr=0x1653730A210; skillCnt 8->8; flag 3->3; seqCurrent 22->8; seqLast 21->21; seqChange 0->1; defSkillResult 2->2; eventParam 349->349; eventNums 1->1; eventOfs 7->7; pUpResult -1->-1; pUpIndex 0->0; pUpId 320->320; candidateSlot -1->-1; bridgeActive=False; bridgeTarget=0; targetPresent=False.
[13:12:26.318] [NocturneModernGameplay] HANDLEDCANDIDATES-CHECK; frame=6965; unit=60; stockPtr=0x1653730A210; eventParam=349; wouldSuppress=False; firstSeenFrame=6965; framesSinceFirstSeen=0; seqCurrentAfter=8; setSize=1; lifecycleId=NOT-YET-WIRED (rstCreateTargetList boundary not implemented).
[13:12:26.318] [NocturneModernGameplay] DEFAULTSKILL-EXTERNAL-STATE; frame=6965; counterOk=True/True; counter 6->0; counterObj 0x16537304BE0->0x16537304BE0; refOk=True/True; refIndex 11->12; refTableObj 0x16511F8B840->0x16511F8B840; tableBuiltFlag 1->0; obj2 0x1688A82BF00->0x1688A82BF00; gbwkPtr 0x1688A82BF00->0x1688A82BF00; obj2Plus0x60ReadOk=True; obj2Plus0x60=0x1653730A210; matchesGbwkPtr=False; stockFlagsOk=True/True; stockFlags 0x3->0x3; bit0x200 False->False.
[13:12:26.319] [NocturneModernGameplay] DEFAULTSKILL-ITERATOR-CALL; frame=6965; unit=60->60; stockPtr=0x1653730A210; eventParam 349->349; eventNums 1->0; eventOfs 7->7; defSkillResult 2->2; seqCurrent 8->8; seqLast 21->21; flag 3->3; levelUpCnt 0->0; pUpResult -1->-1; resultEventType=-1.
[13:12:26.319] [NocturneModernGameplay] CORE-CONSUMPTION; frame=6965; unit=60; stockPtr=0x1653730A210; candidate=349; action=ALLOW-FIRST.
[13:12:26.319] [NocturneModernGameplay] MUTATION-VALID-CANDIDATES; frame=6965 unit=60 original=301 nativeResult=411 candidateCount=227 validCount=26 validCandidates=[39,42,44,55,57,64,67,72,76,112,176,182,191,204,224,294,305,313,318,319,345,349,353,355,390,411] rejectedOwned=8 rejectedEligibility=22 rejectedSameSkill=0 rejectedGrade=171.
[13:12:26.319] [NocturneModernGameplay] CORE-REENTRY-HANDLED-CHECK; frame=6965; unit=60; stockPtr=0x1653730A210; eventParam=349; action=ALLOW-FIRST; coreResult=2; seq 9->9; pUpId 320->411; pUpIndex 0->2.
[13:12:26.320] [NocturneModernGameplay] SkillPowerUpChance Always priority applied; unit=60 frame=6965 restoredSkillId=299.
[13:12:26.320] [NocturneModernGameplay] FORGET-SEQ-CHANGE; frame=6965; unit=60; from=22; to=10.
[13:12:26.320] [NocturneModernGameplay] FORGET-FLAG-CHANGE; frame=6965; seq=10; unit=60; from=3; to=0.
[13:12:26.320] [NocturneModernGameplay] FORGET-PUPSKILL-CHANGE; frame=6965; seq=10; unit=60; pUpResultBefore=-1; pUpResultAfter=1; pUpIndexBefore=0; pUpIndexAfter=2; pUpIdBefore=320; pUpIdAfter=299.
[13:12:26.321] [NocturneModernGameplay] FORGET-TRACE; frame=6965; seq=10; flag=0; unit=60; skillCnt=8; pUpResult=1; pUpIndex=2; pUpId=299.
[13:12:26.321] [NocturneModernGameplay] RSTCALC-HANDLED-RECLASSIFY; frame=6965; unit=60; stockPtr=0x1653730A210; eventParam 349->349; handled True->True; defSkillResult 2->0; eventNums 1->0; eventOfs 7->7; levelUpCnt 0->0; seqCurrent 8->10; seqLast 21->21; seqChange 1->0; pUpSkillResult -1->1; RECLASSIFY-EVENT=False.
[13:12:26.352] [NocturneModernGameplay] ADDNEW-POC-SKIP; invocation=1; unit=60; reason=no-capacity.
[13:12:26.353] [NocturneModernGameplay] PUP-BRIDGE-GATE-ARM; frame=6970; unit=60; target=299:"会心"; defSkillResult=0; eventNums=0; eventOfs=7; seqCurrent=10; seqLast=21.
[13:12:26.387] [NocturneModernGameplay] ADDNEW-POC-SKIP; invocation=2; unit=60; reason=no-capacity.
[13:12:26.422] [NocturneModernGameplay] ADDNEW-POC-SKIP; invocation=3; unit=60; reason=no-capacity.
[13:12:26.456] [NocturneModernGameplay] ADDNEW-POC-SKIP; invocation=4; unit=60; reason=no-capacity.
[13:12:26.484] [NocturneModernGameplay] ADDNEW-POC-SKIP; invocation=5; unit=60; reason=no-capacity.
[13:12:26.484] [NocturneModernGameplay] PUP-BRIDGE-GATE-OPEN; stableFrames=5; unit=60; target=299:"会心".
[13:12:26.519] [NocturneModernGameplay] ADDNEW-POC-SKIP; invocation=6; unit=60; reason=no-capacity.
[13:12:26.554] [NocturneModernGameplay] ADDNEW-POC-SKIP; invocation=7; unit=60; reason=no-capacity.
[13:12:26.588] [NocturneModernGameplay] ADDNEW-POC-SKIP; invocation=8; unit=60; reason=no-capacity.
[13:12:26.623] [NocturneModernGameplay] ADDNEW-POC-SKIP; invocation=9; unit=60; reason=no-capacity.
[13:12:26.651] [NocturneModernGameplay] ADDNEW-POC-SKIP; invocation=10; unit=60; reason=no-capacity.
[13:12:26.686] [NocturneModernGameplay] ADDNEW-POC-SKIP; invocation=11; unit=60; reason=no-capacity.
[13:12:26.720] [NocturneModernGameplay] ADDNEW-POC-SKIP; invocation=12; unit=60; reason=no-capacity.
[13:12:26.755] [NocturneModernGameplay] ADDNEW-POC-SKIP; invocation=13; unit=60; reason=no-capacity.
[13:12:26.790] [NocturneModernGameplay] ADDNEW-POC-SKIP; invocation=14; unit=60; reason=no-capacity.
[13:12:26.817] [NocturneModernGameplay] ADDNEW-POC-SKIP; invocation=15; unit=60; reason=no-capacity.
[13:12:26.852] [NocturneModernGameplay] ADDNEW-POC-SKIP; invocation=16; unit=60; reason=no-capacity.
[13:12:26.887] [NocturneModernGameplay] ADDNEW-POC-SKIP; invocation=17; unit=60; reason=no-capacity.
[13:12:26.922] [NocturneModernGameplay] ADDNEW-POC-SKIP; invocation=18; unit=60; reason=no-capacity.
[13:12:26.956] [NocturneModernGameplay] ADDNEW-POC-SKIP; invocation=19; unit=60; reason=no-capacity.
[13:12:26.984] [NocturneModernGameplay] ADDNEW-POC-SKIP; invocation=20; unit=60; reason=no-capacity.
[13:12:27.019] [NocturneModernGameplay] ADDNEW-POC-SKIP; invocation=21; unit=60; reason=no-capacity.
[13:12:27.054] [NocturneModernGameplay] ADDNEW-POC-SKIP; invocation=22; unit=60; reason=no-capacity.
[13:12:27.088] [NocturneModernGameplay] ADDNEW-POC-SKIP; invocation=23; unit=60; reason=no-capacity.
[13:12:27.123] [NocturneModernGameplay] ADDNEW-POC-SKIP; invocation=24; unit=60; reason=no-capacity.
[13:12:27.151] [NocturneModernGameplay] ADDNEW-POC-SKIP; invocation=25; unit=60; reason=no-capacity.
[13:12:27.186] [NocturneModernGameplay] ADDNEW-POC-SKIP; invocation=26; unit=60; reason=no-capacity.
[13:12:27.220] [NocturneModernGameplay] ADDNEW-POC-SKIP; invocation=27; unit=60; reason=no-capacity.
[13:12:27.255] [NocturneModernGameplay] ADDNEW-POC-SKIP; invocation=28; unit=60; reason=no-capacity.
[13:12:27.290] [NocturneModernGameplay] ADDNEW-POC-SKIP; invocation=29; unit=60; reason=no-capacity.
[13:12:27.318] [NocturneModernGameplay] ADDNEW-POC-SKIP; invocation=30; unit=60; reason=no-capacity.
[13:12:27.352] [NocturneModernGameplay] ADDNEW-POC-SKIP; invocation=31; unit=60; reason=no-capacity.
[13:12:27.387] [NocturneModernGameplay] ADDNEW-POC-SKIP; invocation=32; unit=60; reason=no-capacity.
[13:12:27.422] [NocturneModernGameplay] ADDNEW-POC-SKIP; invocation=33; unit=60; reason=no-capacity.
[13:12:27.456] [NocturneModernGameplay] ADDNEW-POC-SKIP; invocation=34; unit=60; reason=no-capacity.
[13:12:27.484] [NocturneModernGameplay] ADDNEW-POC-SKIP; invocation=35; unit=60; reason=no-capacity.
[13:12:27.519] [NocturneModernGameplay] ADDNEW-POC-SKIP; invocation=36; unit=60; reason=no-capacity.
[13:12:27.554] [NocturneModernGameplay] ADDNEW-POC-SKIP; invocation=37; unit=60; reason=no-capacity.
[13:12:27.588] [NocturneModernGameplay] ADDNEW-POC-SKIP; invocation=38; unit=60; reason=no-capacity.
[13:12:27.623] [NocturneModernGameplay] ADDNEW-POC-SKIP; invocation=39; unit=60; reason=no-capacity.
[13:12:27.651] [NocturneModernGameplay] ADDNEW-POC-SKIP; invocation=40; unit=60; reason=no-capacity.
[13:12:27.686] [NocturneModernGameplay] ADDNEW-POC-SKIP; invocation=41; unit=60; reason=no-capacity.
[13:12:27.720] [NocturneModernGameplay] ADDNEW-POC-SKIP; invocation=42; unit=60; reason=no-capacity.
[13:12:27.755] [NocturneModernGameplay] ADDNEW-POC-SKIP; invocation=43; unit=60; reason=no-capacity.
[13:12:27.790] [NocturneModernGameplay] ADDNEW-POC-SKIP; invocation=44; unit=60; reason=no-capacity.
[13:12:27.818] [NocturneModernGameplay] ADDNEW-POC-SKIP; invocation=45; unit=60; reason=no-capacity.
[13:12:27.852] [NocturneModernGameplay] ADDNEW-POC-SKIP; invocation=46; unit=60; reason=no-capacity.
[13:12:27.887] [NocturneModernGameplay] ADDNEW-POC-SKIP; invocation=47; unit=60; reason=no-capacity.
[13:12:27.922] [NocturneModernGameplay] ADDNEW-POC-SKIP; invocation=48; unit=60; reason=no-capacity.
[13:12:27.956] [NocturneModernGameplay] ADDNEW-POC-SKIP; invocation=49; unit=60; reason=no-capacity.
[13:12:27.984] [NocturneModernGameplay] ADDNEW-POC-SKIP; invocation=50; unit=60; reason=no-capacity.
[13:12:28.019] [NocturneModernGameplay] ADDNEW-POC-SKIP; invocation=51; unit=60; reason=no-capacity.
[13:12:28.041] [Nocturne_Modern_Gameplay] [NocturneModernGameplay] SKILLCUROBJ-CACHE-REFRESH; frame=7213; trackedCount=16; arrayLen=16.
[13:12:28.054] [NocturneModernGameplay] ADDNEW-POC-SKIP; invocation=52; unit=60; reason=no-capacity.
[13:12:28.088] [NocturneModernGameplay] ADDNEW-POC-SKIP; invocation=53; unit=60; reason=no-capacity.
[13:12:28.123] [NocturneModernGameplay] ADDNEW-POC-SKIP; invocation=54; unit=60; reason=no-capacity.
[13:12:28.151] [NocturneModernGameplay] ADDNEW-POC-SKIP; invocation=55; unit=60; reason=no-capacity.
[13:12:28.186] [NocturneModernGameplay] ADDNEW-POC-SKIP; invocation=56; unit=60; reason=no-capacity.
[13:12:28.221] [NocturneModernGameplay] ADDNEW-POC-SKIP; invocation=57; unit=60; reason=no-capacity.
[13:12:28.255] [NocturneModernGameplay] ADDNEW-POC-SKIP; invocation=58; unit=60; reason=no-capacity.
[13:12:28.290] [NocturneModernGameplay] ADDNEW-POC-SKIP; invocation=59; unit=60; reason=no-capacity.
[13:12:28.318] [NocturneModernGameplay] ADDNEW-POC-SKIP; invocation=60; unit=60; reason=no-capacity.
[13:12:28.352] [NocturneModernGameplay] ADDNEW-POC-SKIP; invocation=61; unit=60; reason=no-capacity.
[13:12:28.387] [NocturneModernGameplay] ADDNEW-POC-SKIP; invocation=62; unit=60; reason=no-capacity.
[13:12:28.422] [NocturneModernGameplay] ADDNEW-POC-SKIP; invocation=63; unit=60; reason=no-capacity.
[13:12:28.457] [NocturneModernGameplay] ADDNEW-POC-SKIP; invocation=64; unit=60; reason=no-capacity.
[13:12:28.484] [NocturneModernGameplay] ADDNEW-POC-SKIP; invocation=65; unit=60; reason=no-capacity.
[13:12:28.519] [NocturneModernGameplay] ADDNEW-POC-SKIP; invocation=66; unit=60; reason=no-capacity.
[13:12:28.554] [NocturneModernGameplay] ADDNEW-POC-SKIP; invocation=67; unit=60; reason=no-capacity.
[13:12:28.588] [NocturneModernGameplay] ADDNEW-POC-SKIP; invocation=68; unit=60; reason=no-capacity.
[13:12:28.623] [NocturneModernGameplay] ADDNEW-POC-SKIP; invocation=69; unit=60; reason=no-capacity.
[13:12:28.651] [NocturneModernGameplay] ADDNEW-POC-SKIP; invocation=70; unit=60; reason=no-capacity.
[13:12:28.686] [NocturneModernGameplay] ADDNEW-POC-SKIP; invocation=71; unit=60; reason=no-capacity.
[13:12:28.720] [NocturneModernGameplay] ADDNEW-POC-SKIP; invocation=72; unit=60; reason=no-capacity.
[13:12:28.721] [NocturneModernGameplay] FULLCAP-ADDNEW-BEGIN; unit=60; stockPtr=0x1653730A210; sourceIndex=2; source=301:"静天の会心"; target=299:"会心"; pending32Before=349; defSkillResultAtBegin=0; seqBeforeAtBegin=10; seqLastAtBegin=21; eventNumsAtBegin=0; eventOfsAtBegin=7; levelUpCntAtBegin=0; flagAfterNativeTail=1; pUpResultAfterNativeTail=-1.
[13:12:28.721] [NocturneModernGameplay] FULLCAP-ADDNEW-REDIRECT-DEFERRED; seqAtDefer=10; target=299:"会心"; waiting for native seq to leave 10 on its own before redirecting to seq21.
[13:12:28.721] [NocturneModernGameplay] FORGET-FLAG-CHANGE; frame=7311; seq=10; unit=60; from=0; to=1.
[13:12:28.722] [NocturneModernGameplay] FORGET-PUPSKILL-CHANGE; frame=7311; seq=10; unit=60; pUpResultBefore=1; pUpResultAfter=-1; pUpIndexBefore=2; pUpIndexAfter=2; pUpIdBefore=299; pUpIdAfter=299.
[13:12:28.722] [NocturneModernGameplay] FORGET-TRACE; frame=7311; seq=10; flag=1; unit=60; skillCnt=8; pUpResult=-1; pUpIndex=2; pUpId=299.
[13:12:29.815] [NocturneModernGameplay] FORGET-FLAG-CHANGE; frame=7452; seq=10; unit=60; from=1; to=0.
[13:12:29.816] [NocturneModernGameplay] FORGET-TRACE; frame=7452; seq=10; flag=0; unit=60; skillCnt=8; pUpResult=-1; pUpIndex=2; pUpId=299.
[13:12:30.239] [Nocturne_Modern_Gameplay] [NocturneModernGameplay] SKILLCUROBJ-CACHE-REFRESH; frame=7513; trackedCount=16; arrayLen=16.
[13:12:30.954] [Nocturne_Modern_Gameplay] [NocturneModernGameplay] FULLCAP-ADDNEW-ENTER-FORGET; seqBefore=11; seqAfter=21; target=299:"会心"; eventParamStagedForUi=299; originalPendingToRestoreLater=349; next -1->-1; last 10->10; change 1->1; deferredFramesObserved=true.
[13:12:30.954] [NocturneModernGameplay] HIDDEN-SLOT-ARRAY-CHECK; frame=7616; unit=60; skillcnt=8; arrLen=24; cursor=8; selectSkillID=349; eventParam=299; target=299; skill=[7,412,301,13,1,10,400,180,0].
[13:12:30.955] [NocturneModernGameplay] SKILLCURSOR-FIELD-TRACE; frame=7616; seq=21; bridgeActive=True; unit=60; listNums=8; invisibleListNums=0; index=0; shift=8; drawShift=0; shiftMax=8; stopFlag=0; stepY=0.
[13:12:30.955] [NocturneModernGameplay] FORGET-SEQ-CHANGE; frame=7616; unit=60; from=10; to=21.
[13:12:30.955] [NocturneModernGameplay] FORGET-TRACE; frame=7616; seq=21; flag=0; unit=60; skillCnt=8; pUpResult=-1; pUpIndex=2; pUpId=299.
[13:12:30.988] [NocturneModernGameplay] ADDNEW-HIGHLIGHT-CURSOR; unit=60; cursor=8; selectedBefore=349; target=299:"会心".
[13:12:30.989] [NocturneModernGameplay] HIDDEN-SLOT-ARRAY-CHECK; frame=7621; unit=60; skillcnt=8; arrLen=24; cursor=8; selectSkillID=299; eventParam=299; target=299; skill=[7,412,301,13,1,10,400,180,0].
[13:12:31.086] [NocturneModernGameplay] FORGETUI-TMP-TRACE; frame=7635; seq=21; bridgeActive=True; path=Canvas_UI/talkUI/talk01/talk_window/Text02TM; activeSelf=True; activeInHierarchy=True; text="<material="MsgFont4">静天の会心<material="MsgFont0">が<material="MsgFont4">会心<material="MsgFont0">になった！"; selfComponents=[UnityEngine.RectTransform,UnityEngine.CanvasRenderer,ChangeFont,TMPro.TextMeshProUGUI,UnityEngine.Canvas,ChangeFont]; ancestors=(talk_window:[UnityEngine.RectTransform,UnityEngine.CanvasRenderer,UnityEngine.UI.Image] > talk01:[UnityEngine.RectTransform,UnityEngine.CanvasGroup,UnityEngine.Animator,talkUI] > talkUI:[UnityEngine.RectTransform,UnityEngine.Canvas,UnityEngine.CanvasGroup,UiHD] > Canvas_UI:[UnityEngine.RectTransform,UnityEngine.Canvas,UnityEngine.UI.CanvasScaler,UnityEngine.UI.GraphicRaycaster,SteamKeyboard]).
[13:12:31.086] [NocturneModernGameplay] FORGETUI-TMP-TRACE; frame=7635; seq=21; bridgeActive=True; path=Canvas_UI/talkUI/talk01/talk_window/Text01TM; activeSelf=True; activeInHierarchy=True; text="<material="MsgFont0">＞スキルがパワーアップ！"; selfComponents=[UnityEngine.RectTransform,UnityEngine.CanvasRenderer,ChangeFont,TMPro.TextMeshProUGUI,UnityEngine.Canvas,ChangeFont]; ancestors=(talk_window:[UnityEngine.RectTransform,UnityEngine.CanvasRenderer,UnityEngine.UI.Image] > talk01:[UnityEngine.RectTransform,UnityEngine.CanvasGroup,UnityEngine.Animator,talkUI] > talkUI:[UnityEngine.RectTransform,UnityEngine.Canvas,UnityEngine.CanvasGroup,UiHD] > Canvas_UI:[UnityEngine.RectTransform,UnityEngine.Canvas,UnityEngine.UI.CanvasScaler,UnityEngine.UI.GraphicRaycaster,SteamKeyboard]).
[13:12:31.087] [NocturneModernGameplay] FORGETUI-TMP-TRACE; frame=7635; seq=21; bridgeActive=True; path=Canvas_UI/campUIBase/statusUI(Clone)/sfeature/skillhelp_mask/TextTM_full; activeSelf=True; activeInHierarchy=True; text="<material="TMC21">クリティカルの発生確率アップ"; selfComponents=[UnityEngine.RectTransform,UnityEngine.CanvasRenderer,TMPro.TextMeshProUGUI,ChangeFont,ScrollText]; ancestors=(skillhelp_mask:[UnityEngine.RectTransform,UnityEngine.UI.RectMask2D] > sfeature:[UnityEngine.RectTransform,UnityEngine.Animator] > statusUI(Clone):[UnityEngine.RectTransform,statusUI,UiHD] > campUIBase:[UnityEngine.RectTransform]).
[13:12:31.088] [NocturneModernGameplay] STATUSUI-ARRAY-TRACE; frame=7635; seq=21; bridgeActive=True; unit=60; eventParam=299; eventNums=0; eventOfs=7; obtainedTextLen=8; obtainedObjLen=8; skillCurObjLen=16; skill_baseLen=8; update_skillLen=8; awaitTextLen=8; awaitObjLen=8; await2ObjLen=8;  | [0] text="<material="TMC00">ブフ" obtainedObjActive=True curObjActive=False baseObjActive=False updObjActive=False | [1] text="<material="TMC00">同族のよしみ" obtainedObjActive=True curObjActive=False baseObjActive=False updObjActive=False | [2] text="<material="TMC00">静天の会心" obtainedObjActive=True curObjActive=False baseObjActive=False updObjActive=False | [3] text="<material="TMC00">ジオ" obtainedObjActive=True curObjActive=False baseObjActive=False updObjActive=False | [4] text="<material="TMC00">アギ" obtainedObjActive=True curObjActive=False baseObjActive=False updObjActive=False | [5] text="<material="TMC00">マハブフ" obtainedObjActive=True curObjActive=False baseObjActive=False updObjActive=False | [6] text="<material="TMC00">物々交換" obtainedObjActive=True curObjActive=False baseObjActive=False updObjActive=False | [7] text="<material="TMC00">アイスブレス" obtainedObjActive=True curObjActive=False baseObjActive=False updObjActive=False | skillCurObj[8] active=False inHierarchy=False alpha=-1.00 anchoredPos=(0.0, 0.0) localPos=(0.0, 0.0, 0.0) localScale=(1.0, 1.0, 1.0) sizeDelta=(434.0, 56.0) renderer=n/a noMaskAncestor | await[0] text="" active=False inHierarchy=False alpha=-1.00 animState=noAnimator anchoredPos=(964.0, -12.0) localPos=(964.0, -12.0, 0.0) localScale=(1.0, 1.0, 1.0) sizeDelta=(100.0, 56.0) cull=False rendererAlpha=1.00 noMaskAncestor | await[1] text="" active=False inHierarchy=False alpha=-1.00 animState=noAnimator anchoredPos=(964.0, -64.0) localPos=(964.0, -64.0, 0.0) localScale=(1.0, 1.0, 1.0) sizeDelta=(100.0, 56.0) cull=False rendererAlpha=1.00 noMaskAncestor | await[2] text="" active=False inHierarchy=False alpha=-1.00 animState=noAnimator anchoredPos=(964.0, -116.0) localPos=(964.0, -116.0, 0.0) localScale=(1.0, 1.0, 1.0) sizeDelta=(100.0, 56.0) cull=False rendererAlpha=1.00 noMaskAncestor | await[3] text="" active=False inHierarchy=False alpha=-1.00 animState=noAnimator anchoredPos=(964.0, -168.0) localPos=(964.0, -168.0, 0.0) localScale=(1.0, 1.0, 1.0) sizeDelta=(100.0, 56.0) cull=False rendererAlpha=1.00 noMaskAncestor | await[4] text="" active=False inHierarchy=False alpha=-1.00 animState=noAnimator anchoredPos=(1398.0, -12.0) localPos=(1398.0, -12.0, 0.0) localScale=(1.0, 1.0, 1.0) sizeDelta=(100.0, 56.0) cull=False rendererAlpha=1.00 noMaskAncestor | await[5] text="" active=False inHierarchy=False alpha=-1.00 animState=noAnimator anchoredPos=(1398.0, -64.0) localPos=(1398.0, -64.0, 0.0) localScale=(1.0, 1.0, 1.0) sizeDelta=(100.0, 56.0) cull=False rendererAlpha=1.00 noMaskAncestor | await[6] text="" active=False inHierarchy=False alpha=-1.00 animState=noAnimator anchoredPos=(1398.0, -116.0) localPos=(1398.0, -116.0, 0.0) localScale=(1.0, 1.0, 1.0) sizeDelta=(100.0, 56.0) cull=False rendererAlpha=1.00 noMaskAncestor | await[7] text="" active=False inHierarchy=False alpha=-1.00 animState=noAnimator anchoredPos=(1398.0, -168.0) localPos=(1398.0, -168.0, 0.0) localScale=(1.0, 1.0, 1.0) sizeDelta=(100.0, 56.0) cull=False rendererAlpha=1.00 noMaskAncestor | await2[0] active=False inHierarchy=False alpha=-1.00 text="" animState=hash=0;t=0.00 | await2[1] active=False inHierarchy=False alpha=-1.00 text="" animState=hash=0;t=0.00 | await2[2] active=False inHierarchy=False alpha=-1.00 text="" animState=hash=0;t=0.00 | await2[3] active=False inHierarchy=False alpha=-1.00 text="" animState=hash=0;t=0.00 | await2[4] active=False inHierarchy=False alpha=-1.00 text="" animState=hash=0;t=0.00 | await2[5] active=False inHierarchy=False alpha=-1.00 text="" animState=hash=0;t=0.00 | await2[6] active=False inHierarchy=False alpha=-1.00 text="" animState=hash=0;t=0.00 | await2[7] active=False inHierarchy=False alpha=-1.00 text="" animState=hash=0;t=0.00.
[13:12:31.419] [NocturneModernGameplay] ADDNEW-HIGHLIGHT-CURSOR; unit=60; cursor=0; selectedBefore=299; target=299:"会心".
[13:12:31.419] [NocturneModernGameplay] HIDDEN-SLOT-ARRAY-CHECK; frame=7683; unit=60; skillcnt=8; arrLen=24; cursor=0; selectSkillID=7; eventParam=299; target=299; skill=[7,412,301,13,1,10,400,180,0].
[13:12:31.420] [NocturneModernGameplay] SKILLCURSOR-FIELD-TRACE; frame=7683; seq=21; bridgeActive=True; unit=60; listNums=8; invisibleListNums=0; index=0; shift=0; drawShift=0; shiftMax=8; stopFlag=0; stepY=0.
[13:12:31.420] [Nocturne_Detailed_Skill_Info] AUTO_HELP id=7 name="ブフ" before="敵単体に氷結属性の / 小ダメージ" after="敵単体に氷結属性の / 小ダメージ　威力:30　命中:100　凍結付与値:20"
[13:12:31.420] [NocturneModernGameplay] SKILLCUROBJ-SETACTIVE; frame=7683; index=0; value=True; seq=21; bridgeActive=True.
[13:12:31.454] [NocturneModernGameplay] SKILLCUROBJ-SETACTIVE; frame=7688; index=0; value=False; seq=21; bridgeActive=True.
[13:12:31.454] [NocturneModernGameplay] SKILLCUROBJ-SETACTIVE; frame=7688; index=0; value=True; seq=21; bridgeActive=True.
[13:12:31.488] [NocturneModernGameplay] SKILLCUROBJ-SETACTIVE; frame=7693; index=0; value=False; seq=21; bridgeActive=True.
[13:12:31.489] [NocturneModernGameplay] SKILLCUROBJ-SETACTIVE; frame=7693; index=0; value=True; seq=21; bridgeActive=True.
[13:12:31.523] [NocturneModernGameplay] SKILLCUROBJ-SETACTIVE; frame=7698; index=0; value=False; seq=21; bridgeActive=True.
[13:12:31.523] [NocturneModernGameplay] SKILLCUROBJ-SETACTIVE; frame=7698; index=0; value=True; seq=21; bridgeActive=True.
[13:12:31.551] [NocturneModernGameplay] SKILLCUROBJ-SETACTIVE; frame=7702; index=0; value=False; seq=21; bridgeActive=True.
[13:12:31.551] [NocturneModernGameplay] SKILLCUROBJ-SETACTIVE; frame=7702; index=0; value=True; seq=21; bridgeActive=True.
[13:12:31.586] [NocturneModernGameplay] SKILLCUROBJ-SETACTIVE; frame=7707; index=0; value=False; seq=21; bridgeActive=True.
[13:12:31.586] [NocturneModernGameplay] SKILLCUROBJ-SETACTIVE; frame=7707; index=0; value=True; seq=21; bridgeActive=True.
[13:12:31.620] [NocturneModernGameplay] SKILLCUROBJ-SETACTIVE; frame=7712; index=0; value=False; seq=21; bridgeActive=True.
[13:12:31.621] [NocturneModernGameplay] SKILLCUROBJ-SETACTIVE; frame=7712; index=0; value=True; seq=21; bridgeActive=True.
[13:12:31.655] [NocturneModernGameplay] SKILLCUROBJ-SETACTIVE; frame=7717; index=0; value=False; seq=21; bridgeActive=True.
[13:12:31.655] [NocturneModernGameplay] SKILLCUROBJ-SETACTIVE; frame=7717; index=0; value=True; seq=21; bridgeActive=True.
[13:12:31.690] [NocturneModernGameplay] SKILLCUROBJ-SETACTIVE; frame=7722; index=0; value=False; seq=21; bridgeActive=True.
[13:12:31.690] [NocturneModernGameplay] SKILLCUROBJ-SETACTIVE; frame=7722; index=0; value=True; seq=21; bridgeActive=True.
[13:12:31.718] [NocturneModernGameplay] SKILLCUROBJ-SETACTIVE; frame=7726; index=0; value=False; seq=21; bridgeActive=True.
[13:12:31.718] [NocturneModernGameplay] SKILLCUROBJ-SETACTIVE; frame=7726; index=0; value=True; seq=21; bridgeActive=True.
[13:12:31.752] [NocturneModernGameplay] SKILLCUROBJ-SETACTIVE; frame=7731; index=0; value=False; seq=21; bridgeActive=True.
[13:12:31.753] [NocturneModernGameplay] SKILLCUROBJ-SETACTIVE; frame=7731; index=0; value=True; seq=21; bridgeActive=True.
[13:12:31.787] [NocturneModernGameplay] SKILLCUROBJ-SETACTIVE; frame=7736; index=0; value=False; seq=21; bridgeActive=True.
[13:12:31.787] [NocturneModernGameplay] SKILLCUROBJ-SETACTIVE; frame=7736; index=0; value=True; seq=21; bridgeActive=True.
[13:12:31.822] [NocturneModernGameplay] SKILLCUROBJ-SETACTIVE; frame=7741; index=0; value=False; seq=21; bridgeActive=True.
[13:12:31.822] [NocturneModernGameplay] SKILLCUROBJ-SETACTIVE; frame=7741; index=0; value=True; seq=21; bridgeActive=True.
[13:12:31.857] [NocturneModernGameplay] SKILLCUROBJ-SETACTIVE; frame=7746; index=0; value=False; seq=21; bridgeActive=True.
[13:12:31.857] [NocturneModernGameplay] SKILLCUROBJ-SETACTIVE; frame=7746; index=0; value=True; seq=21; bridgeActive=True.
[13:12:31.884] [NocturneModernGameplay] SKILLCUROBJ-SETACTIVE; frame=7750; index=0; value=False; seq=21; bridgeActive=True.
[13:12:31.885] [NocturneModernGameplay] SKILLCUROBJ-SETACTIVE; frame=7750; index=0; value=True; seq=21; bridgeActive=True.
[13:12:31.920] [NocturneModernGameplay] FORGETUI-TMP-TRACE; frame=7755; seq=21; bridgeActive=True; path=Canvas_UI/campUIBase/statusUI(Clone)/sskill/sskill_obtained01/TextTM; activeSelf=True; activeInHierarchy=True; text="<material="TMC21">ブフ"; selfComponents=[UnityEngine.RectTransform,UnityEngine.CanvasRenderer,TMPro.TextMeshProUGUI,ChangeFont]; ancestors=(sskill_obtained01:[UnityEngine.RectTransform,UnityEngine.Animator] > sskill:[UnityEngine.RectTransform,SteamColliders] > statusUI(Clone):[UnityEngine.RectTransform,statusUI,UiHD] > campUIBase:[UnityEngine.RectTransform]).
[13:12:31.920] [NocturneModernGameplay] FORGETUI-TMP-TRACE; frame=7755; seq=21; bridgeActive=True; path=Canvas_UI/campUIBase/statusUI(Clone)/sfeature/skillhelp_mask/TextTM_full; activeSelf=True; activeInHierarchy=True; text="<material="TMC21">敵単体に氷結属性の小ダメージ　威力:30　命中:100　凍結付与値:20"; selfComponents=[UnityEngine.RectTransform,UnityEngine.CanvasRenderer,TMPro.TextMeshProUGUI,ChangeFont,ScrollText]; ancestors=(skillhelp_mask:[UnityEngine.RectTransform,UnityEngine.UI.RectMask2D] > sfeature:[UnityEngine.RectTransform,UnityEngine.Animator] > statusUI(Clone):[UnityEngine.RectTransform,statusUI,UiHD] > campUIBase:[UnityEngine.RectTransform]).
[13:12:31.922] [NocturneModernGameplay] STATUSUI-ARRAY-TRACE; frame=7755; seq=21; bridgeActive=True; unit=60; eventParam=299; eventNums=0; eventOfs=7; obtainedTextLen=8; obtainedObjLen=8; skillCurObjLen=16; skill_baseLen=8; update_skillLen=8; awaitTextLen=8; awaitObjLen=8; await2ObjLen=8;  | [0] text="<material="TMC21">ブフ" obtainedObjActive=True curObjActive=True baseObjActive=False updObjActive=False | [1] text="<material="TMC00">同族のよしみ" obtainedObjActive=True curObjActive=False baseObjActive=False updObjActive=False | [2] text="<material="TMC00">静天の会心" obtainedObjActive=True curObjActive=False baseObjActive=False updObjActive=False | [3] text="<material="TMC00">ジオ" obtainedObjActive=True curObjActive=False baseObjActive=False updObjActive=False | [4] text="<material="TMC00">アギ" obtainedObjActive=True curObjActive=False baseObjActive=False updObjActive=False | [5] text="<material="TMC00">マハブフ" obtainedObjActive=True curObjActive=False baseObjActive=False updObjActive=False | [6] text="<material="TMC00">物々交換" obtainedObjActive=True curObjActive=False baseObjActive=False updObjActive=False | [7] text="<material="TMC00">アイスブレス" obtainedObjActive=True curObjActive=False baseObjActive=False updObjActive=False | skillCurObj[8] active=False inHierarchy=False alpha=-1.00 anchoredPos=(0.0, 0.0) localPos=(0.0, 0.0, 0.0) localScale=(1.0, 1.0, 1.0) sizeDelta=(434.0, 56.0) renderer=n/a noMaskAncestor | await[0] text="" active=False inHierarchy=False alpha=-1.00 animState=noAnimator anchoredPos=(964.0, -12.0) localPos=(964.0, -12.0, 0.0) localScale=(1.0, 1.0, 1.0) sizeDelta=(100.0, 56.0) cull=False rendererAlpha=1.00 noMaskAncestor | await[1] text="" active=False inHierarchy=False alpha=-1.00 animState=noAnimator anchoredPos=(964.0, -64.0) localPos=(964.0, -64.0, 0.0) localScale=(1.0, 1.0, 1.0) sizeDelta=(100.0, 56.0) cull=False rendererAlpha=1.00 noMaskAncestor | await[2] text="" active=False inHierarchy=False alpha=-1.00 animState=noAnimator anchoredPos=(964.0, -116.0) localPos=(964.0, -116.0, 0.0) localScale=(1.0, 1.0, 1.0) sizeDelta=(100.0, 56.0) cull=False rendererAlpha=1.00 noMaskAncestor | await[3] text="" active=False inHierarchy=False alpha=-1.00 animState=noAnimator anchoredPos=(964.0, -168.0) localPos=(964.0, -168.0, 0.0) localScale=(1.0, 1.0, 1.0) sizeDelta=(100.0, 56.0) cull=False rendererAlpha=1.00 noMaskAncestor | await[4] text="" active=False inHierarchy=False alpha=-1.00 animState=noAnimator anchoredPos=(1398.0, -12.0) localPos=(1398.0, -12.0, 0.0) localScale=(1.0, 1.0, 1.0) sizeDelta=(100.0, 56.0) cull=False rendererAlpha=1.00 noMaskAncestor | await[5] text="" active=False inHierarchy=False alpha=-1.00 animState=noAnimator anchoredPos=(1398.0, -64.0) localPos=(1398.0, -64.0, 0.0) localScale=(1.0, 1.0, 1.0) sizeDelta=(100.0, 56.0) cull=False rendererAlpha=1.00 noMaskAncestor | await[6] text="" active=False inHierarchy=False alpha=-1.00 animState=noAnimator anchoredPos=(1398.0, -116.0) localPos=(1398.0, -116.0, 0.0) localScale=(1.0, 1.0, 1.0) sizeDelta=(100.0, 56.0) cull=False rendererAlpha=1.00 noMaskAncestor | await[7] text="" active=False inHierarchy=False alpha=-1.00 animState=noAnimator anchoredPos=(1398.0, -168.0) localPos=(1398.0, -168.0, 0.0) localScale=(1.0, 1.0, 1.0) sizeDelta=(100.0, 56.0) cull=False rendererAlpha=1.00 noMaskAncestor | await2[0] active=False inHierarchy=False alpha=-1.00 text="" animState=hash=0;t=0.00 | await2[1] active=False inHierarchy=False alpha=-1.00 text="" animState=hash=0;t=0.00 | await2[2] active=False inHierarchy=False alpha=-1.00 text="" animState=hash=0;t=0.00 | await2[3] active=False inHierarchy=False alpha=-1.00 text="" animState=hash=0;t=0.00 | await2[4] active=False inHierarchy=False alpha=-1.00 text="" animState=hash=0;t=0.00 | await2[5] active=False inHierarchy=False alpha=-1.00 text="" animState=hash=0;t=0.00 | await2[6] active=False inHierarchy=False alpha=-1.00 text="" animState=hash=0;t=0.00 | await2[7] active=False inHierarchy=False alpha=-1.00 text="" animState=hash=0;t=0.00.
[13:12:31.923] [NocturneModernGameplay] SKILLCUROBJ-SETACTIVE; frame=7755; index=0; value=False; seq=21; bridgeActive=True.
[13:12:31.923] [NocturneModernGameplay] SKILLCUROBJ-SETACTIVE; frame=7755; index=0; value=True; seq=21; bridgeActive=True.
[13:12:31.954] [NocturneModernGameplay] SKILLCUROBJ-SETACTIVE; frame=7760; index=0; value=False; seq=21; bridgeActive=True.
[13:12:31.954] [NocturneModernGameplay] SKILLCUROBJ-SETACTIVE; frame=7760; index=0; value=True; seq=21; bridgeActive=True.
[13:12:31.988] [NocturneModernGameplay] ADDNEW-HIGHLIGHT-CURSOR; unit=60; cursor=8; selectedBefore=7; target=299:"会心".
[13:12:31.989] [NocturneModernGameplay] HIDDEN-SLOT-ARRAY-CHECK; frame=7765; unit=60; skillcnt=8; arrLen=24; cursor=8; selectSkillID=299; eventParam=299; target=299; skill=[7,412,301,13,1,10,400,180,0].
[13:12:31.989] [NocturneModernGameplay] SKILLCURSOR-FIELD-TRACE; frame=7765; seq=21; bridgeActive=True; unit=60; listNums=8; invisibleListNums=0; index=0; shift=8; drawShift=0; shiftMax=8; stopFlag=0; stepY=0.
[13:12:31.989] [NocturneModernGameplay] SKILLCUROBJ-SETACTIVE; frame=7765; index=0; value=False; seq=21; bridgeActive=True.
[13:12:32.024] [NocturneModernGameplay] FORGETUI-TMP-TRACE; frame=7770; seq=21; bridgeActive=True; path=Canvas_UI/campUIBase/statusUI(Clone)/sskill/sskill_obtained01/TextTM; activeSelf=True; activeInHierarchy=True; text="<material="TMC00">ブフ"; selfComponents=[UnityEngine.RectTransform,UnityEngine.CanvasRenderer,TMPro.TextMeshProUGUI,ChangeFont]; ancestors=(sskill_obtained01:[UnityEngine.RectTransform,UnityEngine.Animator] > sskill:[UnityEngine.RectTransform,SteamColliders] > statusUI(Clone):[UnityEngine.RectTransform,statusUI,UiHD] > campUIBase:[UnityEngine.RectTransform]).
[13:12:32.024] [NocturneModernGameplay] FORGETUI-TMP-TRACE; frame=7770; seq=21; bridgeActive=True; path=Canvas_UI/campUIBase/statusUI(Clone)/sfeature/skillhelp_mask/TextTM_full; activeSelf=True; activeInHierarchy=True; text="<material="TMC21">クリティカルの発生確率アップ"; selfComponents=[UnityEngine.RectTransform,UnityEngine.CanvasRenderer,TMPro.TextMeshProUGUI,ChangeFont,ScrollText]; ancestors=(skillhelp_mask:[UnityEngine.RectTransform,UnityEngine.UI.RectMask2D] > sfeature:[UnityEngine.RectTransform,UnityEngine.Animator] > statusUI(Clone):[UnityEngine.RectTransform,statusUI,UiHD] > campUIBase:[UnityEngine.RectTransform]).
[13:12:32.025] [NocturneModernGameplay] STATUSUI-ARRAY-TRACE; frame=7770; seq=21; bridgeActive=True; unit=60; eventParam=299; eventNums=0; eventOfs=7; obtainedTextLen=8; obtainedObjLen=8; skillCurObjLen=16; skill_baseLen=8; update_skillLen=8; awaitTextLen=8; awaitObjLen=8; await2ObjLen=8;  | [0] text="<material="TMC00">ブフ" obtainedObjActive=True curObjActive=False baseObjActive=False updObjActive=False | [1] text="<material="TMC00">同族のよしみ" obtainedObjActive=True curObjActive=False baseObjActive=False updObjActive=False | [2] text="<material="TMC00">静天の会心" obtainedObjActive=True curObjActive=False baseObjActive=False updObjActive=False | [3] text="<material="TMC00">ジオ" obtainedObjActive=True curObjActive=False baseObjActive=False updObjActive=False | [4] text="<material="TMC00">アギ" obtainedObjActive=True curObjActive=False baseObjActive=False updObjActive=False | [5] text="<material="TMC00">マハブフ" obtainedObjActive=True curObjActive=False baseObjActive=False updObjActive=False | [6] text="<material="TMC00">物々交換" obtainedObjActive=True curObjActive=False baseObjActive=False updObjActive=False | [7] text="<material="TMC00">アイスブレス" obtainedObjActive=True curObjActive=False baseObjActive=False updObjActive=False | skillCurObj[8] active=False inHierarchy=False alpha=-1.00 anchoredPos=(0.0, 0.0) localPos=(0.0, 0.0, 0.0) localScale=(1.0, 1.0, 1.0) sizeDelta=(434.0, 56.0) renderer=n/a noMaskAncestor | await[0] text="" active=False inHierarchy=False alpha=-1.00 animState=noAnimator anchoredPos=(964.0, -12.0) localPos=(964.0, -12.0, 0.0) localScale=(1.0, 1.0, 1.0) sizeDelta=(100.0, 56.0) cull=False rendererAlpha=1.00 noMaskAncestor | await[1] text="" active=False inHierarchy=False alpha=-1.00 animState=noAnimator anchoredPos=(964.0, -64.0) localPos=(964.0, -64.0, 0.0) localScale=(1.0, 1.0, 1.0) sizeDelta=(100.0, 56.0) cull=False rendererAlpha=1.00 noMaskAncestor | await[2] text="" active=False inHierarchy=False alpha=-1.00 animState=noAnimator anchoredPos=(964.0, -116.0) localPos=(964.0, -116.0, 0.0) localScale=(1.0, 1.0, 1.0) sizeDelta=(100.0, 56.0) cull=False rendererAlpha=1.00 noMaskAncestor | await[3] text="" active=False inHierarchy=False alpha=-1.00 animState=noAnimator anchoredPos=(964.0, -168.0) localPos=(964.0, -168.0, 0.0) localScale=(1.0, 1.0, 1.0) sizeDelta=(100.0, 56.0) cull=False rendererAlpha=1.00 noMaskAncestor | await[4] text="" active=False inHierarchy=False alpha=-1.00 animState=noAnimator anchoredPos=(1398.0, -12.0) localPos=(1398.0, -12.0, 0.0) localScale=(1.0, 1.0, 1.0) sizeDelta=(100.0, 56.0) cull=False rendererAlpha=1.00 noMaskAncestor | await[5] text="" active=False inHierarchy=False alpha=-1.00 animState=noAnimator anchoredPos=(1398.0, -64.0) localPos=(1398.0, -64.0, 0.0) localScale=(1.0, 1.0, 1.0) sizeDelta=(100.0, 56.0) cull=False rendererAlpha=1.00 noMaskAncestor | await[6] text="" active=False inHierarchy=False alpha=-1.00 animState=noAnimator anchoredPos=(1398.0, -116.0) localPos=(1398.0, -116.0, 0.0) localScale=(1.0, 1.0, 1.0) sizeDelta=(100.0, 56.0) cull=False rendererAlpha=1.00 noMaskAncestor | await[7] text="" active=False inHierarchy=False alpha=-1.00 animState=noAnimator anchoredPos=(1398.0, -168.0) localPos=(1398.0, -168.0, 0.0) localScale=(1.0, 1.0, 1.0) sizeDelta=(100.0, 56.0) cull=False rendererAlpha=1.00 noMaskAncestor | await2[0] active=False inHierarchy=False alpha=-1.00 text="" animState=hash=0;t=0.00 | await2[1] active=False inHierarchy=False alpha=-1.00 text="" animState=hash=0;t=0.00 | await2[2] active=False inHierarchy=False alpha=-1.00 text="" animState=hash=0;t=0.00 | await2[3] active=False inHierarchy=False alpha=-1.00 text="" animState=hash=0;t=0.00 | await2[4] active=False inHierarchy=False alpha=-1.00 text="" animState=hash=0;t=0.00 | await2[5] active=False inHierarchy=False alpha=-1.00 text="" animState=hash=0;t=0.00 | await2[6] active=False inHierarchy=False alpha=-1.00 text="" animState=hash=0;t=0.00 | await2[7] active=False inHierarchy=False alpha=-1.00 text="" animState=hash=0;t=0.00.
[13:12:32.323] [Nocturne_Modern_Gameplay] [NocturneModernGameplay] SKILLCUROBJ-CACHE-REFRESH; frame=7813; trackedCount=16; arrayLen=16.
[13:12:32.753] [NocturneModernGameplay] FORGETUI-TMP-TRACE; frame=7875; seq=21; bridgeActive=True; path=Canvas_UI/talkUI/talk01/talk_window/Text02TM; activeSelf=True; activeInHierarchy=True; text="<alpha=#00>あああああ</alpha>"; selfComponents=[UnityEngine.RectTransform,UnityEngine.CanvasRenderer,ChangeFont,TMPro.TextMeshProUGUI,UnityEngine.Canvas,ChangeFont]; ancestors=(talk_window:[UnityEngine.RectTransform,UnityEngine.CanvasRenderer,UnityEngine.UI.Image] > talk01:[UnityEngine.RectTransform,UnityEngine.CanvasGroup,UnityEngine.Animator,talkUI] > talkUI:[UnityEngine.RectTransform,UnityEngine.Canvas,UnityEngine.CanvasGroup,UiHD] > Canvas_UI:[UnityEngine.RectTransform,UnityEngine.Canvas,UnityEngine.UI.CanvasScaler,UnityEngine.UI.GraphicRaycaster,SteamKeyboard]).
[13:12:32.753] [NocturneModernGameplay] FORGETUI-TMP-TRACE; frame=7875; seq=21; bridgeActive=True; path=Canvas_UI/talkUI/talk01/talk_window/Text01TM; activeSelf=True; activeInHierarchy=True; text="<alpha=#00>あああああ</alpha>"; selfComponents=[UnityEngine.RectTransform,UnityEngine.CanvasRenderer,ChangeFont,TMPro.TextMeshProUGUI,UnityEngine.Canvas,ChangeFont]; ancestors=(talk_window:[UnityEngine.RectTransform,UnityEngine.CanvasRenderer,UnityEngine.UI.Image] > talk01:[UnityEngine.RectTransform,UnityEngine.CanvasGroup,UnityEngine.Animator,talkUI] > talkUI:[UnityEngine.RectTransform,UnityEngine.Canvas,UnityEngine.CanvasGroup,UiHD] > Canvas_UI:[UnityEngine.RectTransform,UnityEngine.Canvas,UnityEngine.UI.CanvasScaler,UnityEngine.UI.GraphicRaycaster,SteamKeyboard]).
[13:12:34.406] [Nocturne_Modern_Gameplay] [NocturneModernGameplay] SKILLCUROBJ-CACHE-REFRESH; frame=8113; trackedCount=16; arrayLen=16.
[13:12:35.051] [NocturneModernGameplay] SKILLCURSOR-FIELD-TRACE; frame=8206; seq=22; bridgeActive=True; unit=60; listNums=8; invisibleListNums=0; index=0; shift=8; drawShift=0; shiftMax=8; stopFlag=0; stepY=0.
[13:12:35.052] [NocturneModernGameplay] FORGET-SEQ-CHANGE; frame=8206; unit=60; from=21; to=22.
[13:12:35.052] [NocturneModernGameplay] FORGET-TRACE; frame=8206; seq=22; flag=0; unit=60; skillCnt=8; pUpResult=-1; pUpIndex=2; pUpId=299.
[13:12:35.254] [NocturneModernGameplay] STATUSUI-ARRAY-TRACE; frame=8235; seq=22; bridgeActive=True; unit=60; eventParam=299; eventNums=0; eventOfs=7; obtainedTextLen=8; obtainedObjLen=8; skillCurObjLen=16; skill_baseLen=8; update_skillLen=8; awaitTextLen=8; awaitObjLen=8; await2ObjLen=8;  | [0] text="<material="TMC00">ブフ" obtainedObjActive=True curObjActive=False baseObjActive=False updObjActive=False | [1] text="<material="TMC00">同族のよしみ" obtainedObjActive=True curObjActive=False baseObjActive=False updObjActive=False | [2] text="<material="TMC00">静天の会心" obtainedObjActive=True curObjActive=False baseObjActive=False updObjActive=False | [3] text="<material="TMC00">ジオ" obtainedObjActive=True curObjActive=False baseObjActive=False updObjActive=False | [4] text="<material="TMC00">アギ" obtainedObjActive=True curObjActive=False baseObjActive=False updObjActive=False | [5] text="<material="TMC00">マハブフ" obtainedObjActive=True curObjActive=False baseObjActive=False updObjActive=False | [6] text="<material="TMC00">物々交換" obtainedObjActive=True curObjActive=False baseObjActive=False updObjActive=False | [7] text="<material="TMC00">アイスブレス" obtainedObjActive=True curObjActive=False baseObjActive=False updObjActive=False | skillCurObj[8] active=False inHierarchy=False alpha=-1.00 anchoredPos=(0.0, 0.0) localPos=(0.0, 0.0, 0.0) localScale=(1.0, 1.0, 1.0) sizeDelta=(434.0, 56.0) renderer=n/a noMaskAncestor | await[0] text="" active=False inHierarchy=False alpha=-1.00 animState=noAnimator anchoredPos=(964.0, -12.0) localPos=(964.0, -12.0, 0.0) localScale=(1.0, 1.0, 1.0) sizeDelta=(100.0, 56.0) cull=False rendererAlpha=1.00 noMaskAncestor | await[1] text="" active=False inHierarchy=False alpha=-1.00 animState=noAnimator anchoredPos=(964.0, -64.0) localPos=(964.0, -64.0, 0.0) localScale=(1.0, 1.0, 1.0) sizeDelta=(100.0, 56.0) cull=False rendererAlpha=1.00 noMaskAncestor | await[2] text="" active=False inHierarchy=False alpha=-1.00 animState=noAnimator anchoredPos=(964.0, -116.0) localPos=(964.0, -116.0, 0.0) localScale=(1.0, 1.0, 1.0) sizeDelta=(100.0, 56.0) cull=False rendererAlpha=1.00 noMaskAncestor | await[3] text="" active=False inHierarchy=False alpha=-1.00 animState=noAnimator anchoredPos=(964.0, -168.0) localPos=(964.0, -168.0, 0.0) localScale=(1.0, 1.0, 1.0) sizeDelta=(100.0, 56.0) cull=False rendererAlpha=1.00 noMaskAncestor | await[4] text="" active=False inHierarchy=False alpha=-1.00 animState=noAnimator anchoredPos=(1398.0, -12.0) localPos=(1398.0, -12.0, 0.0) localScale=(1.0, 1.0, 1.0) sizeDelta=(100.0, 56.0) cull=False rendererAlpha=1.00 noMaskAncestor | await[5] text="" active=False inHierarchy=False alpha=-1.00 animState=noAnimator anchoredPos=(1398.0, -64.0) localPos=(1398.0, -64.0, 0.0) localScale=(1.0, 1.0, 1.0) sizeDelta=(100.0, 56.0) cull=False rendererAlpha=1.00 noMaskAncestor | await[6] text="" active=False inHierarchy=False alpha=-1.00 animState=noAnimator anchoredPos=(1398.0, -116.0) localPos=(1398.0, -116.0, 0.0) localScale=(1.0, 1.0, 1.0) sizeDelta=(100.0, 56.0) cull=False rendererAlpha=1.00 noMaskAncestor | await[7] text="" active=False inHierarchy=False alpha=-1.00 animState=noAnimator anchoredPos=(1398.0, -168.0) localPos=(1398.0, -168.0, 0.0) localScale=(1.0, 1.0, 1.0) sizeDelta=(100.0, 56.0) cull=False rendererAlpha=1.00 noMaskAncestor | await2[0] active=False inHierarchy=False alpha=-1.00 text="" animState=hash=0;t=0.00 | await2[1] active=False inHierarchy=False alpha=-1.00 text="" animState=hash=0;t=0.00 | await2[2] active=False inHierarchy=False alpha=-1.00 text="" animState=hash=0;t=0.00 | await2[3] active=False inHierarchy=False alpha=-1.00 text="" animState=hash=0;t=0.00 | await2[4] active=False inHierarchy=False alpha=-1.00 text="" animState=hash=0;t=0.00 | await2[5] active=False inHierarchy=False alpha=-1.00 text="" animState=hash=0;t=0.00 | await2[6] active=False inHierarchy=False alpha=-1.00 text="" animState=hash=0;t=0.00 | await2[7] active=False inHierarchy=False alpha=-1.00 text="" animState=hash=0;t=0.00.
[13:12:36.087] [NocturneModernGameplay] FORGETUI-TMP-TRACE; frame=8355; seq=22; bridgeActive=True; path=Canvas_UI/talkUI/talk01/talk_window/Text01TM; activeSelf=True; activeInHierarchy=True; text="<material="MsgFont3">＞<material="MsgFont3">会心<material="MsgFont3">をあきらめますか？"; selfComponents=[UnityEngine.RectTransform,UnityEngine.CanvasRenderer,ChangeFont,TMPro.TextMeshProUGUI,UnityEngine.Canvas,ChangeFont]; ancestors=(talk_window:[UnityEngine.RectTransform,UnityEngine.CanvasRenderer,UnityEngine.UI.Image] > talk01:[UnityEngine.RectTransform,UnityEngine.CanvasGroup,UnityEngine.Animator,talkUI] > talkUI:[UnityEngine.RectTransform,UnityEngine.Canvas,UnityEngine.CanvasGroup,UiHD] > Canvas_UI:[UnityEngine.RectTransform,UnityEngine.Canvas,UnityEngine.UI.CanvasScaler,UnityEngine.UI.GraphicRaycaster,SteamKeyboard]).
[13:12:36.218] [NocturneModernGameplay] DESTROYCONFIRM-STATE-DIFF; invocation=168; frame=8374; unit=60; stockPtr=0x1653730A210; skillCnt 8->8; flag 0->2; seqCurrent 22->22; seqLast 21->21; seqChange 0->0; defSkillResult 0->0; eventParam 299->299; eventNums 0->0; eventOfs 7->7; pUpResult -1->-1; pUpIndex 2->2; pUpId 299->299; candidateSlot -1->-1; bridgeActive=True; bridgeTarget=299; targetPresent=False.
[13:12:36.218] [NocturneModernGameplay] FORGET-FLAG-CHANGE; frame=8374; seq=22; unit=60; from=0; to=2.
[13:12:36.219] [NocturneModernGameplay] FORGET-TRACE; frame=8374; seq=22; flag=2; unit=60; skillCnt=8; pUpResult=-1; pUpIndex=2; pUpId=299.
[13:12:36.253] [NocturneModernGameplay] DESTROYCONFIRM-STATE-DIFF; invocation=169; frame=8379; unit=60; stockPtr=0x1653730A210; skillCnt 8->8; flag 2->3; seqCurrent 22->22; seqLast 21->21; seqChange 0->0; defSkillResult 0->0; eventParam 299->299; eventNums 0->0; eventOfs 7->7; pUpResult -1->-1; pUpIndex 2->2; pUpId 299->299; candidateSlot -1->-1; bridgeActive=True; bridgeTarget=299; targetPresent=False.
[13:12:36.253] [NocturneModernGameplay] FORGET-FLAG-CHANGE; frame=8379; seq=22; unit=60; from=2; to=3.
[13:12:36.253] [NocturneModernGameplay] FORGET-TRACE; frame=8379; seq=22; flag=3; unit=60; skillCnt=8; pUpResult=-1; pUpIndex=2; pUpId=299.
[13:12:36.490] [Nocturne_Modern_Gameplay] [NocturneModernGameplay] SKILLCUROBJ-CACHE-REFRESH; frame=8413; trackedCount=16; arrayLen=16.
[13:12:36.885] [NocturneModernGameplay] DESTROYCONFIRM-STATE-DIFF; invocation=188; frame=8470; unit=60; stockPtr=0x1653730A210; skillCnt 8->8; flag 3->3; seqCurrent 22->8; seqLast 21->21; seqChange 0->1; defSkillResult 0->0; eventParam 299->299; eventNums 0->0; eventOfs 7->7; pUpResult -1->-1; pUpIndex 2->2; pUpId 299->299; candidateSlot -1->-1; bridgeActive=True; bridgeTarget=299; targetPresent=False.
[13:12:36.885] [NocturneModernGameplay] HANDLEDCANDIDATES-CHECK; frame=8470; unit=60; stockPtr=0x1653730A210; eventParam=299; wouldSuppress=False; firstSeenFrame=8470; framesSinceFirstSeen=0; seqCurrentAfter=8; setSize=2; lifecycleId=NOT-YET-WIRED (rstCreateTargetList boundary not implemented).
[13:12:36.885] [NocturneModernGameplay] FULLCAP-ADDNEW-CANCEL; unit=60; reason=target-not-present-after-forget-flow-exit; finalSkills=[7,412,301,13,1,10,400,180,0,0,0,0,0,0,0,0,0,0,0,0,0,0,0,0]; skillcnt=8; seq=8; pending32After=299; eventNumsAtEnd=0; eventOfsAtEnd=7; defSkillResultAtEnd=0; levelUpCntAtEnd=-1.
[13:12:36.886] [NocturneModernGameplay] DEFAULTSKILL-CROSSCALL-DIFF; unit=60->60; frame=6965->8470; seq=8->8; refObjSame=True; refTableObj 0x16511F8B840->0x16511F8B840; refIndex 12->11; counterObjSame=True; counterObj 0x16537304BE0->0x16537304BE0; counter 0->0; tableBuiltFlag 0->0; stockPtr 0x1653730A210->0x1653730A210; stockFlagsOk=True/True; stockFlags 0x3->0x43; bit0x200 False->False; eventNums 0->0; eventOfs 7->7; rollbackMatchesBit200Theory=False.
[13:12:36.886] [NocturneModernGameplay] DEFAULTSKILL-EXTERNAL-STATE; frame=8470; counterOk=True/True; counter 0->6; counterObj 0x16537304BE0->0x16537304BE0; refOk=True/True; refIndex 11->11; refTableObj 0x16511F8B840->0x16511F8B840; tableBuiltFlag 0->1; obj2 0x1688A82BF00->0x1688A82BF00; gbwkPtr 0x1688A82BF00->0x1688A82BF00; obj2Plus0x60ReadOk=True; obj2Plus0x60=0x1653730A210; matchesGbwkPtr=False; stockFlagsOk=True/True; stockFlags 0x43->0x43; bit0x200 False->False.
[13:12:36.886] [NocturneModernGameplay] DEFAULTSKILL-ITERATOR-CALL; frame=8470; unit=60->60; stockPtr=0x1653730A210; eventParam 299->299; eventNums 0->1; eventOfs 7->7; defSkillResult 0->0; seqCurrent 8->8; seqLast 21->21; flag 3->3; levelUpCnt -1->-1; pUpResult -1->-1; resultEventType=1.
[13:12:36.887] [NocturneModernGameplay] DEFAULTSKILL-CLASSIFICATION-BLOCK; frame=8470; unit=60; stockPtr=0x1653730A210; candidate=349:"息吹の具足"; nativeResult=2; action=FORCE-RESULT-0-ALREADY-HANDLED.
[13:12:36.887] [NocturneModernGameplay] DEFAULTSKILL-EXTERNAL-STATE; frame=8470; counterOk=True/True; counter 6->0; counterObj 0x16537304BE0->0x16537304BE0; refOk=True/True; refIndex 11->12; refTableObj 0x16511F8B840->0x16511F8B840; tableBuiltFlag 1->0; obj2 0x1688A82BF00->0x1688A82BF00; gbwkPtr 0x1688A82BF00->0x1688A82BF00; obj2Plus0x60ReadOk=True; obj2Plus0x60=0x1653730A210; matchesGbwkPtr=False; stockFlagsOk=True/True; stockFlags 0x43->0x43; bit0x200 False->False.
[13:12:36.887] [NocturneModernGameplay] DEFAULTSKILL-ITERATOR-CALL; frame=8470; unit=60->60; stockPtr=0x1653730A210; eventParam 349->349; eventNums 1->0; eventOfs 7->7; defSkillResult 0->0; seqCurrent 8->8; seqLast 21->21; flag 3->3; levelUpCnt -2->-2; pUpResult -1->-1; resultEventType=-1.
[13:12:36.887] [NocturneModernGameplay] CORE-CONSUMPTION; frame=8470; unit=60; stockPtr=0x1653730A210; candidate=349; action=SUPPRESS-REENTRY.
[13:12:36.887] [NocturneModernGameplay] CORE-REENTRY-HANDLED-CHECK; frame=8470; unit=60; stockPtr=0x1653730A210; eventParam=349; action=SUPPRESS-REENTRY; coreResult=0; seq 9->9; pUpId 299->299; pUpIndex 2->2.
[13:12:36.888] [Nocturne_Modern_Gameplay] [NocturneModernGameplay] OPTION-F-DECISION; invocation=3; unit=60; level=11; pUpSkillID=299; pUpSkillName="会心"; rawResult=0; bit6WasSet=True; exclusionObserved=False; exclusionMatched=False; classification=UNKNOWN; repeatMode=Unlimited; mutationChanceMode=Native; powerUpChanceMode=Always; action=ABORTED_INCONSISTENT_OBSERVER; reason=Exclusion observer not observed..
[13:12:36.888] [NocturneModernGameplay] DEFAULTSKILL-CROSSCALL-DIFF; unit=60->60; frame=8470->8470; seq=8->16; refObjSame=True; refTableObj 0x16511F8B840->0x16511F8B840; refIndex 12->11; counterObjSame=True; counterObj 0x16537304BE0->0x16537304BE0; counter 0->0; tableBuiltFlag 0->0; stockPtr 0x1653730A210->0x1653730A210; stockFlagsOk=True/True; stockFlags 0x43->0x43; bit0x200 False->False; eventNums 0->0; eventOfs 7->7; rollbackMatchesBit200Theory=False.
[13:12:36.888] [NocturneModernGameplay] DEFAULTSKILL-EXTERNAL-STATE; frame=8470; counterOk=True/True; counter 0->6; counterObj 0x16537304BE0->0x16537304BE0; refOk=True/True; refIndex 11->11; refTableObj 0x16511F8B840->0x16511F8B840; tableBuiltFlag 0->1; obj2 0x1688A82BF00->0x1688A82BF00; gbwkPtr 0x1688A82BF00->0x1688A82BF00; obj2Plus0x60ReadOk=True; obj2Plus0x60=0x1653730A210; matchesGbwkPtr=False; stockFlagsOk=True/True; stockFlags 0x43->0x43; bit0x200 False->False.
[13:12:36.889] [NocturneModernGameplay] DEFAULTSKILL-ITERATOR-CALL; frame=8470; unit=60->60; stockPtr=0x1653730A210; eventParam 349->349; eventNums 0->1; eventOfs 7->7; defSkillResult 0->0; seqCurrent 16->16; seqLast 21->21; flag 3->3; levelUpCnt -2->-2; pUpResult 0->0; resultEventType=1.
[13:12:36.889] [NocturneModernGameplay] DEFAULTSKILL-EXTERNAL-STATE; frame=8470; counterOk=True/True; counter 6->0; counterObj 0x16537304BE0->0x16537304BE0; refOk=True/True; refIndex 11->12; refTableObj 0x16511F8B840->0x16511F8B840; tableBuiltFlag 1->0; obj2 0x1688A82BF00->0x1688A82BF00; gbwkPtr 0x1688A82BF00->0x1688A82BF00; obj2Plus0x60ReadOk=True; obj2Plus0x60=0x1653730A210; matchesGbwkPtr=False; stockFlagsOk=True/True; stockFlags 0x43->0x43; bit0x200 False->False.
[13:12:36.889] [NocturneModernGameplay] DEFAULTSKILL-ITERATOR-CALL; frame=8470; unit=60->60; stockPtr=0x1653730A210; eventParam 349->349; eventNums 1->0; eventOfs 7->7; defSkillResult 0->0; seqCurrent 16->16; seqLast 21->21; flag 3->3; levelUpCnt -2->-2; pUpResult 0->0; resultEventType=-1.
[13:12:36.889] [NocturneModernGameplay] FORGET-SEQ-CHANGE; frame=8470; unit=103; from=22; to=6.
[13:12:36.890] [NocturneModernGameplay] FORGET-FLAG-CHANGE; frame=8470; seq=6; unit=103; from=3; to=0.
[13:12:36.890] [NocturneModernGameplay] FORGET-PUPSKILL-CHANGE; frame=8470; seq=6; unit=103; pUpResultBefore=-1; pUpResultAfter=0; pUpIndexBefore=2; pUpIndexAfter=2; pUpIdBefore=299; pUpIdAfter=299.
[13:12:36.890] [NocturneModernGameplay] FORGET-SKILLCNT-CHANGE; frame=8470; seq=6; flag=0; unit=103; skillCntBefore=8; skillCntAfter=6; skillsBefore=[7,412,301,13,1,10,400,180,0,0,0,0,0,0,0,0,0,0,0,0,0,0,0,0]; skillsAfter=[111,59,409,7,43,290,0,0,0,0,0,0,0,0,0,0,0,0,0,0,0,0,0,0].
[13:12:36.890] [NocturneModernGameplay] FORGET-TRACE; frame=8470; seq=6; flag=0; unit=103; skillCnt=6; pUpResult=0; pUpIndex=2; pUpId=299.
[13:12:36.890] [NocturneModernGameplay] RSTCALC-HANDLED-RECLASSIFY; frame=8470; unit=60; stockPtr=0x1653730A210; eventParam 299->349; handled True->False; defSkillResult 0->0; eventNums 0->0; eventOfs 7->7; levelUpCnt -1->1; seqCurrent 8->6; seqLast 21->21; seqChange 1->0; pUpSkillResult -1->0; RECLASSIFY-EVENT=False.
[13:12:36.891] [NocturneModernGameplay] HIDDEN9THGATE-HIT; frame=8469; seq=22; bridgeActive=True; unit=60; checkpoint=1:gate4Pass(chainC!=null).
[13:12:36.919] [NocturneModernGameplay] REFINDEX-FRAME-CHANGE; frame=8475; unit=103; refTableObjSame=True; refTableObj 0x16511F8B840->0x16511F8B840; refIndex 11->12; seqCurrent=6; seqLast=21; seqChange=0; eventNums=0; eventOfs=7; eventParam=349; defSkillResult=0; flag=0; pUpSkillResult=0.
[13:12:36.920] [NocturneModernGameplay] HIDDEN9THGATE-HIT; frame=8474; seq=6; bridgeActive=False; unit=103; checkpoint=1:gate4Pass(chainC!=null).
[13:12:36.956] [NocturneModernGameplay] HIDDEN9THGATE-HIT; frame=8479; seq=6; bridgeActive=False; unit=103; checkpoint=1:gate4Pass(chainC!=null).
[13:12:36.989] [NocturneModernGameplay] FORGET-FLAG-CHANGE; frame=8485; seq=6; unit=103; from=0; to=3.
[13:12:36.989] [NocturneModernGameplay] FORGET-TRACE; frame=8485; seq=6; flag=3; unit=103; skillCnt=6; pUpResult=0; pUpIndex=2; pUpId=299.
[13:12:36.989] [NocturneModernGameplay] HIDDEN9THGATE-HIT; frame=8484; seq=6; bridgeActive=False; unit=103; checkpoint=1:gate4Pass(chainC!=null).
[13:12:37.024] [NocturneModernGameplay] HIDDEN9THGATE-HIT; frame=8489; seq=6; bridgeActive=False; unit=103; checkpoint=1:gate4Pass(chainC!=null).
[13:12:37.051] [NocturneModernGameplay] HIDDEN9THGATE-HIT; frame=8493; seq=6; bridgeActive=False; unit=103; checkpoint=1:gate4Pass(chainC!=null).
[13:12:37.086] [NocturneModernGameplay] HIDDEN9THGATE-HIT; frame=8498; seq=6; bridgeActive=False; unit=103; checkpoint=1:gate4Pass(chainC!=null).
[13:12:37.121] [NocturneModernGameplay] HIDDEN9THGATE-HIT; frame=8503; seq=6; bridgeActive=False; unit=103; checkpoint=1:gate4Pass(chainC!=null).
[13:12:37.156] [NocturneModernGameplay] HIDDEN9THGATE-HIT; frame=8508; seq=6; bridgeActive=False; unit=103; checkpoint=1:gate4Pass(chainC!=null).
[13:12:37.190] [NocturneModernGameplay] HIDDEN9THGATE-HIT; frame=8513; seq=6; bridgeActive=False; unit=103; checkpoint=1:gate4Pass(chainC!=null).
[13:12:37.218] [NocturneModernGameplay] HIDDEN9THGATE-HIT; frame=8517; seq=6; bridgeActive=False; unit=103; checkpoint=1:gate4Pass(chainC!=null).
[13:12:37.253] [NocturneModernGameplay] HIDDEN9THGATE-HIT; frame=8522; seq=6; bridgeActive=False; unit=103; checkpoint=1:gate4Pass(chainC!=null).
[13:12:37.288] [NocturneModernGameplay] HIDDEN9THGATE-HIT; frame=8527; seq=6; bridgeActive=False; unit=103; checkpoint=1:gate4Pass(chainC!=null).
[13:12:37.322] [NocturneModernGameplay] HIDDEN9THGATE-HIT; frame=8532; seq=6; bridgeActive=False; unit=103; checkpoint=1:gate4Pass(chainC!=null).
[13:12:37.357] [NocturneModernGameplay] HIDDEN9THGATE-HIT; frame=8537; seq=6; bridgeActive=False; unit=103; checkpoint=1:gate4Pass(chainC!=null).
[13:12:37.385] [NocturneModernGameplay] HIDDEN9THGATE-HIT; frame=8541; seq=6; bridgeActive=False; unit=103; checkpoint=1:gate4Pass(chainC!=null).
[13:12:37.420] [NocturneModernGameplay] HIDDEN9THGATE-HIT; frame=8546; seq=6; bridgeActive=False; unit=103; checkpoint=1:gate4Pass(chainC!=null).
[13:12:37.454] [NocturneModernGameplay] HIDDEN9THGATE-HIT; frame=8551; seq=6; bridgeActive=False; unit=103; checkpoint=1:gate4Pass(chainC!=null).
[13:12:37.489] [NocturneModernGameplay] HIDDEN9THGATE-HIT; frame=8556; seq=6; bridgeActive=False; unit=103; checkpoint=1:gate4Pass(chainC!=null).
[13:12:37.524] [NocturneModernGameplay] HIDDEN9THGATE-HIT; frame=8561; seq=6; bridgeActive=False; unit=103; checkpoint=1:gate4Pass(chainC!=null).
[13:12:37.551] [NocturneModernGameplay] DEFAULTSKILL-CROSSCALL-DIFF; unit=60->103; frame=8470->8566; seq=16->8; refObjSame=True; refTableObj 0x16511F8B840->0x16511F8B840; refIndex 12->11; counterObjSame=True; counterObj 0x16537304BE0->0x16537304BE0; counter 0->0; tableBuiltFlag 0->0; stockPtr 0x1653730A210->0x1653730A160; stockFlagsOk=True/True; stockFlags 0x43->0x3; bit0x200 False->False; eventNums 0->0; eventOfs 7->7; rollbackMatchesBit200Theory=False.
[13:12:37.551] [NocturneModernGameplay] DEFAULTSKILL-EXTERNAL-STATE; frame=8566; counterOk=True/True; counter 0->5; counterObj 0x16537304BE0->0x16537304BE0; refOk=True/True; refIndex 11->11; refTableObj 0x16511F8B840->0x16511F8B840; tableBuiltFlag 0->1; obj2 0x1688A82BF00->0x1688A82BF00; gbwkPtr 0x1688A82BF00->0x1688A82BF00; obj2Plus0x60ReadOk=True; obj2Plus0x60=0x1653730A160; matchesGbwkPtr=False; stockFlagsOk=True/True; stockFlags 0x3->0x3; bit0x200 False->False.
[13:12:37.552] [NocturneModernGameplay] DEFAULTSKILL-ITERATOR-CALL; frame=8566; unit=103->103; stockPtr=0x1653730A160; eventParam 349->349; eventNums 0->1; eventOfs 7->6; defSkillResult 0->0; seqCurrent 8->8; seqLast 6->6; flag 3->3; levelUpCnt 1->1; pUpResult 0->0; resultEventType=1.
[13:12:37.552] [NocturneModernGameplay] FORGET-SEQ-CHANGE; frame=8566; unit=103; from=6; to=8.
[13:12:37.552] [NocturneModernGameplay] FORGET-TRACE; frame=8566; seq=8; flag=3; unit=103; skillCnt=6; pUpResult=0; pUpIndex=2; pUpId=299.
[13:12:37.553] [NocturneModernGameplay] HIDDEN9THGATE-HIT; frame=8565; seq=6; bridgeActive=False; unit=103; checkpoint=1:gate4Pass(chainC!=null).
[13:12:37.586] [NocturneModernGameplay] REFINDEX-FRAME-CHANGE; frame=8571; unit=103; refTableObjSame=True; refTableObj 0x16511F8B840->0x16511F8B840; refIndex 12->11; seqCurrent=8; seqLast=6; seqChange=0; eventNums=1; eventOfs=6; eventParam=60; defSkillResult=1; flag=3; pUpSkillResult=0.
[13:12:37.586] [NocturneModernGameplay] HIDDEN9THGATE-HIT; frame=8570; seq=8; bridgeActive=False; unit=103; checkpoint=1:gate4Pass(chainC!=null).
[13:12:37.621] [NocturneModernGameplay] HIDDEN9THGATE-HIT; frame=8575; seq=8; bridgeActive=False; unit=103; checkpoint=1:gate4Pass(chainC!=null).
[13:12:37.834] [NocturneModernGameplay] HIDDEN9THGATE-HIT; frame=8580; seq=8; bridgeActive=False; unit=103; checkpoint=1:gate4Pass(chainC!=null).
[13:12:37.837] [NocturneModernGameplay] HIDDEN9THGATE-HIT; frame=8581; seq=8; bridgeActive=False; unit=103; checkpoint=1:gate4Pass(chainC!=null).
[13:12:37.869] [NocturneModernGameplay] HIDDEN9THGATE-HIT; frame=8587; seq=8; bridgeActive=False; unit=103; checkpoint=1:gate4Pass(chainC!=null).
[13:12:37.904] [NocturneModernGameplay] HIDDEN9THGATE-HIT; frame=8592; seq=8; bridgeActive=False; unit=103; checkpoint=1:gate4Pass(chainC!=null).
[13:12:37.939] [NocturneModernGameplay] HIDDEN9THGATE-HIT; frame=8597; seq=8; bridgeActive=False; unit=103; checkpoint=1:gate4Pass(chainC!=null).
[13:12:37.967] [NocturneModernGameplay] HIDDEN9THGATE-HIT; frame=8601; seq=8; bridgeActive=False; unit=103; checkpoint=1:gate4Pass(chainC!=null).
[13:12:38.001] [NocturneModernGameplay] HIDDEN9THGATE-HIT; frame=8606; seq=8; bridgeActive=False; unit=103; checkpoint=1:gate4Pass(chainC!=null).
[13:12:38.036] [NocturneModernGameplay] HIDDEN9THGATE-HIT; frame=8611; seq=8; bridgeActive=False; unit=103; checkpoint=1:gate4Pass(chainC!=null).
[13:12:38.071] [NocturneModernGameplay] HIDDEN9THGATE-HIT; frame=8616; seq=8; bridgeActive=False; unit=103; checkpoint=1:gate4Pass(chainC!=null).
[13:12:38.106] [NocturneModernGameplay] HIDDEN9THGATE-HIT; frame=8621; seq=8; bridgeActive=False; unit=103; checkpoint=1:gate4Pass(chainC!=null).
[13:12:38.133] [NocturneModernGameplay] HIDDEN9THGATE-HIT; frame=8625; seq=8; bridgeActive=False; unit=103; checkpoint=1:gate4Pass(chainC!=null).
[13:12:38.168] [NocturneModernGameplay] HIDDEN9THGATE-HIT; frame=8630; seq=8; bridgeActive=False; unit=103; checkpoint=1:gate4Pass(chainC!=null).
[13:12:38.203] [NocturneModernGameplay] HIDDEN9THGATE-HIT; frame=8635; seq=8; bridgeActive=False; unit=103; checkpoint=1:gate4Pass(chainC!=null).
[13:12:38.238] [NocturneModernGameplay] HIDDEN9THGATE-HIT; frame=8640; seq=8; bridgeActive=False; unit=103; checkpoint=1:gate4Pass(chainC!=null).
[13:12:38.272] [NocturneModernGameplay] HIDDEN9THGATE-HIT; frame=8645; seq=8; bridgeActive=False; unit=103; checkpoint=1:gate4Pass(chainC!=null).
[13:12:38.300] [NocturneModernGameplay] HIDDEN9THGATE-HIT; frame=8649; seq=8; bridgeActive=False; unit=103; checkpoint=1:gate4Pass(chainC!=null).
[13:12:38.335] [NocturneModernGameplay] HIDDEN9THGATE-HIT; frame=8654; seq=8; bridgeActive=False; unit=103; checkpoint=1:gate4Pass(chainC!=null).
[13:12:38.370] [NocturneModernGameplay] HIDDEN9THGATE-HIT; frame=8659; seq=8; bridgeActive=False; unit=103; checkpoint=1:gate4Pass(chainC!=null).
[13:12:38.404] [NocturneModernGameplay] HIDDEN9THGATE-HIT; frame=8664; seq=8; bridgeActive=False; unit=103; checkpoint=1:gate4Pass(chainC!=null).
[13:12:38.439] [NocturneModernGameplay] HIDDEN9THGATE-HIT; frame=8669; seq=8; bridgeActive=False; unit=103; checkpoint=1:gate4Pass(chainC!=null).
[13:12:38.466] [NocturneModernGameplay] DEFAULTSKILL-EXTERNAL-STATE; frame=8674; counterOk=True/True; counter 5->0; counterObj 0x16537304BE0->0x16537304BE0; refOk=True/True; refIndex 11->12; refTableObj 0x16511F8B840->0x16511F8B840; tableBuiltFlag 1->0; obj2 0x1688A82BF00->0x1688A82BF00; gbwkPtr 0x1688A82BF00->0x1688A82BF00; obj2Plus0x60ReadOk=True; obj2Plus0x60=0x1653730A160; matchesGbwkPtr=False; stockFlagsOk=True/True; stockFlags 0x3->0x3; bit0x200 False->False.
[13:12:38.467] [NocturneModernGameplay] DEFAULTSKILL-ITERATOR-CALL; frame=8674; unit=103->103; stockPtr=0x1653730A160; eventParam 60->60; eventNums 1->0; eventOfs 6->6; defSkillResult 1->1; seqCurrent 8->8; seqLast 8->8; flag 3->3; levelUpCnt 0->0; pUpResult 0->0; resultEventType=-1.
[13:12:38.467] [NocturneModernGameplay] MUTATION-VALID-CANDIDATES; frame=8674 unit=103 original=290 nativeResult=61 candidateCount=227 validCount=23 validCandidates=[4,10,16,22,28,32,47,48,61,65,71,97,113,115,205,293,320,321,322,385,392,396,400] rejectedOwned=7 rejectedEligibility=28 rejectedSameSkill=0 rejectedGrade=169.
[13:12:38.467] [NocturneModernGameplay] CORE-REENTRY-HANDLED-CHECK; frame=8674; unit=103; stockPtr=0x1653730A160; eventParam=60; action=PASSTHROUGH-NOT-HANDLED; coreResult=2; seq 9->9; pUpId 299->61; pUpIndex 2->5.
[13:12:38.467] [NocturneModernGameplay] SkillPowerUpChance Always priority applied; unit=103 frame=8674 restoredSkillId=291.
[13:12:38.468] [NocturneModernGameplay] FORGET-SEQ-CHANGE; frame=8674; unit=103; from=8; to=10.
[13:12:38.468] [NocturneModernGameplay] FORGET-FLAG-CHANGE; frame=8674; seq=10; unit=103; from=3; to=0.
[13:12:38.468] [NocturneModernGameplay] FORGET-PUPSKILL-CHANGE; frame=8674; seq=10; unit=103; pUpResultBefore=0; pUpResultAfter=1; pUpIndexBefore=2; pUpIndexAfter=5; pUpIdBefore=299; pUpIdAfter=291.
[13:12:38.468] [NocturneModernGameplay] FORGET-SKILLCNT-CHANGE; frame=8674; seq=10; flag=0; unit=103; skillCntBefore=6; skillCntAfter=7; skillsBefore=[111,59,409,7,43,290,0,0,0,0,0,0,0,0,0,0,0,0,0,0,0,0,0,0]; skillsAfter=[111,59,409,7,43,290,60,0,0,0,0,0,0,0,0,0,0,0,0,0,0,0,0,0].
[13:12:38.469] [NocturneModernGameplay] FORGET-TRACE; frame=8674; seq=10; flag=0; unit=103; skillCnt=7; pUpResult=1; pUpIndex=5; pUpId=291.
[13:12:38.501] [NocturneModernGameplay] ADDNEW-POC-BEGIN; invocation=73; unit=103; originalIndex=5; emptySlot=7; skillCnt=7; source=290:"一分の活泉"; target=291:"二分の活泉"; skillsBefore=[111,59,409,7,43,290,60,0,0,0,0,0,0,0,0,0,0,0,0,0,0,0,0,0].
[13:12:38.502] [NocturneModernGameplay] ADDNEW-POC-END; invocation=73; unit=103; skillsAfter=[111,59,409,7,43,290,60,0,0,0,0,0,0,0,0,0,0,0,0,0,0,0,0,0]; sourcePreserved=True; targetAtEmptySlot=False; skillCntCurrent=7; pUpSkillIndexBeforeRestore=7.
[13:12:38.502] [NocturneModernGameplay] ADDNEW-POC-NO-COMMIT; invocation=73; unit=103; reason=target-not-written.
[13:12:38.536] [NocturneModernGameplay] ADDNEW-POC-BEGIN; invocation=74; unit=103; originalIndex=5; emptySlot=7; skillCnt=7; source=290:"一分の活泉"; target=291:"二分の活泉"; skillsBefore=[111,59,409,7,43,290,60,0,0,0,0,0,0,0,0,0,0,0,0,0,0,0,0,0].
[13:12:38.536] [NocturneModernGameplay] ADDNEW-POC-END; invocation=74; unit=103; skillsAfter=[111,59,409,7,43,290,60,0,0,0,0,0,0,0,0,0,0,0,0,0,0,0,0,0]; sourcePreserved=True; targetAtEmptySlot=False; skillCntCurrent=7; pUpSkillIndexBeforeRestore=7.
[13:12:38.536] [NocturneModernGameplay] ADDNEW-POC-NO-COMMIT; invocation=74; unit=103; reason=target-not-written.
[13:12:38.570] [NocturneModernGameplay] ADDNEW-POC-BEGIN; invocation=75; unit=103; originalIndex=5; emptySlot=7; skillCnt=7; source=290:"一分の活泉"; target=291:"二分の活泉"; skillsBefore=[111,59,409,7,43,290,60,0,0,0,0,0,0,0,0,0,0,0,0,0,0,0,0,0].
[13:12:38.571] [NocturneModernGameplay] ADDNEW-POC-END; invocation=75; unit=103; skillsAfter=[111,59,409,7,43,290,60,0,0,0,0,0,0,0,0,0,0,0,0,0,0,0,0,0]; sourcePreserved=True; targetAtEmptySlot=False; skillCntCurrent=7; pUpSkillIndexBeforeRestore=7.
[13:12:38.571] [NocturneModernGameplay] ADDNEW-POC-NO-COMMIT; invocation=75; unit=103; reason=target-not-written.
[13:12:38.605] [NocturneModernGameplay] ADDNEW-POC-BEGIN; invocation=76; unit=103; originalIndex=5; emptySlot=7; skillCnt=7; source=290:"一分の活泉"; target=291:"二分の活泉"; skillsBefore=[111,59,409,7,43,290,60,0,0,0,0,0,0,0,0,0,0,0,0,0,0,0,0,0].
[13:12:38.605] [NocturneModernGameplay] ADDNEW-POC-END; invocation=76; unit=103; skillsAfter=[111,59,409,7,43,290,60,0,0,0,0,0,0,0,0,0,0,0,0,0,0,0,0,0]; sourcePreserved=True; targetAtEmptySlot=False; skillCntCurrent=7; pUpSkillIndexBeforeRestore=7.
[13:12:38.606] [NocturneModernGameplay] ADDNEW-POC-NO-COMMIT; invocation=76; unit=103; reason=target-not-written.
[13:12:38.633] [NocturneModernGameplay] ADDNEW-POC-BEGIN; invocation=77; unit=103; originalIndex=5; emptySlot=7; skillCnt=7; source=290:"一分の活泉"; target=291:"二分の活泉"; skillsBefore=[111,59,409,7,43,290,60,0,0,0,0,0,0,0,0,0,0,0,0,0,0,0,0,0].
[13:12:38.633] [NocturneModernGameplay] ADDNEW-POC-END; invocation=77; unit=103; skillsAfter=[111,59,409,7,43,290,60,0,0,0,0,0,0,0,0,0,0,0,0,0,0,0,0,0]; sourcePreserved=True; targetAtEmptySlot=False; skillCntCurrent=7; pUpSkillIndexBeforeRestore=7.
[13:12:38.633] [NocturneModernGameplay] ADDNEW-POC-NO-COMMIT; invocation=77; unit=103; reason=target-not-written.
[13:12:38.668] [NocturneModernGameplay] ADDNEW-POC-BEGIN; invocation=78; unit=103; originalIndex=5; emptySlot=7; skillCnt=7; source=290:"一分の活泉"; target=291:"二分の活泉"; skillsBefore=[111,59,409,7,43,290,60,0,0,0,0,0,0,0,0,0,0,0,0,0,0,0,0,0].
[13:12:38.668] [NocturneModernGameplay] ADDNEW-POC-END; invocation=78; unit=103; skillsAfter=[111,59,409,7,43,290,60,0,0,0,0,0,0,0,0,0,0,0,0,0,0,0,0,0]; sourcePreserved=True; targetAtEmptySlot=False; skillCntCurrent=7; pUpSkillIndexBeforeRestore=7.
[13:12:38.668] [NocturneModernGameplay] ADDNEW-POC-NO-COMMIT; invocation=78; unit=103; reason=target-not-written.
[13:12:38.702] [NocturneModernGameplay] ADDNEW-POC-BEGIN; invocation=79; unit=103; originalIndex=5; emptySlot=7; skillCnt=7; source=290:"一分の活泉"; target=291:"二分の活泉"; skillsBefore=[111,59,409,7,43,290,60,0,0,0,0,0,0,0,0,0,0,0,0,0,0,0,0,0].
[13:12:38.703] [NocturneModernGameplay] ADDNEW-POC-END; invocation=79; unit=103; skillsAfter=[111,59,409,7,43,290,60,0,0,0,0,0,0,0,0,0,0,0,0,0,0,0,0,0]; sourcePreserved=True; targetAtEmptySlot=False; skillCntCurrent=7; pUpSkillIndexBeforeRestore=7.
[13:12:38.703] [NocturneModernGameplay] ADDNEW-POC-NO-COMMIT; invocation=79; unit=103; reason=target-not-written.
[13:12:38.737] [NocturneModernGameplay] ADDNEW-POC-BEGIN; invocation=80; unit=103; originalIndex=5; emptySlot=7; skillCnt=7; source=290:"一分の活泉"; target=291:"二分の活泉"; skillsBefore=[111,59,409,7,43,290,60,0,0,0,0,0,0,0,0,0,0,0,0,0,0,0,0,0].
[13:12:38.738] [NocturneModernGameplay] ADDNEW-POC-END; invocation=80; unit=103; skillsAfter=[111,59,409,7,43,290,60,0,0,0,0,0,0,0,0,0,0,0,0,0,0,0,0,0]; sourcePreserved=True; targetAtEmptySlot=False; skillCntCurrent=7; pUpSkillIndexBeforeRestore=7.
[13:12:38.739] [NocturneModernGameplay] ADDNEW-POC-NO-COMMIT; invocation=80; unit=103; reason=target-not-written.
[13:12:38.740] [Nocturne_Modern_Gameplay] [NocturneModernGameplay] SKILLCUROBJ-CACHE-REFRESH; frame=8713; trackedCount=16; arrayLen=16.
[13:12:38.772] [NocturneModernGameplay] ADDNEW-POC-BEGIN; invocation=81; unit=103; originalIndex=5; emptySlot=7; skillCnt=7; source=290:"一分の活泉"; target=291:"二分の活泉"; skillsBefore=[111,59,409,7,43,290,60,0,0,0,0,0,0,0,0,0,0,0,0,0,0,0,0,0].
[13:12:38.772] [NocturneModernGameplay] ADDNEW-POC-END; invocation=81; unit=103; skillsAfter=[111,59,409,7,43,290,60,0,0,0,0,0,0,0,0,0,0,0,0,0,0,0,0,0]; sourcePreserved=True; targetAtEmptySlot=False; skillCntCurrent=7; pUpSkillIndexBeforeRestore=7.
[13:12:38.772] [NocturneModernGameplay] ADDNEW-POC-NO-COMMIT; invocation=81; unit=103; reason=target-not-written.
[13:12:38.800] [NocturneModernGameplay] ADDNEW-POC-BEGIN; invocation=82; unit=103; originalIndex=5; emptySlot=7; skillCnt=7; source=290:"一分の活泉"; target=291:"二分の活泉"; skillsBefore=[111,59,409,7,43,290,60,0,0,0,0,0,0,0,0,0,0,0,0,0,0,0,0,0].
[13:12:38.800] [NocturneModernGameplay] ADDNEW-POC-END; invocation=82; unit=103; skillsAfter=[111,59,409,7,43,290,60,0,0,0,0,0,0,0,0,0,0,0,0,0,0,0,0,0]; sourcePreserved=True; targetAtEmptySlot=False; skillCntCurrent=7; pUpSkillIndexBeforeRestore=7.
[13:12:38.800] [NocturneModernGameplay] ADDNEW-POC-NO-COMMIT; invocation=82; unit=103; reason=target-not-written.
[13:12:38.834] [NocturneModernGameplay] ADDNEW-POC-BEGIN; invocation=83; unit=103; originalIndex=5; emptySlot=7; skillCnt=7; source=290:"一分の活泉"; target=291:"二分の活泉"; skillsBefore=[111,59,409,7,43,290,60,0,0,0,0,0,0,0,0,0,0,0,0,0,0,0,0,0].
[13:12:38.835] [NocturneModernGameplay] ADDNEW-POC-END; invocation=83; unit=103; skillsAfter=[111,59,409,7,43,290,60,0,0,0,0,0,0,0,0,0,0,0,0,0,0,0,0,0]; sourcePreserved=True; targetAtEmptySlot=False; skillCntCurrent=7; pUpSkillIndexBeforeRestore=7.
[13:12:38.835] [NocturneModernGameplay] ADDNEW-POC-NO-COMMIT; invocation=83; unit=103; reason=target-not-written.
[13:12:38.869] [NocturneModernGameplay] ADDNEW-POC-BEGIN; invocation=84; unit=103; originalIndex=5; emptySlot=7; skillCnt=7; source=290:"一分の活泉"; target=291:"二分の活泉"; skillsBefore=[111,59,409,7,43,290,60,0,0,0,0,0,0,0,0,0,0,0,0,0,0,0,0,0].
[13:12:38.869] [NocturneModernGameplay] ADDNEW-POC-END; invocation=84; unit=103; skillsAfter=[111,59,409,7,43,290,60,0,0,0,0,0,0,0,0,0,0,0,0,0,0,0,0,0]; sourcePreserved=True; targetAtEmptySlot=False; skillCntCurrent=7; pUpSkillIndexBeforeRestore=7.
[13:12:38.870] [NocturneModernGameplay] ADDNEW-POC-NO-COMMIT; invocation=84; unit=103; reason=target-not-written.
[13:12:38.904] [NocturneModernGameplay] ADDNEW-POC-BEGIN; invocation=85; unit=103; originalIndex=5; emptySlot=7; skillCnt=7; source=290:"一分の活泉"; target=291:"二分の活泉"; skillsBefore=[111,59,409,7,43,290,60,0,0,0,0,0,0,0,0,0,0,0,0,0,0,0,0,0].
[13:12:38.904] [NocturneModernGameplay] ADDNEW-POC-END; invocation=85; unit=103; skillsAfter=[111,59,409,7,43,290,60,0,0,0,0,0,0,0,0,0,0,0,0,0,0,0,0,0]; sourcePreserved=True; targetAtEmptySlot=False; skillCntCurrent=7; pUpSkillIndexBeforeRestore=7.
[13:12:38.904] [NocturneModernGameplay] ADDNEW-POC-NO-COMMIT; invocation=85; unit=103; reason=target-not-written.
[13:12:38.938] [NocturneModernGameplay] ADDNEW-POC-BEGIN; invocation=86; unit=103; originalIndex=5; emptySlot=7; skillCnt=7; source=290:"一分の活泉"; target=291:"二分の活泉"; skillsBefore=[111,59,409,7,43,290,60,0,0,0,0,0,0,0,0,0,0,0,0,0,0,0,0,0].
[13:12:38.939] [NocturneModernGameplay] ADDNEW-POC-END; invocation=86; unit=103; skillsAfter=[111,59,409,7,43,290,60,0,0,0,0,0,0,0,0,0,0,0,0,0,0,0,0,0]; sourcePreserved=True; targetAtEmptySlot=False; skillCntCurrent=7; pUpSkillIndexBeforeRestore=7.
[13:12:38.939] [NocturneModernGameplay] ADDNEW-POC-NO-COMMIT; invocation=86; unit=103; reason=target-not-written.
[13:12:38.966] [NocturneModernGameplay] ADDNEW-POC-BEGIN; invocation=87; unit=103; originalIndex=5; emptySlot=7; skillCnt=7; source=290:"一分の活泉"; target=291:"二分の活泉"; skillsBefore=[111,59,409,7,43,290,60,0,0,0,0,0,0,0,0,0,0,0,0,0,0,0,0,0].
[13:12:38.966] [NocturneModernGameplay] ADDNEW-POC-END; invocation=87; unit=103; skillsAfter=[111,59,409,7,43,290,60,0,0,0,0,0,0,0,0,0,0,0,0,0,0,0,0,0]; sourcePreserved=True; targetAtEmptySlot=False; skillCntCurrent=7; pUpSkillIndexBeforeRestore=7.
[13:12:38.967] [NocturneModernGameplay] ADDNEW-POC-NO-COMMIT; invocation=87; unit=103; reason=target-not-written.
[13:12:39.001] [NocturneModernGameplay] ADDNEW-POC-BEGIN; invocation=88; unit=103; originalIndex=5; emptySlot=7; skillCnt=7; source=290:"一分の活泉"; target=291:"二分の活泉"; skillsBefore=[111,59,409,7,43,290,60,0,0,0,0,0,0,0,0,0,0,0,0,0,0,0,0,0].
[13:12:39.001] [NocturneModernGameplay] ADDNEW-POC-END; invocation=88; unit=103; skillsAfter=[111,59,409,7,43,290,60,0,0,0,0,0,0,0,0,0,0,0,0,0,0,0,0,0]; sourcePreserved=True; targetAtEmptySlot=False; skillCntCurrent=7; pUpSkillIndexBeforeRestore=7.
[13:12:39.002] [NocturneModernGameplay] ADDNEW-POC-NO-COMMIT; invocation=88; unit=103; reason=target-not-written.
[13:12:39.036] [NocturneModernGameplay] ADDNEW-POC-BEGIN; invocation=89; unit=103; originalIndex=5; emptySlot=7; skillCnt=7; source=290:"一分の活泉"; target=291:"二分の活泉"; skillsBefore=[111,59,409,7,43,290,60,0,0,0,0,0,0,0,0,0,0,0,0,0,0,0,0,0].
[13:12:39.036] [NocturneModernGameplay] ADDNEW-POC-END; invocation=89; unit=103; skillsAfter=[111,59,409,7,43,290,60,0,0,0,0,0,0,0,0,0,0,0,0,0,0,0,0,0]; sourcePreserved=True; targetAtEmptySlot=False; skillCntCurrent=7; pUpSkillIndexBeforeRestore=7.
[13:12:39.036] [NocturneModernGameplay] ADDNEW-POC-NO-COMMIT; invocation=89; unit=103; reason=target-not-written.
[13:12:39.070] [NocturneModernGameplay] ADDNEW-POC-BEGIN; invocation=90; unit=103; originalIndex=5; emptySlot=7; skillCnt=7; source=290:"一分の活泉"; target=291:"二分の活泉"; skillsBefore=[111,59,409,7,43,290,60,0,0,0,0,0,0,0,0,0,0,0,0,0,0,0,0,0].
[13:12:39.071] [NocturneModernGameplay] ADDNEW-POC-END; invocation=90; unit=103; skillsAfter=[111,59,409,7,43,290,60,0,0,0,0,0,0,0,0,0,0,0,0,0,0,0,0,0]; sourcePreserved=True; targetAtEmptySlot=False; skillCntCurrent=7; pUpSkillIndexBeforeRestore=7.
[13:12:39.071] [NocturneModernGameplay] ADDNEW-POC-NO-COMMIT; invocation=90; unit=103; reason=target-not-written.
[13:12:39.105] [NocturneModernGameplay] ADDNEW-POC-BEGIN; invocation=91; unit=103; originalIndex=5; emptySlot=7; skillCnt=7; source=290:"一分の活泉"; target=291:"二分の活泉"; skillsBefore=[111,59,409,7,43,290,60,0,0,0,0,0,0,0,0,0,0,0,0,0,0,0,0,0].
[13:12:39.105] [NocturneModernGameplay] ADDNEW-POC-END; invocation=91; unit=103; skillsAfter=[111,59,409,7,43,290,60,0,0,0,0,0,0,0,0,0,0,0,0,0,0,0,0,0]; sourcePreserved=True; targetAtEmptySlot=False; skillCntCurrent=7; pUpSkillIndexBeforeRestore=7.
[13:12:39.105] [NocturneModernGameplay] ADDNEW-POC-NO-COMMIT; invocation=91; unit=103; reason=target-not-written.
[13:12:39.133] [NocturneModernGameplay] ADDNEW-POC-BEGIN; invocation=92; unit=103; originalIndex=5; emptySlot=7; skillCnt=7; source=290:"一分の活泉"; target=291:"二分の活泉"; skillsBefore=[111,59,409,7,43,290,60,0,0,0,0,0,0,0,0,0,0,0,0,0,0,0,0,0].
[13:12:39.133] [NocturneModernGameplay] ADDNEW-POC-END; invocation=92; unit=103; skillsAfter=[111,59,409,7,43,290,60,0,0,0,0,0,0,0,0,0,0,0,0,0,0,0,0,0]; sourcePreserved=True; targetAtEmptySlot=False; skillCntCurrent=7; pUpSkillIndexBeforeRestore=7.
[13:12:39.134] [NocturneModernGameplay] ADDNEW-POC-NO-COMMIT; invocation=92; unit=103; reason=target-not-written.
[13:12:39.168] [NocturneModernGameplay] ADDNEW-POC-BEGIN; invocation=93; unit=103; originalIndex=5; emptySlot=7; skillCnt=7; source=290:"一分の活泉"; target=291:"二分の活泉"; skillsBefore=[111,59,409,7,43,290,60,0,0,0,0,0,0,0,0,0,0,0,0,0,0,0,0,0].
[13:12:39.168] [NocturneModernGameplay] ADDNEW-POC-END; invocation=93; unit=103; skillsAfter=[111,59,409,7,43,290,60,0,0,0,0,0,0,0,0,0,0,0,0,0,0,0,0,0]; sourcePreserved=True; targetAtEmptySlot=False; skillCntCurrent=7; pUpSkillIndexBeforeRestore=7.
[13:12:39.168] [NocturneModernGameplay] ADDNEW-POC-NO-COMMIT; invocation=93; unit=103; reason=target-not-written.
[13:12:39.202] [NocturneModernGameplay] ADDNEW-POC-BEGIN; invocation=94; unit=103; originalIndex=5; emptySlot=7; skillCnt=7; source=290:"一分の活泉"; target=291:"二分の活泉"; skillsBefore=[111,59,409,7,43,290,60,0,0,0,0,0,0,0,0,0,0,0,0,0,0,0,0,0].
[13:12:39.202] [NocturneModernGameplay] ADDNEW-POC-END; invocation=94; unit=103; skillsAfter=[111,59,409,7,43,290,60,0,0,0,0,0,0,0,0,0,0,0,0,0,0,0,0,0]; sourcePreserved=True; targetAtEmptySlot=False; skillCntCurrent=7; pUpSkillIndexBeforeRestore=7.
[13:12:39.203] [NocturneModernGameplay] ADDNEW-POC-NO-COMMIT; invocation=94; unit=103; reason=target-not-written.
[13:12:39.237] [NocturneModernGameplay] ADDNEW-POC-BEGIN; invocation=95; unit=103; originalIndex=5; emptySlot=7; skillCnt=7; source=290:"一分の活泉"; target=291:"二分の活泉"; skillsBefore=[111,59,409,7,43,290,60,0,0,0,0,0,0,0,0,0,0,0,0,0,0,0,0,0].
[13:12:39.237] [NocturneModernGameplay] ADDNEW-POC-END; invocation=95; unit=103; skillsAfter=[111,59,409,7,43,290,60,0,0,0,0,0,0,0,0,0,0,0,0,0,0,0,0,0]; sourcePreserved=True; targetAtEmptySlot=False; skillCntCurrent=7; pUpSkillIndexBeforeRestore=7.
[13:12:39.238] [NocturneModernGameplay] ADDNEW-POC-NO-COMMIT; invocation=95; unit=103; reason=target-not-written.
[13:12:39.272] [NocturneModernGameplay] ADDNEW-POC-BEGIN; invocation=96; unit=103; originalIndex=5; emptySlot=7; skillCnt=7; source=290:"一分の活泉"; target=291:"二分の活泉"; skillsBefore=[111,59,409,7,43,290,60,0,0,0,0,0,0,0,0,0,0,0,0,0,0,0,0,0].
[13:12:39.272] [NocturneModernGameplay] ADDNEW-POC-END; invocation=96; unit=103; skillsAfter=[111,59,409,7,43,290,60,0,0,0,0,0,0,0,0,0,0,0,0,0,0,0,0,0]; sourcePreserved=True; targetAtEmptySlot=False; skillCntCurrent=7; pUpSkillIndexBeforeRestore=7.
[13:12:39.273] [NocturneModernGameplay] ADDNEW-POC-NO-COMMIT; invocation=96; unit=103; reason=target-not-written.
[13:12:39.300] [NocturneModernGameplay] ADDNEW-POC-BEGIN; invocation=97; unit=103; originalIndex=5; emptySlot=7; skillCnt=7; source=290:"一分の活泉"; target=291:"二分の活泉"; skillsBefore=[111,59,409,7,43,290,60,0,0,0,0,0,0,0,0,0,0,0,0,0,0,0,0,0].
[13:12:39.300] [NocturneModernGameplay] ADDNEW-POC-END; invocation=97; unit=103; skillsAfter=[111,59,409,7,43,290,60,0,0,0,0,0,0,0,0,0,0,0,0,0,0,0,0,0]; sourcePreserved=True; targetAtEmptySlot=False; skillCntCurrent=7; pUpSkillIndexBeforeRestore=7.
[13:12:39.300] [NocturneModernGameplay] ADDNEW-POC-NO-COMMIT; invocation=97; unit=103; reason=target-not-written.
[13:12:39.334] [NocturneModernGameplay] ADDNEW-POC-BEGIN; invocation=98; unit=103; originalIndex=5; emptySlot=7; skillCnt=7; source=290:"一分の活泉"; target=291:"二分の活泉"; skillsBefore=[111,59,409,7,43,290,60,0,0,0,0,0,0,0,0,0,0,0,0,0,0,0,0,0].
[13:12:39.334] [NocturneModernGameplay] ADDNEW-POC-END; invocation=98; unit=103; skillsAfter=[111,59,409,7,43,290,60,0,0,0,0,0,0,0,0,0,0,0,0,0,0,0,0,0]; sourcePreserved=True; targetAtEmptySlot=False; skillCntCurrent=7; pUpSkillIndexBeforeRestore=7.
[13:12:39.335] [NocturneModernGameplay] ADDNEW-POC-NO-COMMIT; invocation=98; unit=103; reason=target-not-written.
[13:12:39.369] [NocturneModernGameplay] ADDNEW-POC-BEGIN; invocation=99; unit=103; originalIndex=5; emptySlot=7; skillCnt=7; source=290:"一分の活泉"; target=291:"二分の活泉"; skillsBefore=[111,59,409,7,43,290,60,0,0,0,0,0,0,0,0,0,0,0,0,0,0,0,0,0].
[13:12:39.369] [NocturneModernGameplay] ADDNEW-POC-END; invocation=99; unit=103; skillsAfter=[111,59,409,7,43,290,60,0,0,0,0,0,0,0,0,0,0,0,0,0,0,0,0,0]; sourcePreserved=True; targetAtEmptySlot=False; skillCntCurrent=7; pUpSkillIndexBeforeRestore=7.
[13:12:39.369] [NocturneModernGameplay] ADDNEW-POC-NO-COMMIT; invocation=99; unit=103; reason=target-not-written.
[13:12:39.404] [NocturneModernGameplay] ADDNEW-POC-BEGIN; invocation=100; unit=103; originalIndex=5; emptySlot=7; skillCnt=7; source=290:"一分の活泉"; target=291:"二分の活泉"; skillsBefore=[111,59,409,7,43,290,60,0,0,0,0,0,0,0,0,0,0,0,0,0,0,0,0,0].
[13:12:39.404] [NocturneModernGameplay] ADDNEW-POC-END; invocation=100; unit=103; skillsAfter=[111,59,409,7,43,290,60,0,0,0,0,0,0,0,0,0,0,0,0,0,0,0,0,0]; sourcePreserved=True; targetAtEmptySlot=False; skillCntCurrent=7; pUpSkillIndexBeforeRestore=7.
[13:12:39.405] [NocturneModernGameplay] ADDNEW-POC-NO-COMMIT; invocation=100; unit=103; reason=target-not-written.
[13:12:39.439] [NocturneModernGameplay] ADDNEW-POC-BEGIN; invocation=101; unit=103; originalIndex=5; emptySlot=7; skillCnt=7; source=290:"一分の活泉"; target=291:"二分の活泉"; skillsBefore=[111,59,409,7,43,290,60,0,0,0,0,0,0,0,0,0,0,0,0,0,0,0,0,0].
[13:12:39.439] [NocturneModernGameplay] ADDNEW-POC-END; invocation=101; unit=103; skillsAfter=[111,59,409,7,43,290,60,0,0,0,0,0,0,0,0,0,0,0,0,0,0,0,0,0]; sourcePreserved=True; targetAtEmptySlot=False; skillCntCurrent=7; pUpSkillIndexBeforeRestore=7.
[13:12:39.439] [NocturneModernGameplay] ADDNEW-POC-NO-COMMIT; invocation=101; unit=103; reason=target-not-written.
[13:12:39.466] [NocturneModernGameplay] ADDNEW-POC-BEGIN; invocation=102; unit=103; originalIndex=5; emptySlot=7; skillCnt=7; source=290:"一分の活泉"; target=291:"二分の活泉"; skillsBefore=[111,59,409,7,43,290,60,0,0,0,0,0,0,0,0,0,0,0,0,0,0,0,0,0].
[13:12:39.467] [NocturneModernGameplay] ADDNEW-POC-END; invocation=102; unit=103; skillsAfter=[111,59,409,7,43,290,60,0,0,0,0,0,0,0,0,0,0,0,0,0,0,0,0,0]; sourcePreserved=True; targetAtEmptySlot=False; skillCntCurrent=7; pUpSkillIndexBeforeRestore=7.
[13:12:39.467] [NocturneModernGameplay] ADDNEW-POC-NO-COMMIT; invocation=102; unit=103; reason=target-not-written.
[13:12:39.501] [NocturneModernGameplay] ADDNEW-POC-BEGIN; invocation=103; unit=103; originalIndex=5; emptySlot=7; skillCnt=7; source=290:"一分の活泉"; target=291:"二分の活泉"; skillsBefore=[111,59,409,7,43,290,60,0,0,0,0,0,0,0,0,0,0,0,0,0,0,0,0,0].
[13:12:39.501] [NocturneModernGameplay] ADDNEW-POC-END; invocation=103; unit=103; skillsAfter=[111,59,409,7,43,290,60,0,0,0,0,0,0,0,0,0,0,0,0,0,0,0,0,0]; sourcePreserved=True; targetAtEmptySlot=False; skillCntCurrent=7; pUpSkillIndexBeforeRestore=7.
[13:12:39.502] [NocturneModernGameplay] ADDNEW-POC-NO-COMMIT; invocation=103; unit=103; reason=target-not-written.
[13:12:39.536] [NocturneModernGameplay] ADDNEW-POC-BEGIN; invocation=104; unit=103; originalIndex=5; emptySlot=7; skillCnt=7; source=290:"一分の活泉"; target=291:"二分の活泉"; skillsBefore=[111,59,409,7,43,290,60,0,0,0,0,0,0,0,0,0,0,0,0,0,0,0,0,0].
[13:12:39.536] [NocturneModernGameplay] ADDNEW-POC-END; invocation=104; unit=103; skillsAfter=[111,59,409,7,43,290,60,0,0,0,0,0,0,0,0,0,0,0,0,0,0,0,0,0]; sourcePreserved=True; targetAtEmptySlot=False; skillCntCurrent=7; pUpSkillIndexBeforeRestore=7.
[13:12:39.536] [NocturneModernGameplay] ADDNEW-POC-NO-COMMIT; invocation=104; unit=103; reason=target-not-written.
[13:12:39.570] [NocturneModernGameplay] ADDNEW-POC-BEGIN; invocation=105; unit=103; originalIndex=5; emptySlot=7; skillCnt=7; source=290:"一分の活泉"; target=291:"二分の活泉"; skillsBefore=[111,59,409,7,43,290,60,0,0,0,0,0,0,0,0,0,0,0,0,0,0,0,0,0].
[13:12:39.571] [NocturneModernGameplay] ADDNEW-POC-END; invocation=105; unit=103; skillsAfter=[111,59,409,7,43,290,60,0,0,0,0,0,0,0,0,0,0,0,0,0,0,0,0,0]; sourcePreserved=True; targetAtEmptySlot=False; skillCntCurrent=7; pUpSkillIndexBeforeRestore=7.
[13:12:39.571] [NocturneModernGameplay] ADDNEW-POC-NO-COMMIT; invocation=105; unit=103; reason=target-not-written.
[13:12:39.605] [NocturneModernGameplay] ADDNEW-POC-BEGIN; invocation=106; unit=103; originalIndex=5; emptySlot=7; skillCnt=7; source=290:"一分の活泉"; target=291:"二分の活泉"; skillsBefore=[111,59,409,7,43,290,60,0,0,0,0,0,0,0,0,0,0,0,0,0,0,0,0,0].
[13:12:39.605] [NocturneModernGameplay] ADDNEW-POC-END; invocation=106; unit=103; skillsAfter=[111,59,409,7,43,290,60,0,0,0,0,0,0,0,0,0,0,0,0,0,0,0,0,0]; sourcePreserved=True; targetAtEmptySlot=False; skillCntCurrent=7; pUpSkillIndexBeforeRestore=7.
[13:12:39.606] [NocturneModernGameplay] ADDNEW-POC-NO-COMMIT; invocation=106; unit=103; reason=target-not-written.
[13:12:39.633] [NocturneModernGameplay] ADDNEW-POC-BEGIN; invocation=107; unit=103; originalIndex=5; emptySlot=7; skillCnt=7; source=290:"一分の活泉"; target=291:"二分の活泉"; skillsBefore=[111,59,409,7,43,290,60,0,0,0,0,0,0,0,0,0,0,0,0,0,0,0,0,0].
[13:12:39.633] [NocturneModernGameplay] ADDNEW-POC-END; invocation=107; unit=103; skillsAfter=[111,59,409,7,43,290,60,0,0,0,0,0,0,0,0,0,0,0,0,0,0,0,0,0]; sourcePreserved=True; targetAtEmptySlot=False; skillCntCurrent=7; pUpSkillIndexBeforeRestore=7.
[13:12:39.633] [NocturneModernGameplay] ADDNEW-POC-NO-COMMIT; invocation=107; unit=103; reason=target-not-written.
[13:12:39.668] [NocturneModernGameplay] ADDNEW-POC-BEGIN; invocation=108; unit=103; originalIndex=5; emptySlot=7; skillCnt=7; source=290:"一分の活泉"; target=291:"二分の活泉"; skillsBefore=[111,59,409,7,43,290,60,0,0,0,0,0,0,0,0,0,0,0,0,0,0,0,0,0].
[13:12:39.668] [NocturneModernGameplay] ADDNEW-POC-END; invocation=108; unit=103; skillsAfter=[111,59,409,7,43,290,60,0,0,0,0,0,0,0,0,0,0,0,0,0,0,0,0,0]; sourcePreserved=True; targetAtEmptySlot=False; skillCntCurrent=7; pUpSkillIndexBeforeRestore=7.
[13:12:39.669] [NocturneModernGameplay] ADDNEW-POC-NO-COMMIT; invocation=108; unit=103; reason=target-not-written.
[13:12:39.702] [NocturneModernGameplay] ADDNEW-POC-BEGIN; invocation=109; unit=103; originalIndex=5; emptySlot=7; skillCnt=7; source=290:"一分の活泉"; target=291:"二分の活泉"; skillsBefore=[111,59,409,7,43,290,60,0,0,0,0,0,0,0,0,0,0,0,0,0,0,0,0,0].
[13:12:39.703] [NocturneModernGameplay] ADDNEW-POC-END; invocation=109; unit=103; skillsAfter=[111,59,409,7,43,290,60,0,0,0,0,0,0,0,0,0,0,0,0,0,0,0,0,0]; sourcePreserved=True; targetAtEmptySlot=False; skillCntCurrent=7; pUpSkillIndexBeforeRestore=7.
[13:12:39.703] [NocturneModernGameplay] ADDNEW-POC-NO-COMMIT; invocation=109; unit=103; reason=target-not-written.
[13:12:39.737] [NocturneModernGameplay] ADDNEW-POC-BEGIN; invocation=110; unit=103; originalIndex=5; emptySlot=7; skillCnt=7; source=290:"一分の活泉"; target=291:"二分の活泉"; skillsBefore=[111,59,409,7,43,290,60,0,0,0,0,0,0,0,0,0,0,0,0,0,0,0,0,0].
[13:12:39.737] [NocturneModernGameplay] ADDNEW-POC-END; invocation=110; unit=103; skillsAfter=[111,59,409,7,43,290,60,0,0,0,0,0,0,0,0,0,0,0,0,0,0,0,0,0]; sourcePreserved=True; targetAtEmptySlot=False; skillCntCurrent=7; pUpSkillIndexBeforeRestore=7.
[13:12:39.738] [NocturneModernGameplay] ADDNEW-POC-NO-COMMIT; invocation=110; unit=103; reason=target-not-written.
[13:12:39.772] [NocturneModernGameplay] ADDNEW-POC-BEGIN; invocation=111; unit=103; originalIndex=5; emptySlot=7; skillCnt=7; source=290:"一分の活泉"; target=291:"二分の活泉"; skillsBefore=[111,59,409,7,43,290,60,0,0,0,0,0,0,0,0,0,0,0,0,0,0,0,0,0].
[13:12:39.772] [NocturneModernGameplay] ADDNEW-POC-END; invocation=111; unit=103; skillsAfter=[111,59,409,7,43,290,60,0,0,0,0,0,0,0,0,0,0,0,0,0,0,0,0,0]; sourcePreserved=True; targetAtEmptySlot=False; skillCntCurrent=7; pUpSkillIndexBeforeRestore=7.
[13:12:39.772] [NocturneModernGameplay] ADDNEW-POC-NO-COMMIT; invocation=111; unit=103; reason=target-not-written.
[13:12:39.800] [NocturneModernGameplay] ADDNEW-POC-BEGIN; invocation=112; unit=103; originalIndex=5; emptySlot=7; skillCnt=7; source=290:"一分の活泉"; target=291:"二分の活泉"; skillsBefore=[111,59,409,7,43,290,60,0,0,0,0,0,0,0,0,0,0,0,0,0,0,0,0,0].
[13:12:39.800] [NocturneModernGameplay] ADDNEW-POC-END; invocation=112; unit=103; skillsAfter=[111,59,409,7,43,290,60,0,0,0,0,0,0,0,0,0,0,0,0,0,0,0,0,0]; sourcePreserved=True; targetAtEmptySlot=False; skillCntCurrent=7; pUpSkillIndexBeforeRestore=7.
[13:12:39.800] [NocturneModernGameplay] ADDNEW-POC-NO-COMMIT; invocation=112; unit=103; reason=target-not-written.
[13:12:39.834] [NocturneModernGameplay] ADDNEW-POC-BEGIN; invocation=113; unit=103; originalIndex=5; emptySlot=7; skillCnt=7; source=290:"一分の活泉"; target=291:"二分の活泉"; skillsBefore=[111,59,409,7,43,290,60,0,0,0,0,0,0,0,0,0,0,0,0,0,0,0,0,0].
[13:12:39.835] [NocturneModernGameplay] ADDNEW-POC-END; invocation=113; unit=103; skillsAfter=[111,59,409,7,43,290,60,0,0,0,0,0,0,0,0,0,0,0,0,0,0,0,0,0]; sourcePreserved=True; targetAtEmptySlot=False; skillCntCurrent=7; pUpSkillIndexBeforeRestore=7.
[13:12:39.835] [NocturneModernGameplay] ADDNEW-POC-NO-COMMIT; invocation=113; unit=103; reason=target-not-written.
[13:12:39.869] [NocturneModernGameplay] ADDNEW-POC-BEGIN; invocation=114; unit=103; originalIndex=5; emptySlot=7; skillCnt=7; source=290:"一分の活泉"; target=291:"二分の活泉"; skillsBefore=[111,59,409,7,43,290,60,0,0,0,0,0,0,0,0,0,0,0,0,0,0,0,0,0].
[13:12:39.870] [NocturneModernGameplay] ADDNEW-POC-END; invocation=114; unit=103; skillsAfter=[111,59,409,7,43,290,60,0,0,0,0,0,0,0,0,0,0,0,0,0,0,0,0,0]; sourcePreserved=True; targetAtEmptySlot=False; skillCntCurrent=7; pUpSkillIndexBeforeRestore=7.
[13:12:39.870] [NocturneModernGameplay] ADDNEW-POC-NO-COMMIT; invocation=114; unit=103; reason=target-not-written.
[13:12:39.904] [NocturneModernGameplay] ADDNEW-POC-BEGIN; invocation=115; unit=103; originalIndex=5; emptySlot=7; skillCnt=7; source=290:"一分の活泉"; target=291:"二分の活泉"; skillsBefore=[111,59,409,7,43,290,60,0,0,0,0,0,0,0,0,0,0,0,0,0,0,0,0,0].
[13:12:39.904] [NocturneModernGameplay] ADDNEW-POC-END; invocation=115; unit=103; skillsAfter=[111,59,409,7,43,290,60,0,0,0,0,0,0,0,0,0,0,0,0,0,0,0,0,0]; sourcePreserved=True; targetAtEmptySlot=False; skillCntCurrent=7; pUpSkillIndexBeforeRestore=7.
[13:12:39.905] [NocturneModernGameplay] ADDNEW-POC-NO-COMMIT; invocation=115; unit=103; reason=target-not-written.
[13:12:39.939] [NocturneModernGameplay] ADDNEW-POC-BEGIN; invocation=116; unit=103; originalIndex=5; emptySlot=7; skillCnt=7; source=290:"一分の活泉"; target=291:"二分の活泉"; skillsBefore=[111,59,409,7,43,290,60,0,0,0,0,0,0,0,0,0,0,0,0,0,0,0,0,0].
[13:12:39.939] [NocturneModernGameplay] ADDNEW-POC-END; invocation=116; unit=103; skillsAfter=[111,59,409,7,43,290,60,0,0,0,0,0,0,0,0,0,0,0,0,0,0,0,0,0]; sourcePreserved=True; targetAtEmptySlot=False; skillCntCurrent=7; pUpSkillIndexBeforeRestore=7.
[13:12:39.939] [NocturneModernGameplay] ADDNEW-POC-NO-COMMIT; invocation=116; unit=103; reason=target-not-written.
[13:12:39.966] [NocturneModernGameplay] ADDNEW-POC-BEGIN; invocation=117; unit=103; originalIndex=5; emptySlot=7; skillCnt=7; source=290:"一分の活泉"; target=291:"二分の活泉"; skillsBefore=[111,59,409,7,43,290,60,0,0,0,0,0,0,0,0,0,0,0,0,0,0,0,0,0].
[13:12:39.967] [NocturneModernGameplay] ADDNEW-POC-END; invocation=117; unit=103; skillsAfter=[111,59,409,7,43,290,60,0,0,0,0,0,0,0,0,0,0,0,0,0,0,0,0,0]; sourcePreserved=True; targetAtEmptySlot=False; skillCntCurrent=7; pUpSkillIndexBeforeRestore=7.
[13:12:39.967] [NocturneModernGameplay] ADDNEW-POC-NO-COMMIT; invocation=117; unit=103; reason=target-not-written.
[13:12:40.001] [NocturneModernGameplay] ADDNEW-POC-BEGIN; invocation=118; unit=103; originalIndex=5; emptySlot=7; skillCnt=7; source=290:"一分の活泉"; target=291:"二分の活泉"; skillsBefore=[111,59,409,7,43,290,60,0,0,0,0,0,0,0,0,0,0,0,0,0,0,0,0,0].
[13:12:40.001] [NocturneModernGameplay] ADDNEW-POC-END; invocation=118; unit=103; skillsAfter=[111,59,409,7,43,290,60,0,0,0,0,0,0,0,0,0,0,0,0,0,0,0,0,0]; sourcePreserved=True; targetAtEmptySlot=False; skillCntCurrent=7; pUpSkillIndexBeforeRestore=7.
[13:12:40.002] [NocturneModernGameplay] ADDNEW-POC-NO-COMMIT; invocation=118; unit=103; reason=target-not-written.
[13:12:40.036] [NocturneModernGameplay] ADDNEW-POC-BEGIN; invocation=119; unit=103; originalIndex=5; emptySlot=7; skillCnt=7; source=290:"一分の活泉"; target=291:"二分の活泉"; skillsBefore=[111,59,409,7,43,290,60,0,0,0,0,0,0,0,0,0,0,0,0,0,0,0,0,0].
[13:12:40.036] [NocturneModernGameplay] ADDNEW-POC-END; invocation=119; unit=103; skillsAfter=[111,59,409,7,43,290,60,0,0,0,0,0,0,0,0,0,0,0,0,0,0,0,0,0]; sourcePreserved=True; targetAtEmptySlot=False; skillCntCurrent=7; pUpSkillIndexBeforeRestore=7.
[13:12:40.036] [NocturneModernGameplay] ADDNEW-POC-NO-COMMIT; invocation=119; unit=103; reason=target-not-written.
[13:12:40.070] [NocturneModernGameplay] ADDNEW-POC-BEGIN; invocation=120; unit=103; originalIndex=5; emptySlot=7; skillCnt=7; source=290:"一分の活泉"; target=291:"二分の活泉"; skillsBefore=[111,59,409,7,43,290,60,0,0,0,0,0,0,0,0,0,0,0,0,0,0,0,0,0].
[13:12:40.071] [NocturneModernGameplay] ADDNEW-POC-END; invocation=120; unit=103; skillsAfter=[111,59,409,7,43,290,60,0,0,0,0,0,0,0,0,0,0,0,0,0,0,0,0,0]; sourcePreserved=True; targetAtEmptySlot=False; skillCntCurrent=7; pUpSkillIndexBeforeRestore=7.
[13:12:40.071] [NocturneModernGameplay] ADDNEW-POC-NO-COMMIT; invocation=120; unit=103; reason=target-not-written.
[13:12:40.105] [NocturneModernGameplay] ADDNEW-POC-BEGIN; invocation=121; unit=103; originalIndex=5; emptySlot=7; skillCnt=7; source=290:"一分の活泉"; target=291:"二分の活泉"; skillsBefore=[111,59,409,7,43,290,60,0,0,0,0,0,0,0,0,0,0,0,0,0,0,0,0,0].
[13:12:40.106] [NocturneModernGameplay] ADDNEW-POC-END; invocation=121; unit=103; skillsAfter=[111,59,409,7,43,290,60,0,0,0,0,0,0,0,0,0,0,0,0,0,0,0,0,0]; sourcePreserved=True; targetAtEmptySlot=False; skillCntCurrent=7; pUpSkillIndexBeforeRestore=7.
[13:12:40.106] [NocturneModernGameplay] ADDNEW-POC-NO-COMMIT; invocation=121; unit=103; reason=target-not-written.
[13:12:40.133] [NocturneModernGameplay] ADDNEW-POC-BEGIN; invocation=122; unit=103; originalIndex=5; emptySlot=7; skillCnt=7; source=290:"一分の活泉"; target=291:"二分の活泉"; skillsBefore=[111,59,409,7,43,290,60,0,0,0,0,0,0,0,0,0,0,0,0,0,0,0,0,0].
[13:12:40.133] [NocturneModernGameplay] ADDNEW-POC-END; invocation=122; unit=103; skillsAfter=[111,59,409,7,43,290,60,0,0,0,0,0,0,0,0,0,0,0,0,0,0,0,0,0]; sourcePreserved=True; targetAtEmptySlot=False; skillCntCurrent=7; pUpSkillIndexBeforeRestore=7.
[13:12:40.134] [NocturneModernGameplay] ADDNEW-POC-NO-COMMIT; invocation=122; unit=103; reason=target-not-written.
[13:12:40.168] [NocturneModernGameplay] ADDNEW-POC-BEGIN; invocation=123; unit=103; originalIndex=5; emptySlot=7; skillCnt=7; source=290:"一分の活泉"; target=291:"二分の活泉"; skillsBefore=[111,59,409,7,43,290,60,0,0,0,0,0,0,0,0,0,0,0,0,0,0,0,0,0].
[13:12:40.168] [NocturneModernGameplay] ADDNEW-POC-END; invocation=123; unit=103; skillsAfter=[111,59,409,7,43,290,60,0,0,0,0,0,0,0,0,0,0,0,0,0,0,0,0,0]; sourcePreserved=True; targetAtEmptySlot=False; skillCntCurrent=7; pUpSkillIndexBeforeRestore=7.
[13:12:40.168] [NocturneModernGameplay] ADDNEW-POC-NO-COMMIT; invocation=123; unit=103; reason=target-not-written.
[13:12:40.203] [NocturneModernGameplay] ADDNEW-POC-BEGIN; invocation=124; unit=103; originalIndex=5; emptySlot=7; skillCnt=7; source=290:"一分の活泉"; target=291:"二分の活泉"; skillsBefore=[111,59,409,7,43,290,60,0,0,0,0,0,0,0,0,0,0,0,0,0,0,0,0,0].
[13:12:40.203] [NocturneModernGameplay] ADDNEW-POC-END; invocation=124; unit=103; skillsAfter=[111,59,409,7,43,290,60,0,0,0,0,0,0,0,0,0,0,0,0,0,0,0,0,0]; sourcePreserved=True; targetAtEmptySlot=False; skillCntCurrent=7; pUpSkillIndexBeforeRestore=7.
[13:12:40.203] [NocturneModernGameplay] ADDNEW-POC-NO-COMMIT; invocation=124; unit=103; reason=target-not-written.
[13:12:40.237] [NocturneModernGameplay] ADDNEW-POC-BEGIN; invocation=125; unit=103; originalIndex=5; emptySlot=7; skillCnt=7; source=290:"一分の活泉"; target=291:"二分の活泉"; skillsBefore=[111,59,409,7,43,290,60,0,0,0,0,0,0,0,0,0,0,0,0,0,0,0,0,0].
[13:12:40.237] [NocturneModernGameplay] ADDNEW-POC-END; invocation=125; unit=103; skillsAfter=[111,59,409,7,43,290,60,0,0,0,0,0,0,0,0,0,0,0,0,0,0,0,0,0]; sourcePreserved=True; targetAtEmptySlot=False; skillCntCurrent=7; pUpSkillIndexBeforeRestore=7.
[13:12:40.238] [NocturneModernGameplay] ADDNEW-POC-NO-COMMIT; invocation=125; unit=103; reason=target-not-written.
[13:12:40.272] [NocturneModernGameplay] ADDNEW-POC-BEGIN; invocation=126; unit=103; originalIndex=5; emptySlot=7; skillCnt=7; source=290:"一分の活泉"; target=291:"二分の活泉"; skillsBefore=[111,59,409,7,43,290,60,0,0,0,0,0,0,0,0,0,0,0,0,0,0,0,0,0].
[13:12:40.272] [NocturneModernGameplay] ADDNEW-POC-END; invocation=126; unit=103; skillsAfter=[111,59,409,7,43,290,60,291,0,0,0,0,0,0,0,0,0,0,0,0,0,0,0,0]; sourcePreserved=True; targetAtEmptySlot=True; skillCntCurrent=7; pUpSkillIndexBeforeRestore=7.
[13:12:40.273] [NocturneModernGameplay] ADDNEW-LATCH-SET; unit=103; originalIndex=5; source=290:"一分の活泉"; target=291:"二分の活泉".
[13:12:40.273] [NocturneModernGameplay] ADDNEW-POC-COMMIT; invocation=126; unit=103; sourceSlot=5; targetSlot=7; source=290:"一分の活泉"; target=291:"二分の活泉"; skillCntBefore=7; skillCntAfter=8.
[13:12:40.273] [NocturneModernGameplay] FORGET-FLAG-CHANGE; frame=8934; seq=10; unit=103; from=0; to=1.
[13:12:40.273] [NocturneModernGameplay] FORGET-PUPSKILL-CHANGE; frame=8934; seq=10; unit=103; pUpResultBefore=1; pUpResultAfter=-1; pUpIndexBefore=5; pUpIndexAfter=5; pUpIdBefore=291; pUpIdAfter=291.
[13:12:40.274] [NocturneModernGameplay] FORGET-SKILLCNT-CHANGE; frame=8934; seq=10; flag=1; unit=103; skillCntBefore=7; skillCntAfter=8; skillsBefore=[111,59,409,7,43,290,60,0,0,0,0,0,0,0,0,0,0,0,0,0,0,0,0,0]; skillsAfter=[111,59,409,7,43,290,60,291,0,0,0,0,0,0,0,0,0,0,0,0,0,0,0,0].
[13:12:40.274] [NocturneModernGameplay] FORGET-TRACE; frame=8934; seq=10; flag=1; unit=103; skillCnt=8; pUpResult=-1; pUpIndex=5; pUpId=291.
[13:12:40.300] [NocturneModernGameplay] ADDNEW-LATCH-RESET; unit=103; pUpSkillResult=-1.
[13:12:40.622] [NocturneModernGameplay] FORGET-FLAG-CHANGE; frame=8958; seq=10; unit=103; from=1; to=0.
[13:12:40.622] [NocturneModernGameplay] FORGET-TRACE; frame=8958; seq=10; flag=0; unit=103; skillCnt=8; pUpResult=-1; pUpIndex=5; pUpId=291.
[13:12:41.004] [Nocturne_Modern_Gameplay] [NocturneModernGameplay] SKILLCUROBJ-CACHE-REFRESH; frame=9013; trackedCount=16; arrayLen=16.
[13:12:41.260] [NocturneModernGameplay] DEFAULTSKILL-CROSSCALL-DIFF; unit=103->103; frame=8674->9050; seq=8->16; refObjSame=True; refTableObj 0x16511F8B840->0x16511F8B840; refIndex 12->11; counterObjSame=True; counterObj 0x16537304BE0->0x16537304BE0; counter 0->0; tableBuiltFlag 0->0; stockPtr 0x1653730A160->0x1653730A160; stockFlagsOk=True/True; stockFlags 0x3->0x43; bit0x200 False->False; eventNums 0->0; eventOfs 6->6; rollbackMatchesBit200Theory=False.
[13:12:41.260] [NocturneModernGameplay] DEFAULTSKILL-EXTERNAL-STATE; frame=9050; counterOk=True/True; counter 0->5; counterObj 0x16537304BE0->0x16537304BE0; refOk=True/True; refIndex 11->11; refTableObj 0x16511F8B840->0x16511F8B840; tableBuiltFlag 0->1; obj2 0x1688A82BF00->0x1688A82BF00; gbwkPtr 0x1688A82BF00->0x1688A82BF00; obj2Plus0x60ReadOk=True; obj2Plus0x60=0x1653730A160; matchesGbwkPtr=False; stockFlagsOk=True/True; stockFlags 0x43->0x43; bit0x200 False->False.
[13:12:41.261] [NocturneModernGameplay] DEFAULTSKILL-ITERATOR-CALL; frame=9050; unit=103->103; stockPtr=0x1653730A160; eventParam 60->60; eventNums 0->1; eventOfs 6->6; defSkillResult 0->0; seqCurrent 16->16; seqLast 10->10; flag 0->0; levelUpCnt 0->0; pUpResult -1->-1; resultEventType=1.
[13:12:41.261] [NocturneModernGameplay] DEFAULTSKILL-EXTERNAL-STATE; frame=9050; counterOk=True/True; counter 5->0; counterObj 0x16537304BE0->0x16537304BE0; refOk=True/True; refIndex 11->12; refTableObj 0x16511F8B840->0x16511F8B840; tableBuiltFlag 1->0; obj2 0x1688A82BF00->0x1688A82BF00; gbwkPtr 0x1688A82BF00->0x1688A82BF00; obj2Plus0x60ReadOk=True; obj2Plus0x60=0x1653730A160; matchesGbwkPtr=False; stockFlagsOk=True/True; stockFlags 0x43->0x43; bit0x200 False->False.
[13:12:41.261] [NocturneModernGameplay] DEFAULTSKILL-ITERATOR-CALL; frame=9050; unit=103->103; stockPtr=0x1653730A160; eventParam 60->60; eventNums 1->0; eventOfs 6->6; defSkillResult 0->0; seqCurrent 16->16; seqLast 10->10; flag 0->0; levelUpCnt 0->0; pUpResult -1->-1; resultEventType=-1.
[13:12:41.261] [NocturneModernGameplay] FORGET-SEQ-CHANGE; frame=9050; unit=103; from=10; to=19.
[13:12:41.261] [NocturneModernGameplay] FORGET-TRACE; frame=9050; seq=19; flag=0; unit=103; skillCnt=8; pUpResult=-1; pUpIndex=5; pUpId=291.
[13:12:41.288] [NocturneModernGameplay] REFINDEX-FRAME-CHANGE; frame=9054; unit=103; refTableObjSame=True; refTableObj 0x16511F8B840->0x16511F8B840; refIndex 11->12; seqCurrent=19; seqLast=10; seqChange=0; eventNums=0; eventOfs=6; eventParam=60; defSkillResult=0; flag=0; pUpSkillResult=-1.
[13:12:47.941] [Nocturne_Modern_Gameplay] [NocturneModernGameplay] SkillMutationChanceControl mode set; mode=Native.
[13:12:47.942] [Nocturne_Modern_Gameplay] [NocturneModernGameplay] SkillPowerUpChanceControl mode set; mode=Native.
[13:12:47.942] [Nocturne_Modern_Gameplay] [NocturneModernGameplay] SharedOuterGate; mutationMode=Native powerUpMode=Native forcePass=False bytes=A8 03.
[13:12:48.218] [PreyEyes2] PreyEyes2: Hooks detached. Knowledge saved. Goodbye.
[13:12:48.228] Preferences Saved!
